date,finvader_compound,fear_greed_100,fear_greed_21d,expanding_z,historical_full_sample_z
2020-01-03,0.03661974023384909,51.83098701169245,,,-0.9177435484095098
2020-01-06,0.026042261604136602,51.30211308020684,,,-1.1901609606456187
2020-01-07,0.09229608893557424,54.614804446778706,,,0.5161715997123062
2020-01-08,0.05987878066378067,52.99393903318903,,,-0.3187191658672819
2020-01-09,0.03849235515873016,51.92461775793651,52.53329226596071,,-0.8695153335570703
2020-01-10,0.003997341269841269,50.199867063492064,52.144388065549265,,-1.7579163171585261
2020-01-13,0.08250848684210527,54.12542434210527,52.4273932479144,,0.26409704322870625
2020-01-14,0.07396390331890332,53.698195165945165,52.586243487668256,,0.044035777825863764
2020-01-15,0.046369086229086226,52.31845431145431,52.556489134755594,,-0.6666542576633615
2020-01-16,0.12513757235257233,56.256878617628615,52.926528083042896,,1.3619867735971911
2020-01-17,0.09958296676258215,54.9791483381291,53.11312992441437,,0.7038413148122807
2020-01-21,0.06670541317941318,53.33527065897066,53.13164165229406,,-0.14290282727676012
2020-01-22,0.05179088624338624,52.58954431216931,53.08994185689984,,-0.527018643046433
2020-01-23,0.07238277892799631,53.619138946399815,53.127741649006985,,0.003314748734453741
2020-01-24,0.06014476469344223,53.007238234672116,53.119708088051325,,-0.31186888674187274
2020-01-27,0.032284541847041846,51.614227092352095,53.02561552582013,,-1.0293943082367851
2020-01-28,0.03382775171409786,51.691387585704895,52.94713152934276,,-0.9896497478138766
2020-01-29,0.04860717460317461,52.43035873015873,52.91842192938809,,-0.6090134658859863
2020-01-30,0.017305251998001998,50.8652625999001,52.81036091204662,,-1.4151780588508083
2020-01-31,0.031071381585893777,51.55356907929469,52.74752132040902,,-1.06063861423248
2020-02-03,0.08536243598823091,54.26812179941155,52.81993086702819,,0.3375990060553764
2020-02-04,0.09476320075757574,54.73816003787879,52.95836767779896,,0.5797107702249207
2020-02-05,0.07739990706824039,53.869995353412016,53.08064778604684,,0.13252825156139494
2020-02-06,0.08559610188092331,54.27980509404616,53.06469543591671,,0.34361694852006086
2020-02-07,0.07217412552162553,53.60870627608128,53.09397006653063,,-0.002059010268764353
2020-02-10,0.06681382890365449,53.34069144518272,53.161402146875695,,-0.140110637183315
2020-02-11,0.04153982996080916,52.07699149804046,53.250789024711324,,-0.7910292190018404
2020-02-12,0.12159037892934951,56.07951894646747,53.343841148728565,,1.2706306681505761
2020-02-13,0.03935127385871704,51.96756369293585,53.26143012620433,,-0.8473943331029232
2020-02-14,0.10376932141819238,55.18846607090961,53.39809735284505,,0.811658682439045
2020-02-18,0.02970058911712833,51.48502945585641,53.170866440379704,,-1.0959426550276927
2020-02-19,0.10241242117604618,55.120621058802314,53.17760323660224,,0.7767124286513397
2020-02-20,0.08492379696514311,54.24618984825715,53.220980340853984,,0.32630208816421175
2020-02-21,0.06199910119047619,53.09995505952381,53.24528561453752,,-0.2641114232081769
2020-02-24,-0.013869026638938402,49.30654866805308,53.03992417271149,,-2.2180552483870177
2020-02-25,0.0205601636283613,51.02800818141806,52.94567512255654,,-1.3313495176227566
2020-02-26,0.06351903394691209,53.1759516973456,53.02004296088956,,-0.22496635255607678
2020-02-27,0.020253906659765356,51.012695332988265,52.987724282188765,,-1.3392370051597022
2020-02-28,-0.05928423680324843,47.03578815983758,52.730839969316335,,-3.3877001573701078
2020-03-02,0.07731730011308137,53.865865005654065,52.873725798161765,,0.13040075277412172
2020-03-03,0.012727544298519907,50.636377214926,52.83004999509659,,-1.5330745187843902
2020-03-04,0.17479640151515152,58.73982007575758,53.04298800825592,,2.6409238633063348
2020-03-05,0.03141610554174508,51.57080527708725,52.89216159107538,,-1.051760429621924
2020-03-06,-0.043496048433548436,47.82519757832257,52.60431407797587,,-2.981083649775531
2020-03-09,-0.03343695387088121,48.32815230645594,52.32090204047157,,-2.722016947196459
2020-03-10,0.10690221277486697,55.34511063874334,52.4035879625031,,0.8923446555408773
2020-03-11,0.06612607638888889,53.306303819444445,52.401950456515564,,-0.15782334234586812
2020-03-12,-0.02651298871231108,48.67435056438445,52.23991993586529,,-2.5436938574563133
2020-03-13,0.07943917944820204,53.97195897241011,52.13955993710064,,0.1850486417263321
2020-03-16,-0.03409795874641761,48.29510206267912,51.96468081185032,,-2.7390407809448214
2020-03-17,0.08962009826152684,54.48100491307635,51.93099218528683,,0.44725286396141
2020-03-18,0.041317838137472286,52.06589190687362,51.95865230200194,,-0.7967465019355172
2020-03-19,0.03270632675438597,51.635316337719296,51.7926854105218,,-1.0185314592534611
2020-03-20,0.0430322854541292,52.15161427270646,51.69294371644795,,-0.7525918108443085
2020-03-23,0.052530082761071496,52.626504138053576,51.67039843447318,,-0.5079810245807116
2020-03-24,0.23205993034743033,61.60299651737151,52.25594357015501,,4.115716002916784
2020-03-25,0.1258240911730546,56.29120455865273,52.50657196907095,,1.3796677056107838
2020-03-26,0.11142387304724262,55.571193652362126,52.62063110978602,,1.0087976433967276
2020-03-27,0.14947671089594167,57.47383554479708,52.92830445320549,,1.988828516336896
2020-03-30,0.07748494514062937,53.87424725703147,53.253945362595665,,0.13471836249735197
2020-03-31,0.0907003765227021,54.53501882613511,53.285809830237625,,0.47507486376934344
2020-04-01,0.014832983405483407,50.74164917027417,53.2908227804923,,-1.4788500392823891
2020-04-02,0.05050042887667888,52.52502144383394,52.99487998849594,,-0.5602536954389706
2020-04-03,0.024273253968253968,51.2136626984127,52.977873199035244,,-1.2357208241313664
2020-04-06,0.153697348377415,57.68486741887075,53.44738128668039,,2.0975288201559907
2020-04-07,0.15549034892897592,57.77451744644879,53.89720819810863,,2.143706608596239
2020-04-08,0.14320526811346548,57.16026340567327,53.98364404415291,,1.8273107980226324
2020-04-09,0.13392593296183722,56.69629664809186,54.14507227408849,,1.5883263899447613
2020-04-13,-0.035378996497605834,48.23105017511971,54.12396273174256,,-2.772033236082019
2020-04-14,0.18236596112559528,59.11829805627976,54.369026497641116,,2.8358738994190653
2020-04-15,-0.06238728677803677,46.88063566109816,54.30167095470868,,-3.467617581338864
2020-04-16,0.10784782526350462,55.392391263175234,54.345070304713396,,0.9166984090345748
2020-04-17,0.12828737169627222,56.414368584813616,54.552140622710546,,1.4431082030334512
2020-04-20,0.031262596572072095,51.56312982860361,54.54870316989551,,-1.0557139725915934
2020-04-21,-0.08269569087324406,45.8652154563378,54.24935084530652,,-3.990649873242633
2020-04-22,0.11142957911777765,55.571478955888885,54.389587741393925,,1.0089446002494566
2020-04-23,0.09455810962889767,54.727905481444886,54.06220245396884,,0.5744287558145923
2020-04-24,0.020093407238976502,51.004670361948826,53.81046273031627,,-1.3433705835300578
2020-04-27,0.08382716398680684,54.19135819934034,53.744756280172375,,0.29805888119691465
2020-04-28,0.06927712358784816,53.46385617939241,53.55380488181977,,-0.07666977505213995
2020-04-29,0.11590162998806024,55.79508149940301,53.645273179075566,,1.1241199239838373
2020-04-30,0.04728487591309401,52.364243795654694,53.54190293952887,,-0.6430685748552571
2020-05-01,0.003292059276442967,50.16460296382215,53.51442454874545,,-1.7760804848457667
2020-05-04,0.08202954201270847,54.10147710063542,53.58949386573599,,0.251762070444012
2020-05-05,0.12819175269778532,56.40958763488927,53.836918862711066,,1.4406455858975258
2020-05-06,0.05443691287626162,52.72184564381308,53.600584492470226,,-0.4588716154541522
2020-05-07,0.10331252456538172,55.16562622826908,53.4763515773188,,0.7998941191705639
2020-05-08,0.13085733833874458,56.54286691693723,53.446951744521854,,1.5092963454806325
2020-05-11,0.04665239907769977,52.332619953884986,53.239157616226294,,-0.6593576838980657
2020-05-12,-0.024557904968047824,48.77210475159761,53.264922119868096,,-2.4933417014310577
2020-05-13,0.027070533544738092,51.35352667723691,52.89517110181844,,-1.163678356336991
2020-05-14,0.03970020136626079,51.985010068313045,53.13823654978104,,-0.8384078882240737
2020-05-15,0.006432579560222103,50.3216289780111,52.89677167905895,,-1.6951980327291643
2020-05-18,0.1475325334830654,57.376626674153265,52.942593492837034,,1.9387572471540926
2020-05-19,0.05570856461914154,52.78542823095707,53.00079817866339,,-0.4261208920362143
2020-05-20,0.11363108254840397,55.6815541274202,53.46824287728636,,1.065643166003632
2020-05-21,0.027073755331088665,51.35368776655444,53.26739567779424,,-1.1635953809199628
2020-05-22,0.03642215811965812,51.82110790598291,53.12897674562938,,-0.9228321720916022
2020-05-26,0.1406662270021645,57.03331135010823,53.4160548879227,,1.7619191264045273
2020-05-27,0.11228557404401156,55.61427870220058,53.48381300710651,,1.030990300444666
2020-05-28,0.04737205681434405,52.3686028407172,53.43165808621722,,-0.6408232764862994
2020-05-29,0.0765534117063492,53.827670585317456,53.33797185221314,,0.11072720766152762
2020-06-01,0.09042439847034943,54.52121992351747,53.44068500115899,,0.4679671938332671
2020-06-02,0.11417960076960076,55.708980038480036,53.70470295709507,,1.0797699649898318
2020-06-03,0.15360506884478783,57.68025344223939,53.87512087812384,,2.095152209211105
2020-06-04,0.05605450595238095,52.80272529761905,53.703365528730025,,-0.41721135450976726
2020-06-05,0.18962618286034952,59.481309143017484,54.02524474297785,,3.0228571008491736
2020-06-08,0.08846631890882155,54.423315945441075,53.98989663427175,,0.4175378821062286
2020-06-09,0.14598101729153198,57.29905086457659,54.025905393683146,,1.898798761702493
2020-06-10,-0.0331539622790404,48.34230188604798,53.83589024759567,,-2.714728647230787
2020-06-11,0.09916200594379167,54.95810029718958,54.13046146405244,,0.6929996897972664
2020-06-12,0.077875,53.89375,54.251424479422106,,0.14476402074348274
2020-06-15,0.02943955660501115,51.47197783025056,54.226994372847706,,-1.1026654104167397
2020-06-16,0.041797312091503266,52.08986560457516,54.3111961169698,,-0.7843979018235023
2020-06-17,0.04655130952380953,52.32756547619047,54.07076463135251,,-0.6619611923180723
2020-06-18,0.04208103835978836,52.104051917989416,54.038318140258816,,-0.7770906806514802
2020-06-19,0.012321868919610854,50.616093445980546,53.797105726856934,,-1.543522475315343
2020-06-22,0.06860368675595238,53.43018433779761,53.895986515963756,,-0.09401378731364794
2020-06-23,0.056142243589743596,52.807112179487184,53.94293910041634,,-0.41495171769434286
2020-06-24,-0.016122245507018233,49.19388772464909,53.56963321348971,,-2.2760857180983614
2020-06-25,1.0637628384688296e-05,50.00053188141923,53.30231193630965,,-1.8605917776701828
2020-06-26,0.06751257097900888,53.37562854895045,53.3502655414636,,-0.12211490165387584
2020-06-29,0.05908302980621529,52.954151490310764,53.308669394082344,,-0.33921331168324964
2020-06-30,0.0852327306547619,54.2616365327381,53.2963082802357,,0.33425851324666506
2020-07-01,0.05468236461251167,52.73411823062558,53.15464819414739,,-0.4525501347725217
2020-07-02,0.11204586174242424,55.60229308712121,53.05569770104654,,1.0248166358913617
2020-07-06,0.036112873211932996,51.805643660596644,53.00821762309308,,-0.9307976426121061
2020-07-07,-0.002182275224775226,49.89088623876124,52.5515308181285,,-1.9170690976090778
2020-07-08,0.04362405145929339,52.18120257296467,52.444763514677234,,-0.737351187873603
2020-07-09,0.06718421018945213,53.35921050947261,52.257152069196096,,-0.13057166150206936
2020-07-10,0.05002150072150072,52.50107503607504,52.455188885864054,,-0.5725882387879074
2020-07-13,0.05629195767195768,52.814597883597884,52.35311734235969,,-0.41109591006004764
2020-07-14,0.07148436251920123,53.57421812596006,52.337901538833975,,-0.01982349448609388
2020-07-15,0.09622060833028864,54.81103041651443,52.49690404294178,,0.6172455375764195
2020-07-16,0.046085102707749764,52.30425513538749,52.50711306821855,,-0.6739681042527401
2020-07-17,0.020528608276643993,51.0264304138322,52.44515425572531,,-1.332162209149529
2020-07-20,0.0754662593803503,53.77331296901752,52.524642877202844,,0.08272816992080011
2020-07-21,0.10289666638464193,55.1448333192321,52.74029715688148,,0.7891839099212539
2020-07-22,0.08687225925925926,54.343612962962965,52.78379375807983,,0.3764837122151239
2020-07-23,0.035369259446693654,51.76846297233468,52.73433427202495,,-0.9499490249709032
2020-07-24,0.041257741147741146,52.06288705738705,52.870953287869604,,-0.7982942683739003
2020-07-27,0.02191538800705467,51.09576940035273,52.92310745543787,,-1.296446424818967
2020-07-28,0.0735996477304372,53.679982386521864,52.937600495322236,,0.034654566265320604
2020-07-29,0.06197831547944221,53.09891577397211,52.94449403263944,,-0.26464674828985135
2020-07-30,0.047204792268455066,52.360239613422756,52.85395132219586,,-0.6451310871040312
2020-07-31,0.02920362462933891,51.46018123146695,52.793287655569245,,-1.1087417146595901
2020-08-03,0.04796340357355063,52.398170178677525,52.640710374214784,,-0.6255934509752632
2020-08-04,0.07477173393273392,53.738586696636695,52.73275528069288,,0.0648410314263452
2020-08-05,0.06081871948779512,53.04093597438976,52.882757649056146,,-0.29451153462905333
2020-08-06,0.08419120634920635,54.209560317460316,52.97934611307975,,0.30743460123199057
2020-08-07,0.0702257953950811,53.51128976975406,52.98658798261696,,-0.05223723041321098
2020-08-10,0.09998170137670138,54.99908506883507,53.10554084131982,,0.7141105155878095
2020-08-11,0.07313054563492064,53.65652728174604,53.14563271742211,,0.022573087927355854
2020-08-12,0.03009236411736412,51.504618205868205,53.04708034027488,,-1.0858526954561127
2020-08-13,-0.010364354838709683,49.48178225806451,52.793306618443935,,-2.1277942650300496
2020-08-14,0.061837622549019616,53.09188112745098,52.830812618066005,,-0.26827022089304464
2020-08-17,0.0812261961961962,54.06130980980981,52.97533068454112,,0.23107232044534934
2020-08-18,0.06815116722470238,53.40755836123512,52.957913798456254,,-0.1056681904095912
2020-08-19,0.08866987762237763,54.43349388111888,52.92404049187944,,0.42278042996912685
2020-08-20,0.05247670533170534,52.623835266585274,52.84214631586145,,-0.5093557322675573
2020-08-21,0.08251627777777777,54.125813888888885,52.95440112141165,,0.2642976946891393
2020-08-24,0.062411801146384484,53.12059005731923,53.004767930932225,,-0.2534825523823159
2020-08-25,0.08201265873015873,54.10063293650793,53.14785667074914,,0.2513272503603899
2020-08-26,0.05418453081232494,52.70922654061625,53.10163020189649,,-0.4653715830890956
2020-08-27,0.02675149575327207,51.33757478766361,53.017756821596095,,-1.1718950072610141
2020-08-28,0.04790447403024326,52.39522370151216,53.019422730552726,,-0.6271111504435414
2020-08-31,0.060986934757236225,53.04934673786181,53.095097278476295,,-0.2901792386250706
2020-09-01,0.06907461597542243,53.453730798771126,53.14536206990932,,-0.08188525235692454
2020-09-02,0.06654680158730159,53.32734007936508,53.12577889765829,,-0.14698778561005382
2020-09-03,0.019487528735632184,50.97437643678161,53.027371300629326,,-1.3589746664867375
2020-09-04,0.034844992559523814,51.742249627976186,52.9098803154158,,-0.9634512435736169
2020-09-08,0.003059031524031525,50.15295157620157,52.749959449056156,,-1.782081992342347
2020-09-09,0.0678551452020202,53.39275726010101,52.67346764864025,,-0.11329208228468012
2020-09-10,0.0755164393939394,53.77582196969697,52.679148348066484,,0.08402052984195414
2020-09-11,-0.003175535714285714,49.84122321428571,52.59993906275304,,-1.942650000364936
2020-09-14,0.06803767397983036,53.40188369899151,52.78661055994003,,-0.10859114938277195
2020-09-15,0.012916912972085389,50.64584564860427,52.67013267999495,,-1.5281974279561117
2020-09-16,0.018879220779220777,50.943961038961035,52.52168750043073,,-1.37464131873246
2020-09-17,0.04089832555465368,52.04491627773269,52.45679978216871,,-0.8075508283929488
2020-09-18,0.01729388528138528,50.864694264069264,52.286856943261576,,-1.4154708026732956
2020-09-21,0.07007168817204301,53.503584408602144,52.32874975954809,,-0.05620618108440884
2020-09-22,0.12107327586206898,56.053663793103446,52.42055213593926,,1.2573129499703455
2020-09-23,0.06622888888888888,53.31144444444445,52.42964044008809,,-0.15517546035281302
2020-09-24,0.08867106261022926,54.433553130511456,52.44549378265968,,0.4228109487094953
2020-09-25,0.07522916666666667,53.76145833333334,52.495600058503356,,0.07662197147949137
2020-09-28,0.0691912894703336,53.45956447351667,52.596647186401114,,-0.07888038771263281
2020-09-29,0.09589526455026455,54.79476322751323,52.710910973353556,,0.6088664792257575
2020-09-30,0.03012594665138783,51.506297332569396,52.637432430244395,,-1.0849877949126692
2020-10-01,0.08448844017094018,54.224422008547016,52.67413201166229,,0.3150897023558423
2020-10-02,0.047554099511599515,52.377704975579974,52.62891129243443,,-0.6361348623340359
2020-10-05,0.06639282653061225,53.31964132653061,52.740590572898675,,-0.1509533324062835
2020-10-06,0.02492314814814815,51.24615740740741,52.716967133823964,,-1.2189831405196236
2020-10-07,0.03456437777777778,51.72821888888889,52.791979862999554,,-0.9706783300423801
2020-10-08,0.10491577928297756,55.24578896414888,52.88021946795421,,0.8411851032143381
2020-10-09,0.12249429453262785,56.124714726631396,52.9920715039987,,1.2939105402396824
2020-10-12,0.08489988999096142,54.24499449954807,53.20177489853501,,0.32568637658785704
2020-10-13,0.02117211946532999,51.0586059732665,53.090190244929055,,-1.3155889161272778
2020-10-14,0.09088691786361285,54.54434589318065,53.275833113718406,,0.4798791381285679
2020-10-15,0.09102491477272727,54.55124573863637,53.447608575607696,,0.4834331761175391
2020-10-16,0.14078309615384615,57.039154807692306,53.685429457986736,,1.7649290300862883
2020-10-19,0.1211390286065286,56.05695143032643,53.93267979923708,,1.2590063774042524
2020-10-20,0.141616,57.080799999999996,54.10302339882745,,1.7863800316296397
2020-10-21,0.07422684523809524,53.71134226190476,53.99148427829418,,0.05080770899228075
2020-10-22,0.08226091822358929,54.11304591117947,54.029655776710136,,0.25772104335501694
2020-10-23,0.15477236666666666,57.738618333333335,54.18703983398737,,2.125215352146875
2020-10-26,0.051557440984940986,52.577872049247055,54.130678582364204,,-0.5330309031918479
2020-10-27,0.02447499545940171,51.22374977297008,54.02421121567152,,-1.2305250778781223
2020-10-28,0.0153892967429396,50.769464837146984,53.83253033993978,,-1.4645224811669273
2020-10-29,0.07795139097744361,53.897569548872184,53.94640044547801,,0.14673143028614571
2020-10-30,0.09415622080176768,54.70781104008838,53.969418970789505,,0.5640783199379502
2020-11-02,0.038926641999141996,51.946332099957104,53.94887740528365,,-0.8583305038471927
2020-11-03,0.055160718253968254,52.75803591269841,53.92213429033926,,-0.4402303877230438
2020-11-04,0.06382344494047619,53.19117224702381,54.01475404460672,,-0.21712640713751455
2020-11-05,0.03162762483130904,51.58138124156545,54.00776177568655,,-1.0463128613007568
2020-11-06,0.039082945178071225,51.95414725890356,53.85101693257963,,-0.8543049974842163
2020-11-09,0.13304715731636785,56.652357865818395,53.87614279635045,,1.565693984278405
2020-11-10,0.04540833333333333,52.27041666666666,53.78211528049895,,-0.6913979443983248
2020-11-11,0.0691375960061444,53.45687980030722,53.89631879607231,,-0.08026323471052497
2020-11-12,0.04712200014271443,52.35610000713572,53.79211661102256,,-0.6472633548624783
2020-11-13,0.12344552116798743,56.172276058399376,53.86930853101128,,1.318408883136526
2020-11-16,0.07445451785714285,53.722725892857135,53.711383344590544,,0.056671297838842734
2020-11-17,0.03933541353383458,51.96677067669173,53.516612832512706,,-0.8478028074485517
2020-11-18,0.09344151041666666,54.67207552083333,53.40191166683811,,0.5456713289693684
2020-11-19,-0.007316316526610646,49.63418417366947,53.20776128168404,,-2.0492936375699173
2020-11-20,0.03148982568027211,51.574491284013604,53.086877728009476,,-1.0498618061342049
2020-11-23,0.05525784220165799,52.7628921100829,52.849938384045174,,-0.43772901141002574
2020-11-24,0.06138152841781874,53.06907642089094,52.87332906840917,,-0.28001668593517776
2020-11-25,0.12331366666666668,56.16568333333334,53.10865923795026,,1.3150130396374362
2020-11-27,0.08951777472527472,54.475888736263734,53.28515561409869,,0.44461757497312593
2020-11-30,-0.01192802197802198,49.4035989010989,53.071157011823765,,-2.1680656917662393
2020-12-01,0.13609138888888891,56.80456944444444,53.17100265012645,,1.6440965711580497
2020-12-02,0.03325772875816994,51.6628864379085,53.157505237647946,,-1.0043303899598106
2020-12-03,0.10304335304492167,55.152167652246085,53.271511510959726,,0.792961747892083
2020-12-04,0.07342191907554811,53.6710959537774,53.29436502080514,,0.030077258010674342
2020-12-07,0.06151177248677249,53.07558862433862,53.36551775331815,,-0.27666231827672666
2020-12-08,0.04252017518939394,52.1260087594697,53.37370163429748,,-0.7657809420146466
2020-12-09,0.07460129093970003,53.730064546985,53.23454480959113,,0.06045136157008538
2020-12-10,0.06607602040816327,53.30380102040816,53.28375358834073,,-0.15911250786570533
2020-12-11,0.012186698476961631,50.60933492384808,53.14815621327125,,-1.547003719143517
2020-12-14,0.06925505102040817,53.46275255102041,53.20085395345623,,-0.07723824244535434
2020-12-15,0.03792442857142857,51.89622142857143,52.997232304416805,,-0.8841419848289713
2020-12-16,0.05968498015873015,52.98424900793651,52.9620667384682,,-0.32371039619012704
2020-12-17,0.14593311904761905,57.296655952380945,53.21587079921532,,1.8975651675621306
2020-12-18,0.10567432291666666,55.28371614583333,53.24499654326293,,0.8607209965015427
2020-12-21,0.10589620058669401,55.2948100293347,53.51455015543746,,0.8664353394766292
2020-12-22,0.06876400537634408,53.438200268817205,53.603298202332866,,-0.0898848653626519
2020-12-23,0.10740373015873016,55.3701865079365,53.72745507842113,,0.9052609726223091
2020-12-24,0.18350045454545458,59.17502272727273,54.01821442634408,,2.865092182192887
2020-12-28,0.10796261055937527,55.39813052796876,53.9816642927553,,0.9196546441032958
2020-12-29,0.02324963477366255,51.16248173868313,53.82388300715621,,-1.2620835994077453
2020-12-30,0.13442016129032258,56.721008064516134,54.172331062557035,,1.6010549812294177
2020-12-31,0.10249900383141763,55.12495019157089,54.092349193372584,0.7992702133355704,0.778942319511585
2021-01-04,0.08123681481481482,54.06184074074074,54.20658511255507,0.34388208830390715,0.2313457973964127
2021-01-05,0.11110931286549708,55.55546564327485,54.22578977879454,0.979932903489034,1.0006963109617062
2021-01-06,0.07998013824884792,53.9990069124424,54.241404586350015,0.31244162866082015,0.1989807518025768
2021-01-07,0.02132807593307593,51.066403796653795,54.14572911836502,-0.942687404714797,-1.3115723391289118
2021-01-08,0.0720921626984127,53.60460813492064,54.216138612434115,0.14660823809475404,-0.004169919775730819
2021-01-11,0.10848944125922387,55.42447206296119,54.29682468462345,0.9259766675035266,0.9332228923563499
2021-01-12,0.08483563973063973,54.24178198653199,54.34149044491507,0.4162230701485564,0.3240316448445903
2021-01-13,0.04603885650690987,52.30194282534549,54.422090821176845,-0.41871673029074624,-0.6751591508905656
2021-01-14,0.030650894909688014,51.5325447454844,54.33017616377036,-0.7485382950401205,-1.0714680279540045
2021-01-15,0.025055277908366144,51.252763895418305,54.29953532885832,-0.8664835275670975,-1.2155802078720614
2021-01-19,0.06857800844236603,53.428900422118296,54.32070920572411,0.07381850029197834,-0.09467511880697041
2021-01-20,0.04614277353365589,52.3071386766828,54.083113144976586,-0.4109763897751664,-0.6724828223906976
2021-01-21,0.053765026041666664,52.68825130208333,53.959519580988484,-0.24520897402672276,-0.4761757083484411
2021-01-22,0.025344136904761904,51.2672068452381,53.76772895317437,-0.8597503659154911,-1.2081407959806254
2021-01-25,0.07953031913919414,53.9765159569597,53.79336303356211,0.3172140912212356,0.1873958966479604
2021-01-26,0.06673598865179046,53.33679943258952,53.696535077593204,0.03861394711965916,-0.14211537202825453
2021-01-27,0.02833289196310935,51.41664459815547,53.32708850001619,-0.7965465453249573,-1.1311669776156774
2021-01-28,0.08687168498168497,54.34358424908425,53.27687201054549,0.47998507122942846,0.3764689219975152
2021-01-29,0.016875682539682538,50.843784126984126,53.26169593379793,-1.0458235859682552,-1.4262413948600474
2021-02-01,0.1124315008974765,55.62157504487383,53.209341980481625,1.0383297573713357,1.0347485699896433
2021-02-02,0.0844509395575185,54.22254697787593,53.16637039887709,0.4260520502557811,0.3141238937332731
2021-02-03,0.04924032828282829,52.46201641414141,53.09018828808665,-0.3437329077520744,-0.5927069250744079
2021-02-04,0.035678105013266306,51.783905250663324,52.91059017415277,-0.6393435509149279,-0.9419948694512661
2021-02-05,0.054716898148148146,52.735844907407404,52.85043960248444,-0.2211873821931836,-0.45166074168152426
2021-02-08,0.06033286375661376,53.016643187830695,52.94330814492144,-0.09757445507614333,-0.3070244940631389
2021-02-09,0.07725857963875205,53.86292898193761,52.95560913763653,0.2745801276383328,0.12888843776768028
2021-02-10,0.04536308702791462,52.26815435139574,52.80530829422866,-0.42799026251462446,-0.6925632392542023
2021-02-11,0.05401783783783783,52.700891891891885,52.73193257543627,-0.2363768477909246,-0.469664673185275
2021-02-12,0.05685225490196079,52.84261274509804,52.757678762091146,-0.1733459521184482,-0.39666574888234085
2021-02-16,0.03649183213716108,51.82459160685805,52.7715857554899,-0.6230793636525936,-0.9210377543279139
2021-02-17,0.09155422641594517,54.57771132079726,52.92991658526984,0.5972239557296822,0.4970653197653479
2021-02-18,0.07623239455782313,53.811619727891156,52.94814131411617,0.2563903863915493,0.10245957943496514
2021-02-19,0.13753985294117646,56.87699264705882,53.1657534079436,1.6102386264068953,1.6814010028335553
2021-02-22,0.1015955376984127,55.07977688492064,53.2796355785549,0.8103769193848978,0.7556740232935407
2021-02-23,0.0933462852733686,54.66731426366843,53.441545455623015,0.625718618006624,0.5432188553671821
2021-02-24,0.10176793114543115,55.08839655727156,53.49449215087596,0.8105429598981461,0.7601139260687902
2021-02-25,0.05112987874779541,52.55649393738977,53.45733474634263,-0.31491923086265755,-0.5440425442729228
2021-02-26,0.03647036458333333,51.823518229166666,53.47670968115269,-0.6398621094475494,-0.921590639912986
2021-03-01,0.05367141581632654,52.683570790816326,53.397661421235185,-0.2558950225773143,-0.47858659058594827
2021-03-02,0.023563,51.17815,53.4135836056645,-0.9252943736922906,-1.2540130424222788
2021-03-03,0.010056286012837735,50.50281430064189,53.1698330940344,-1.2217532188804527,-1.6018713743559736
2021-03-04,0.0755352248289345,53.77676124144672,53.14860520182349,0.23913640336054715,0.08450433886376538
2021-03-05,0.044730409663865545,52.236520483193274,53.137867300349775,-0.4485417018575309,-0.7088575128073076
2021-03-08,0.09552793859649122,54.776396929824564,53.280366904119354,0.686789085618914,0.599406192017708
2021-03-09,0.003478639455782314,50.17393197278912,53.15837105008991,-1.3687929177450273,-1.7712752102231903
2021-03-10,0.09214076637251638,54.607038318625825,53.23410415155635,0.6131974242118805,0.5121713485965841
2021-03-11,0.07437898268398269,53.718949134199136,53.22724796833071,0.21506505728413783,0.05472592908647805
2021-03-12,0.07689466338259443,53.844733169129725,53.302323150127556,0.2710066700020622,0.11951596553269613
2021-03-15,0.09374278508771931,54.68713925438596,53.396906357865376,0.6479629378272406,0.5534305000472367
2021-03-16,0.08376693627450982,54.18834681372549,53.460988932561925,0.42281610540534864,0.29650774806743835
2021-03-17,0.07106848958333334,53.553424479166665,53.543314307433754,0.1366536296685637,-0.03053408374598818
2021-03-18,0.040604191176470586,52.03020955882353,53.42200469972073,-0.5492553775695442,-0.8151261049743891
2021-03-19,0.13747662545787545,56.873831272893774,53.5678242971018,1.6282606475642747,1.679772612175818
2021-03-22,0.049967777777777785,52.49838888888889,53.35931935623657,-0.3416329722481881,-0.5739718450157278
2021-03-23,0.07823775089605735,53.91188754480287,53.30370557813573,0.2953487749953969,0.1541064797405384
2021-03-24,0.07189748847501383,53.594874423750696,53.25263701433011,0.15190624333539393,-0.009183652256212801
2021-03-25,0.037412107843137254,51.87060539215687,53.099408863610364,-0.6267488192564774,-0.8973365363777662
2021-03-26,0.12365808054085832,56.18290402704291,53.27209505835576,1.3202020620852215,1.3238832382575374
2021-03-29,0.06496791771094403,53.248395885547204,53.33994637532627,-0.007070469388621311,-0.18765111142481178
2021-03-30,0.07866610334110334,53.93330516705517,53.39945753609953,0.3026867205718178,0.16513847221146827
2021-03-31,0.09006919191919192,54.50345959595959,53.55780561209762,0.5601862563609045,0.4588190354806843
2021-04-01,0.0482141452991453,52.41070726495727,53.64865765801739,-0.38961821161797644,-0.619135729393648
2021-04-05,0.11384060453831882,55.692030226915946,53.73986094303973,1.098896067853866,1.0710392949202965
2021-04-06,0.08469630423280423,54.23481521164021,53.83501783487054,0.4355400322831237,0.320443132205446
2021-04-07,0.08039454022988506,54.019727011494254,53.79898593399768,0.337030242799857,0.20965345739259764
2021-04-08,0.06994434676434677,53.49721733821734,53.95723761806568,0.09866967207444469,-0.05948579222516108
2021-04-09,0.05900610016420362,52.95030500821019,53.87834555566493,-0.15080789598585212,-0.341194594249226
2021-04-12,0.09179479138321996,54.589739569161,53.919811766853606,0.5976383145585404,0.5032609442760462
2021-04-13,0.13375498290598292,56.68774914529915,54.05519348000452,1.549740471204244,1.5839236609516154
2021-04-14,0.08872990300470139,54.43649515023507,54.04325804647353,0.5204511578583421,0.4243263521963011
2021-04-15,0.05374262648809524,52.68713132440476,53.97177159460111,-0.27901464996771114,-0.476752597097904
2021-04-16,0.06913700091575091,53.45685004578754,53.967172812059246,0.07334583680045526,-0.08027856095137564
2021-04-19,0.07189062514194867,53.59453125709743,54.04166432150086,0.13627752058771653,-0.009360413798204344
2021-04-20,0.040901599138708514,52.045079956935425,53.81172378264571,-0.5742572036624825,-0.8074665189532287
2021-04-21,0.05813499373433584,52.90674968671679,53.83116953492322,-0.17777861013751564,-0.3636294832917099
2021-04-22,0.12590948412698413,56.295474206349205,53.94467366166352,1.376565312639653,1.381866956334612
2021-04-23,0.07854301138965201,53.9271505694826,53.96049633526981,0.2870176138198749,0.1619683035866621
2021-04-26,0.0739959431667404,53.69979715833701,54.0476007050879,0.18203759628605937,0.044860947295992916
2021-04-27,0.05599093253968254,52.79954662698413,53.886488447942256,-0.23276362520863636,-0.41884865439762997
2021-04-28,0.09418390030666347,54.70919501533318,53.956050311265386,0.6477927955193448,0.5647911910634527
2021-04-29,0.128132610151753,56.40663050758765,54.07382770843361,1.4258717228425686,1.4391224006558232
2021-04-30,0.030896248822605964,51.5448124411303,53.93293974867983,-0.8158879928544094,-1.065149066660965
2021-05-03,0.08258504166666666,54.129252083333334,54.01477521622155,0.3768232620786975,0.2660686725679135
2021-05-04,0.13458125170068028,56.729062585034015,54.06415770946527,1.5706423934026283,1.6052037802260333
2021-05-05,0.13179266203703702,56.58963310185185,54.17629189471344,1.4990381037616662,1.5333851165773864
2021-05-06,0.08242494444444445,54.12124722222222,54.181126190462386,0.3618539105732577,0.26194545261061136
2021-05-07,0.01602335317460318,50.801167658730165,54.05274287239157,-1.1647936621092816,-1.4481926904509932
2021-05-10,0.0816085588972431,54.08042794486215,54.10655825032739,0.3457274225754854,0.24091987118983146
2021-05-11,0.05246066091954023,52.62303304597701,54.012905558747185,-0.32618794256232,-0.5097689476845697
2021-05-12,0.07473578231292517,53.73678911564625,53.87238365257325,0.18809309776808023,0.06391511632153883
2021-05-13,0.027903827160493822,51.3951913580247,53.72755966246799,-0.8929322113911251,-1.142217316482048
2021-05-14,0.033469702898550724,51.67348514492753,53.679290796778595,-0.7623809630110581,-0.9988711071945137
2021-05-17,0.050884666104196695,52.54423330520983,53.63583285675108,-0.3585664598571713,-0.5503578672487695
2021-05-18,0.09460939285714286,54.73046964285714,53.68992516083488,0.6537740264511612,0.5757495284503681
2021-05-19,0.023447331349206346,51.172366567460315,53.64836738038368,-0.9945175775045058,-1.256992027833562
2021-05-20,0.10878634408602152,55.43931720430108,53.768965833601996,0.9828161003931202,0.9408694688792849
2021-05-21,0.05289000744047619,52.644500372023806,53.595109936729344,-0.3137117781408282,-0.49871135331067096
2021-05-24,0.11566463450292398,55.7832317251462,53.683494753665705,1.141032147542882,1.1180162296127527
2021-05-25,0.05095607407407408,52.5478037037037,53.62863792249269,-0.361175258733252,-0.5485187924514547
2021-05-26,0.07587886735660174,53.79394336783009,53.67599014824726,0.21802674765766938,0.09335467185885678
2021-05-27,0.08403855555555556,54.20192777777778,53.65183456550653,0.4073478000907432,0.30350316013550027
2021-05-28,0.09188090476190476,54.594045238095234,53.56552098124499,0.5890471744586736,0.5054787491614473
2021-06-01,0.09922284781576447,54.96114239078822,53.728203359800126,0.7586738663833067,0.6945666402869471
2021-06-02,0.09278105742296917,54.639052871148465,53.75247958779131,0.607104329622693,0.5286617086482057
2021-06-03,0.09099229166666667,54.54961458333334,53.64869634961511,0.5642603924159438,0.48259298513788806
2021-06-04,0.11653327586206898,55.82666379310345,53.61236447776994,1.1578798140303737,1.1403876320521602
2021-06-07,0.037564163533834585,51.87820817669173,53.50555309464943,-0.6869684782089495,-0.8934204218455987
2021-06-08,0.08820374999999998,54.41018749999999,53.67741118232896,0.4969721058208464,0.41077555762618356
2021-06-09,0.04756433566433567,52.37821678321678,53.59635350796488,-0.45409779003822387,-0.6358712355911004
2021-06-10,0.0709256328320802,53.54628164160401,53.64031772680427,0.09352872120440804,-0.03421328441934181
2021-06-11,0.05642767857142857,52.82138392857143,53.59672700361022,-0.24651512399682585,-0.40760048950525096
2021-06-14,0.07765928780284044,53.88296439014202,53.715192386092006,0.2522707708478534,0.13920846628715955
2021-06-15,0.06278537634408603,53.1392688172043,53.78499160858138,-0.09773116792231511,-0.24386131917579923
2021-06-16,0.08474824489795918,54.23741224489795,53.86561917713795,0.41931330124706157,0.3217808367838852
2021-06-17,0.020420729166666665,51.021036458333334,53.68897950168444,-1.0954586474933363,-1.3349405790241617
2021-06-18,0.08822454545454546,54.41122727272727,53.84321096384001,0.5033462886913096,0.4113111336468851
2021-06-21,0.09452975749559082,54.72648787477954,53.809266710053265,0.650995444191605,0.5736985614972845
2021-06-22,-0.008856249999999996,49.5571875,53.66225181138547,-1.7823765516545684,-2.088953816193026
2021-06-23,0.10618869047619048,55.30943452380952,53.639690039893246,0.9263019177460847,0.8739682631147856
2021-06-24,0.08749863256113256,54.374931628056636,53.7266961315291,0.48498602827431864,0.39261562795455457
2021-06-25,0.1287678407224959,56.438392036124796,53.85262225859075,1.4525732653041217,1.4554824307076883
2021-06-28,0.07357274042950512,53.67863702147526,53.82770365114778,0.15207684249916836,0.033961582847743026
2021-06-29,0.12865213564213565,56.43260678210679,53.915254200862606,1.4453463567681126,1.452502507072036
2021-06-30,0.05827616883116883,52.913808441558444,53.817762108042146,-0.2120167768894214,-0.3599935927456015
2021-07-01,0.10978774147727273,55.48938707386364,53.858254212933346,1.0001868534587885,0.9666599332701432
2021-07-02,0.17728177083333332,58.86408854166667,54.06370535380635,2.5658012422105956,2.7049332460535847
2021-07-06,0.06114013020833334,53.05700651041667,53.93181691177366,-0.15263151484675205,-0.2862337701618197
2021-07-07,0.10651647619047619,55.32582380952381,54.095989084765655,0.9087206237586224,0.8824102122011086
2021-07-08,0.04180186026936027,52.09009301346801,53.9855083949308,-0.6073298187320962,-0.7842807658891693
2021-07-09,0.1298745929339478,56.49372964669739,54.18148519795369,1.4531666124874474,1.4839862532144428
2021-07-12,0.07600042087542089,53.80002104377104,54.193568026628306,0.19071456540974205,0.09648521895841349
2021-07-13,0.058182094684829065,52.90910473424145,54.197745207850694,-0.22695999398305236,-0.3624164230250437
2021-07-14,0.06667935496794872,53.333967748397434,54.17160251062476,-0.027347079259250943,-0.1435739428406062
2021-07-15,-0.005983380364491477,49.700830981775425,54.00786737560435,-1.727227448939882,-2.0149645660896467
2021-07-16,0.1532410989010989,57.66205494505494,54.170945599421344,1.9946980479393641,2.0857783542819197
2021-07-19,-0.009766513039805724,49.51167434800971,54.09907121321545,-1.8040845589666545,-2.1123971631794705
2021-07-20,0.12858541666666667,56.429270833333334,54.19516852562527,1.4136159220702558,1.4507841948654505
2021-07-21,0.04320067176870748,52.160033588435375,54.07295641675172,-0.5720372433937025,-0.7482551096625597
2021-07-22,0.07819632275132275,53.90981613756614,54.280224447112026,0.24257510148340608,0.15303951960973153
2021-07-23,0.15788098566308242,57.894049283154125,54.403301340414146,2.0860183400388173,2.2052762033456488
2021-07-26,0.11849327442002443,55.924663721001224,54.47709810674484,1.1681274577228626,1.1908663665253174
2021-07-27,0.04283633241758242,52.14181662087912,54.27249927744744,-0.5863700203775846,-0.7576384784864388
2021-07-28,0.04743147959183674,52.37157397959184,54.210258180214886,-0.47891205914792817,-0.6392928740303709
2021-07-29,0.0735646835839599,53.67823417919799,54.07909758007637,0.1284034926493024,0.03375408301804957
2021-07-30,0.0466252329004329,52.33126164502164,54.05135725643176,-0.4978164761807799,-0.6600573345398179
2021-08-02,0.06377280493426327,53.188640246713156,53.941797883710315,-0.0982108506396494,-0.2184306139273466
2021-08-03,0.12681866921768709,56.34093346088436,53.8216476417683,1.3674342714273908,1.4052825413075043
2021-08-04,0.01995137254901961,50.99756862745098,53.723579171150874,-1.119413583848017,-1.3470286124460535
2021-08-05,0.07148136554621848,53.57406827731093,53.64016224104551,0.08075070418949289,-0.01990067995278613
2021-08-06,0.002790666666666669,50.13953333333333,53.54727844675339,-1.514968722393564,-1.7889935884360584
2021-08-09,0.04343695887445887,52.17184794372295,53.34147455613555,-0.5676448549044755,-0.7421696592308492
2021-08-10,0.08731805683563747,54.365902841781875,53.36842130842177,0.4542480596991324,0.38796499489027325
2021-08-11,0.04258922222222223,52.129461111111105,53.33129542160604,-0.5881277180351159,-0.7640026719122816
2021-08-12,0.13865708158263307,56.93285407913166,53.50267096116481,1.6469958938518632,1.7101746402982327
2021-08-13,0.08344266917293233,54.17213345864662,53.715590126730106,0.36025495443093347,0.2881564190052484
2021-08-16,0.025082945445007866,51.25414727225039,53.41045166612037,-0.9982648867419727,-1.214867644982667
2021-08-17,-0.01033666426166426,49.48316678691679,53.40909416321119,-1.8146530493686277,-2.127081108747145
2021-08-18,0.05873264219576719,52.93663210978836,53.24277803351856,-0.20822293605314618,-0.3482373607462957
2021-08-19,0.010612545787545787,50.53062728937729,53.16518725737295,-1.3240776157139116,-1.5875451957209858
2021-08-20,0.037197283950617284,51.85986419753087,53.067570498323654,-0.7044330606520743,-0.9028692130141811
2021-08-23,0.07095436091686091,53.54771804584304,52.860602344165976,0.08114133404521348,-0.0334734076690881
2021-08-24,0.058296606458675425,52.91483032293377,52.717276944258,-0.213545606271676,-0.359467232372543
2021-08-25,0.07149997942386832,53.57499897119342,52.7855237228444,0.09436662348716027,-0.01942128930038425
2021-08-26,0.04249263888888889,52.124631944444445,52.77376457831357,-0.5822307621959047,-0.7664901249861984
2021-08-27,0.1332849898989899,56.664249494949495,52.915955783825545,1.5339208332082606,1.5718192376560218
2021-08-30,0.11988200340136054,55.99410017006803,53.090376665970616,1.2174929589253403,1.2266323527907197
2021-08-31,0.04000018601190476,52.00000930059524,53.03377519234594,-0.6445859137259341,-0.830681941073747
2021-09-01,0.08974990299823633,54.487495149911815,52.94551622515678,0.5158135722288281,0.4505959168484207
2021-09-02,0.13452187633547008,56.726093816773506,53.21830313893405,1.5553639139304698,1.6036745988485646
2021-09-03,0.06183616567460318,53.09180828373016,53.19533837733496,-0.1395778837634379,-0.2683077419292363
2021-09-07,0.07932201509872241,53.96610075493612,53.37755587360175,0.2683469819887652,0.18203113538016635
2021-09-08,0.033783526383526385,51.68917631917632,53.3545715105281,-0.7945382094613609,-0.9907887479982626
2021-09-09,0.05195325170068027,52.59766258503401,53.270369593540124,-0.3691604667562373,-0.5228370058849724
2021-09-10,0.05418502525252525,52.70925126262627,53.297978648374176,-0.31651032524472655,-0.46535884904116204
2021-09-13,0.06976062469937469,53.48803123496874,53.1339394653188,0.04841361309342514,-0.06421745761182235
2021-09-14,0.042614074074074075,52.13070370370371,53.036728524607234,-0.5875292738423363,-0.7633626255072904
2021-09-15,0.08083986394557822,54.04199319727891,53.169483092465725,0.30955351843161844,0.2211225360344331
2021-09-16,0.019047666666666668,50.95238333333333,53.239445785152235,-1.1396998000859981,-1.3703030832827634
2021-09-17,0.04926741702741703,52.46337085137085,53.216909534751395,-0.429100428003095,-0.5920092686706536
2021-09-20,0.038850118970177115,51.94250594850885,53.284141851852894,-0.6729527031494889,-0.8603013143075007
2021-09-21,0.015954449404761904,50.79772247023809,53.233563674362756,-1.2082882260989678,-1.4499672708903046
2021-09-22,0.007285905923344947,50.36429529616725,53.081972114854395,-1.4073067580468783,-1.673221059976713
2021-09-23,0.09321519841269842,54.660759920634916,53.16511161950683,0.6104358222349384,0.5398427820502725
2021-09-24,0.013541005952380957,50.677050297619054,53.02711406362234,-1.258925370316978,-1.5121242407024604
2021-09-27,0.1090356320861678,55.451781604308394,53.185549761711094,0.9823801785814286,0.9472897505247256
2021-09-28,0.04367047619047619,52.18352380952381,52.972181871928925,-0.5525225289209489,-0.7361555432804716
2021-09-29,0.06278501700680272,53.13925085034013,52.836236666227585,-0.10295870424554408,-0.24387057371899004
2021-09-30,0.036864332171893145,51.84321660859466,52.8287703475609,-0.7119071194572629,-0.9114442113795447
2021-10-01,0.09695194946177704,54.84759747308885,52.84591807723599,0.702151337306167,0.6360808446922624
2021-10-04,0.05056311344537815,52.52815567226891,52.64601626083101,-0.3905691160403627,-0.5586392872619369
2021-10-05,0.07201624195624196,53.6008120978121,52.67025453769206,0.11536399163712764,-0.006125218655663968
2021-10-06,0.05324865719406042,52.662432859703024,52.608175114109535,-0.3274374896765034,-0.48947451708619283
2021-10-07,0.061813253968253976,53.09066269841269,52.674912560739834,-0.12483199798647529,-0.2688978209047746
2021-10-08,0.07504837813620072,53.75241890681004,52.72990095701488,0.18816930323355455,0.0719658577348469
2021-10-11,0.12088207663548572,56.04410383177429,52.888703460307646,1.270305232432154,1.2523887142095633
2021-10-12,0.08447201388888889,54.22360069444444,52.92373057742554,0.40776454293690834,0.3146666520802736
2021-10-13,0.08621827160493828,54.31091358024691,53.02755009535616,0.44854557158525754,0.3596406033173132
2021-10-14,0.10469021949404762,55.234510974702374,53.084336656185855,0.8849108847627921,0.8353759291988732
2021-10-15,0.1301221188071188,56.506105940355944,53.34879963747265,1.4829648773682516,1.4903611522042022
2021-10-18,0.05500812740500241,52.750406370250126,53.36246799551453,-0.29629178997374805,-0.4441602849756255
2021-10-19,0.1171329480820106,55.856647404100535,53.54885568387603,1.173975627873589,1.1558318754361667
2021-10-20,0.0789537037037037,53.94768518518519,53.698853908397325,0.2685761917989,0.17254546864989395
2021-10-21,0.008455300595238096,50.422765029761905,53.701638181425636,-1.3998047321030687,-1.6431039137690175
2021-10-22,0.03469703781512606,51.7348518907563,53.562309227621896,-0.7763719908802149,-0.9672617403855551
2021-10-25,0.06467889660493827,53.23394483024691,53.68406611012798,-0.06526469693635671,-0.1950946983641946
2021-10-26,0.1335725918367347,56.67862959183674,53.74248744286743,1.5644455401292872,1.5792262746614638
2021-10-27,0.04135922789115646,52.06796139455783,53.73698447072618,-0.620407172659256,-0.7956805305460721
2021-10-28,0.05612384609834609,52.80619230491731,53.72112453999177,-0.2698825825260464,-0.4154255354323489
2021-10-29,0.09621871551650964,54.810935775825484,53.862444500336096,0.6810282061311798,0.6171967891506812
2021-11-01,0.1104207638888889,55.52103819444445,53.89451310611493,1.0161885747070936,0.9829630933422939
2021-11-02,0.04841653582153582,52.42082679107679,53.88940220701054,-0.45621732215557165,-0.6139232676812834
2021-11-03,0.09762205453149002,54.881102726574504,53.950368427427804,0.7125751832388431,0.6533390491668877
2021-11-04,0.07732148987900374,53.86607449395019,54.00768469572528,0.2293756403326772,0.13050865799713568
2021-11-05,0.16265722222222223,58.13286111111111,54.24778938204426,2.2467991990175507,2.328285669894081
2021-11-08,0.03712555659787367,51.856277829893685,54.15749694981015,-0.7282884889298143,-0.9047165133496399
2021-11-09,0.06681738970588236,53.34086948529412,54.02877150473966,-0.023932215814346763,-0.1400189305902415
2021-11-10,0.04237866239316239,52.11893311965812,53.92854923927364,-0.6033948972518354,-0.7694255298315796
2021-11-11,0.06634300932400933,53.31715046620047,53.88122718622381,-0.03389576466240226,-0.1522363484238675
2021-11-12,0.04799255952380953,52.39962797619048,53.74623275772325,-0.46981209577159433,-0.6248425547741061
2021-11-15,0.055410469265268436,52.770523463263416,53.5683478778617,-0.29286955136179854,-0.4337981814682743
2021-11-16,0.10730914426270316,55.36545721313516,53.692874108475266,0.9420508406523994,0.9028249624981861
2021-11-17,0.025650064327485383,51.282503216374266,53.47505771858354,-1.002082702803987,-1.2002617957247186
2021-11-18,0.08792275360335705,54.396137680167854,53.496412599297,0.4814871343574824,0.4035386428659809
2021-11-19,0.0834729223057644,54.17364611528822,53.67502598432206,0.37489549538109185,0.288935572567893
2021-11-22,0.13058417264752792,56.529208632376395,53.90332868630397,1.4945681098886303,1.5022611064300049
2021-11-23,0.12017637096774195,56.0088185483871,54.035465530024936,1.2430843415223771,1.2342136350118522
2021-11-24,0.0475562962962963,52.37781481481482,53.83066482635722,-0.48681229544994076,-0.6360782852967928
2021-11-26,-0.04022661111111111,47.98866944444444,53.63641282873279,-2.5599234089231917,-2.896881006969458
2021-11-29,0.013184658443408446,50.659232922170425,53.5341766676496,-1.289973980609794,-1.5213017838249216
2021-11-30,0.016827254265342498,50.841362713267124,53.345149378956336,-1.200616145097916,-1.427488639655959
2021-12-01,-0.027633518518518516,48.618324074074074,53.016448706557746,-2.2394451541904155,-2.572552514687065
2021-12-02,0.03793701006201007,51.8968505031005,52.99149745474936,-0.6920491834714686,-0.8838179551403983
2021-12-03,0.02782939880952381,51.391469940476185,52.82532446493515,-0.9287552995631692,-1.1441341796096518
2021-12-06,0.029491207659299766,51.47456038296498,52.71144284060252,-0.8879007835693682,-1.1013351646142098
2021-12-07,0.07999616557734206,53.9998082788671,52.51463080097185,0.3038752504962755,0.19939352723860043
2021-12-08,0.09523948879551822,54.761974439775905,52.652997306204334,0.6630350642310874,0.5919773187396844
2021-12-09,0.05366993265993267,52.68349663299663,52.62169383704732,-0.31929382647139726,-0.4786247885006802
2021-12-10,0.07494871212121212,53.74743560606061,52.699241574495055,0.18399794139385378,0.06939901181234011
2021-12-13,0.06077920914502165,53.038960457251086,52.68599443121175,-0.1514464022250098,-0.29552910277659683
2021-12-14,0.07871754385964913,53.93587719298245,52.75914915582089,0.27354518594132915,0.16646329577640978
2021-12-15,0.08739481338481338,54.36974066924067,52.83530235610552,0.4788666112070301,0.3899418195410874
2021-12-16,0.02838934375,51.419467187500004,52.647398069170514,-0.9207534747593338,-1.129713091463863
2021-12-17,0.012995330687830686,50.64976653439154,52.61726775098086,-1.282963989922279,-1.5261778208318957
2021-12-20,0.008180216145091708,50.40901080725458,52.42740456655642,-1.3931113872357617,-1.6501885694491334
2021-12-21,0.0886965510590201,54.434827552951006,52.439841777873696,0.5156532349012157,0.4234673903346341
2021-12-22,0.10420545977011493,55.21027298850575,52.377035318641774,0.8821362652719085,0.8228911968564199
2021-12-23,0.07472469427244581,53.73623471362229,52.268817040795824,0.1821466718166264,0.06362954965675188
2021-12-27,0.1108128787878788,55.54064393939394,52.419427951490064,1.0374634346103566,0.9930618068279402
2021-12-28,0.12739566051136364,56.36978302556819,52.818528598210236,1.4271019537299807,1.4201426493359548
2021-12-29,0.1031978448275862,55.15989224137932,53.03284570864875,0.8513260912453089,0.7969406026946847
2021-12-30,0.11241839446589448,55.620919723294726,53.26044366150721,1.06794629034545,1.0344110207210298
2021-12-31,0.12411474654377881,56.20573732718894,53.621749054512684,1.3418377211923762,1.3356444315557587
2022-01-03,0.09113625216888376,54.55681260844418,53.74841391667191,0.5589249233231149,0.4863006123381908
2022-01-04,0.10253117329339143,55.12655866466957,53.926275284490636,0.827992791937442,0.7797708271257953
2022-01-05,0.07092878713606654,53.54643935680332,54.024936188006755,0.07762396039947576,-0.034132046975202765
2022-01-06,0.06624514285714286,53.31225714285714,53.992195657720565,-0.03364958093116917,-0.15475684792869002
2022-01-07,0.0853347619047619,54.2667380952381,53.96861297464733,0.4199767765259326,0.3368862745558782
2022-01-10,0.1472539518002323,57.362697590011614,54.19143206783853,1.885643618451271,1.9315825220810894
2022-01-11,0.10955304453262786,55.47765222663139,54.27382333548475,0.9884200527942484,0.9606154366033947
2022-01-12,0.12644320265151515,56.32216013257576,54.43016617716688,1.3855589245690214,1.395612596898406
2022-01-13,0.12100442063492065,56.05022103174603,54.530849217108006,1.2533613676971735,1.2555396197226243
2022-01-14,0.11182536949822663,55.59126847491134,54.58901720785422,1.0336101564148998,1.0191379738316078
2022-01-18,0.1360802122959369,56.80401061479684,54.8454240377255,1.6031412609587403,1.64380872387079
2022-01-19,0.11947561063423581,55.97378053171179,55.09894851378838,1.207138609773736,1.2161659203026751
2022-01-20,0.12327499919833253,56.16374995991663,55.37298371153419,1.2936897940564376,1.31401717927883
2022-01-21,0.112835784762252,55.64178923811261,55.430458077494265,1.0446968845785896,1.0451606888041978
2022-01-24,0.062006974697878955,53.10034873489394,55.32998549398893,-0.15709159955066662,-0.2639086451561528
2022-01-25,0.0818763004915741,54.0938150245787,55.347013127843994,0.3128689206498919,0.24781541547112612
2022-01-26,0.08747157473946499,54.37357873697325,55.291438594395395,0.44490804841618875,0.39191876795440683
2022-01-27,0.1584311295769448,57.921556478847236,55.365332568361076,2.1160184324745055,2.219444871193468
2022-01-28,0.07204753119942073,53.602376559971034,55.29116515496067,0.07483427387335496,-0.005319380614676916
2022-01-31,0.08970066109422493,54.48503305471125,55.23707531359956,0.4917655129643327,0.4493277174472281
2022-02-01,0.06180516552300166,53.09025827615008,55.08871916831198,-0.16830495638790646,-0.26910613456833893
2022-02-02,0.1212645651423045,56.06322825711523,55.16045324682014,1.2373079133213047,1.262239505015696
2022-02-03,0.11206639904023626,55.60331995201181,55.183156165265004,1.0175423147354357,1.0253455632208426
2022-02-04,0.09272115914786967,54.63605795739348,55.2350427652931,0.5588056303950687,0.527119060000898
2022-02-07,0.09342948051948051,54.67147402597402,55.29976737877486,0.5748640829138115,0.5453615052792758
2022-02-08,0.10238648500309215,55.11932425015461,55.34036671948518,0.7860123797903605,0.7760444561252975
2022-02-09,0.08455879478245332,54.22793973912267,55.19109253610951,0.3628193456390221,0.3169016484611667
2022-02-10,0.08211864791810444,54.10593239590522,55.12577254417017,0.30458787442822055,0.2540569462847201
2022-02-11,0.05717100340136055,52.85855017006803,54.9608387364317,-0.2877767430946984,-0.3884565485236914
2022-02-14,0.07642043888210555,53.821021944105276,54.85468639892501,0.16974459672478445,0.10730256234232868
2022-02-15,0.09763892976702876,54.88194648835144,54.82090916146977,0.6737901452406191,0.6537736620039594
2022-02-16,0.09996531805884748,54.99826590294238,54.73492131804813,0.7281413641271204,0.7136885718326073
2022-02-17,0.04601476589604249,52.30073829480213,54.56001454486196,-0.5563272003870343,-0.6757795919334058
2022-02-18,0.0511770643939394,52.558853219696964,54.38835279532768,-0.43279989543420205,-0.5428273027142103
2022-02-22,0.0462047895902547,52.31023947951273,54.22970756872769,-0.5507433768661542,-0.6708856313920559
2022-02-23,0.042503701550387595,52.125185077519376,54.1832712040908,-0.6382545605609221,-0.7662052119437432
2022-02-24,0.049112214912280704,52.45561074561403,54.10526147652106,-0.4798786012881927,-0.5960064177133605
2022-02-25,0.06166328891941392,53.083164445970695,54.04381317694951,-0.1797384528002407,-0.2727600920528426
2022-02-28,0.04333464813676353,52.16673240683818,53.769773935425256,-0.6173968228367772,-0.7448046185990179
2022-03-01,0.05926906590604419,52.96345329530221,53.73934901806009,-0.23577885608767807,-0.3344220495429956
2022-03-02,0.11849737874779542,55.924868937389775,53.80791263152096,1.1804797889189176,1.1909720713335699
2022-03-03,0.0464789964309195,52.32394982154598,53.771421752730305,-0.5435018814581462,-0.6638235780836649
2022-03-04,0.07217063208616781,53.60853160430838,53.654531435929975,0.07206849675172512,-0.002148981866020896
2022-03-07,0.08912212497819641,54.45610624890982,53.59990221197273,0.478103466377043,0.43442782332965013
2022-03-08,0.05684781233386497,52.842390616693244,53.5144894814632,-0.29622908437147855,-0.3967801648926894
2022-03-09,0.02110059807256236,51.05502990362811,53.34227785658959,-1.1524766353852156,-1.3174309120716237
2022-03-10,0.038260921922280616,51.91304609611404,53.18959794449241,-0.7393480976018139,-0.8754757751316709
2022-03-11,0.0661148642439432,53.305743212197164,53.14568382416263,-0.07012221658658178,-0.15811210525606842
2022-03-14,0.11296111387966039,55.648055693983025,53.21911826692824,1.054309112227992,1.0483884744644127
2022-03-15,0.0906602096751487,54.53301048375744,53.29885447234202,0.5175312662905722,0.4740403876856528
2022-03-16,0.06736677087198516,53.36833854359926,53.277298119936965,-0.042850099470736064,-0.12586990691076433
2022-03-17,0.04870050558102029,52.43502527905102,53.160778062351234,-0.4917998948125094,-0.6066097755211776
2022-03-18,0.08354264093629947,54.17713204681497,53.12167645015469,0.3474519743620486,0.29073113931681765
2022-03-21,0.08807300414862916,54.403650207431454,53.22181511266085,0.45621382914231534,0.4074082668248597
2022-03-22,0.11134170313170313,55.56708515658516,53.365064252512674,1.0159181961078845,1.006681400335549
2022-03-23,0.07590932551319649,53.79546627565982,53.435789338043485,0.1606885100287427,0.09413910570093338
2022-03-24,0.06644166135666135,53.32208306783307,53.49278448043937,-0.06793130703729999,-0.14969561708441406
2022-03-25,0.09745321078431372,54.87266053921569,53.6078820896585,0.6808960631447759,0.6489905670485856
2022-03-28,0.08264740333740334,54.13237016687017,53.65784426684419,0.3224731493820323,0.2676747646773394
2022-03-29,0.07749784707540522,53.874892353770264,53.739185216698104,0.19763988035994998,0.13505064505801898
2022-03-30,0.11224811618165785,55.61240580908289,53.86532581259241,1.0376188277616705,1.0300255928534197
2022-03-31,0.0913289534883721,54.566447674418605,53.800639085784255,0.5302472260805101,0.491263533713618
2022-04-01,0.08853062865705723,54.42653143285286,53.90076201965602,0.46191959229150015,0.41919414592951076
2022-04-04,0.06793064539066106,53.39653226953305,53.89066681323815,-0.037751048073761714,-0.11134761454025084
2022-04-05,0.02998013777888778,51.499006888944386,53.749852558001706,-0.9575300127723297,-1.088743025919801
2022-04-06,0.11311754826254826,55.655877413127406,53.88382811973665,1.0591213409597782,1.052417359916499
2022-04-07,0.06968920436507937,53.48446021825397,53.99951527757598,0.004764675591894148,-0.06605685084823258
2022-04-08,0.12665508843537415,56.332754421768705,54.209977578797634,1.3854448702866837,1.4010696040878434
2022-04-11,0.0976412256473102,54.88206128236551,54.28504034404374,0.6801299929773335,0.6538327911959889
2022-04-12,0.11902669243454958,55.951334621727476,54.29948219774586,1.1970592555516357,1.2046042676115791
2022-04-13,0.1148998976608187,55.74499488304093,54.35719574056888,1.0947540858266671,1.0983208334922847
2022-04-14,0.08022070357142858,54.01103517857143,54.38780034223423,0.25259552462774376,0.20517638546399575
2022-04-18,0.11819214848836801,55.9096074244184,54.55325663487077,1.1727777637096846,1.1831110261525528
2022-04-19,0.07804949016563147,53.90247450828157,54.54017770446442,0.19756159156377778,0.14925792340649116
2022-04-20,0.09182673076923077,54.59133653846154,54.54911514879919,0.5318910015820943,0.5040835264045553
2022-04-21,0.09528096926343638,54.76404846317182,54.5108753062557,0.615182486325478,0.5930456264266311
2022-04-22,0.07366737193362194,53.683368596681106,54.50553732154243,0.08907906465528016,0.03639876758429485
2022-04-25,0.10198224749009856,55.099112374504934,54.590157764717276,0.7777153237002946,0.7656335310765683
2022-04-26,0.06254113323713323,53.12705666185666,54.50703377055732,-0.18317841921161945,-0.2501516722440297
2022-04-27,0.09857728664192951,54.928864332096474,54.54496206413952,0.6947563214991509,0.6779405509727879
2022-04-28,0.14815343934474615,57.407671967237306,54.713189664780806,1.896806396932334,1.9547483518400608
2022-04-29,0.07847622757335257,53.92381137866763,54.63278040618961,0.20044934564970285,0.16024832143851317
2022-05-02,0.046117770959199535,52.30588854795998,54.525134733501105,-0.5872387290434217,-0.6731267505772788
2022-05-03,0.08545589232089232,54.27279461604462,54.517813932700705,0.3713475281256636,0.3400059248676886
2022-05-04,0.04357536290908431,52.178768145454214,54.459825164887434,-0.6495399853005526,-0.7386051359379603
2022-05-05,0.13003876707272058,56.50193835363603,54.69805999653941,1.4568924586255547,1.488214472018397
2022-05-06,0.054261975623582766,52.713098781179134,54.557927680732355,-0.39043301780131273,-0.4633770326094877
2022-05-09,0.05333562507952752,52.66678125397638,54.51899058719533,-0.41262900521324347,-0.4872347048269597
2022-05-10,0.11405824372056517,55.70291218602825,54.488998099779124,1.068175231359291,1.0766444778664588
2022-05-11,0.04055329517704517,52.027664758852254,54.353074455802286,-0.7255338884116785,-0.816436904735092
2022-05-12,0.019591463918900896,50.97957319594505,54.11632391171741,-1.2348972655415211,-1.3562978703751543
2022-05-13,0.06472774768360295,53.23638738418015,53.99686641177167,-0.1328202785160356,-0.19383656446474137
2022-05-16,0.014161414453601955,50.7080707226801,53.839582390062546,-1.3650870316465717,-1.496145945274179
2022-05-17,0.0673111894118953,53.36555947059477,53.71843724940428,-0.06729794565717424,-0.12730137825247284
2022-05-18,0.0051387219330630025,50.25693609665315,53.54484018218388,-1.5819516399849147,-1.7285206570455596
2022-05-19,0.06579660114660114,53.28983005733006,53.48286368308238,-0.10144729485508859,-0.16630880433940687
2022-05-20,0.057866166978868844,52.89330834894345,53.39378082050008,-0.29489127379528285,-0.3705529753286877
2022-05-23,0.12110435872894798,56.0552179364474,53.50672602715562,1.2482943542946738,1.25811347289802
2022-05-24,0.1369774715099715,56.84887357549857,53.5900479891077,1.6311510847723714,1.6669171641474487
2022-05-25,0.01808392316017316,50.904196158008666,53.48419748892446,-1.2670543388783024,-1.395123791628207
2022-05-26,0.045190341842979535,52.259517092148975,53.35708571559363,-0.6053200505344672,-0.6970122008549483
2022-05-27,0.05074061904761905,52.537030952380945,53.125150429171896,-0.4694203462459092,-0.5540677236112197
2022-05-31,0.10596040740267484,55.29802037013374,53.19058895257504,0.8775300786959493,0.8680889523336948
2022-06-01,0.09697635124135125,54.848817562067566,53.31168081038969,0.6573611191248212,0.6367092997218892
2022-06-02,0.012062851473922906,50.60314257369615,53.13693547503976,-1.4137320364982242,-1.550193333725789
2022-06-03,0.054387612781954885,52.71938063909774,53.16267892711802,-0.38015957573044534,-0.46014131351587456
2022-06-06,0.07134723137973138,53.56736156898657,53.022937175468044,0.034115238816404395,-0.02335523503212613
2022-06-07,0.07180268990929706,53.59013449546486,53.06470078091023,0.04521365469495794,-0.011625139576612962
2022-06-08,0.07236323587768441,53.61816179388422,53.11000461614393,0.05888136361191735,0.0028114277276671375
2022-06-09,0.08165761324041812,54.082880662020905,53.03286025785786,0.28623677463619757,0.2421832400600987
2022-06-10,0.04279480339105339,52.139740169552674,53.03819718217694,-0.6653965285093641,-0.7587080367749246
2022-06-13,0.08944852044252044,54.47242602212602,53.204523507233176,0.47799270961985085,0.4428339672576558
2022-06-14,0.08825100108225109,54.41255005411255,53.26053125342043,0.4481769274812355,0.41199248445750425
2022-06-15,0.08097430471380472,54.04871523569024,53.419609563563775,0.26930371951503157,0.22458498748069966
2022-06-16,0.06344740564373898,53.172370282186954,53.4104100784015,-0.16116382172005517,-0.2268111019218128
2022-06-17,0.09625416666666667,54.81270833333334,53.62735161348151,0.6447321393231753,0.618109814922198
2022-06-21,0.07234910998600123,53.61745549930006,53.64295282500389,0.05664583878728756,0.0024476227990455823
2022-06-22,0.07042869074015415,53.52143453700771,53.67286359586409,0.009359897450211504,-0.047011767257532686
2022-06-23,0.03924689770723104,51.96234488536155,53.477964879145716,-0.7579580514087393,-0.8500824861195675
2022-06-24,0.063731207010582,53.1865603505291,53.30356901129002,-0.15436504991990932,-0.21950194662583858
2022-06-27,0.09516845763305323,54.758422881652656,53.487103617177844,0.6203907252313995,0.5901479484195709
2022-06-28,0.08511849391776294,54.25592469588815,53.58217064592732,0.3720337529417373,0.3313164060238556
2022-06-29,0.07376160277044892,53.688080138522444,53.63698251193405,0.09149510080471353,0.038825633345014356
2022-06-30,0.0857643672384526,54.28821836192264,53.58889670201924,0.38779022906929794,0.3479505345164838
2022-07-01,0.11009034455128205,55.5045172275641,53.62012049561432,0.9878634403322358,0.9744533166691629
2022-07-05,0.10215013782183424,55.10750689109172,53.834614034537914,0.7904623068831564,0.769957458480441
2022-07-06,0.03608741071428572,51.804370535714284,53.79104212485298,-0.8427685638629656,-0.9314534158791522
2022-07-07,0.04659839624467673,52.32991981223384,53.73211632691238,-0.5820528245173229,-0.6607484985279533
2022-07-08,0.10155846491228071,55.07792324561404,53.802963410252815,0.7776827980225203,0.7547192331383417
2022-07-11,0.05422191829909222,52.71109591495461,53.75976979697045,-0.3943006555174825,-0.4644086879841568
2022-07-12,0.06099738465481887,53.049869232740946,53.71057877652855,-0.22619937418501743,-0.28991010699576003
2022-07-13,0.07235819887784174,53.61790994389209,53.78096781340186,0.0555189987534384,0.0026817024395713023
2022-07-14,0.024678762802238415,51.233938140111924,53.62675410473453,-1.125909055498915,-1.2252771568775616
2022-07-15,0.01869031195887446,50.93451559794372,53.461133416345525,-1.2718968079615411,-1.3795065662823578
2022-07-18,0.138127129502964,56.9063564751482,53.59721157060543,1.685443704959929,1.6965260025456512
2022-07-19,0.08326240800865801,54.163120400432895,53.644390147664765,0.3263054098613474,0.28351388730016075
2022-07-20,0.09379038561076605,54.6895192805383,53.63852400229358,0.5866229312573655,0.5546564265429006
2022-07-21,0.06208835714285714,53.10441785714286,53.61409363838133,-0.19934466952401803,-0.261812682986095
2022-07-22,0.13087676669290305,56.54383833464516,53.758017628745,1.5038794042462094,1.5097967125481704
2022-07-25,0.07424057409023202,53.7120287045116,53.841335905847394,0.0997035325665132,0.05116128837570615
2022-07-26,0.055154268430814356,52.75771342154072,53.820914623514604,-0.37350985998887004,-0.4403964995342272
2022-07-27,0.09011382168864727,54.505691084432364,53.808879776027936,0.4939630696471022,0.45996845177632223
2022-07-28,0.10476001193911909,55.23800059695595,53.85564529512639,0.856650749497511,0.8371733970024575
2022-07-29,0.127136329410142,56.3568164705071,53.98272797760187,1.4093721645844088,1.4134637128918064
2022-08-01,0.08780700964347306,54.39035048217365,53.98759141189953,0.432513783111233,0.4005577179085907
2022-08-02,0.024990126518218622,51.24950632591093,53.78497184515413,-1.1261036854855535,-1.2172581477411826
2022-08-03,0.13614503366313266,56.807251683156636,53.86591207334771,1.630189425244845,1.6454781641719531
2022-08-04,0.07836309623015873,53.91815481150793,53.96656846743312,0.196668083623473,0.15733468305316886
2022-08-05,0.16445090476190477,58.222545238095236,54.24716967818842,2.3223149079969825,2.3744810225805733
2022-08-08,0.06549591966026176,53.27479598301309,54.16130647520742,-0.12580529276581065,-0.17405269825622088
2022-08-09,0.07141623626373626,53.570811813186815,54.2022453275042,0.02076227409364168,-0.021578050450588634
2022-08-10,0.135003656991157,56.75018284955785,54.378450737828814,1.5920430882513796,1.6160826068514338
2022-08-11,0.0546133623832308,52.730668119161535,54.33620112712736,-0.39719988588821986,-0.45432725098303695
2022-08-12,0.08282267857142857,54.14113392857143,54.474639021815904,0.3011562603869068,0.27218888636491256
2022-08-15,0.0708871164021164,53.544355820105814,54.59891712763314,0.005362382523235363,-0.03520525486396917
2022-08-16,0.05928490537240537,52.96424526862027,54.41119754636991,-0.2821542198841547,-0.3340141123976356
2022-08-17,0.10872150093934513,55.43607504696726,54.47181443430012,0.943432193780704,0.9391994676590332
2022-08-18,0.02601400793650794,51.30070039682539,54.31044210650426,-1.107538317650611,-1.1908886190310517
2022-08-19,0.012412407407407407,50.620620370370375,54.19216603570557,-1.4417171734075995,-1.541190704066566
2022-08-22,0.12180534334023464,56.09026716701173,54.17056740867541,1.2682743002841441,1.2761669637637574
2022-08-23,0.04200000793650794,52.10000039682539,54.093804155928446,-0.7088518364176075,-0.7791775766874081
2022-08-24,0.06472787515006002,53.236393757502995,54.11659845764094,-0.1452328429099026,-0.19383328163302282
2022-08-25,0.0677929884004884,53.38964942002442,54.06345361647865,-0.06912932929724128,-0.11489289809522599
2022-08-26,0.03830920634920635,51.915460317460315,53.905237412693154,-0.8002428577053682,-0.8742322350504442
2022-08-29,0.05190932350718066,52.59546617535903,53.72612549387657,-0.46203478833484696,-0.5239683534599751
2022-08-30,0.036215404135338344,51.81077020676692,53.60328833790483,-0.8509607515093174,-0.9281570124765044
2022-08-31,0.04354645202020202,52.177322601010104,53.647470065290506,-0.6680126232901612,-0.7393497207119356
2022-09-01,0.04337768156042905,52.16888407802145,53.426595417426924,-0.6714838212967452,-0.7436963153516202
2022-09-02,0.02146943537414966,51.07347176870748,53.291134320150704,-1.2142648653147072,-1.3079317008936089
2022-09-06,0.07571193380492294,53.78559669024615,53.07985105596742,0.13456631287518003,0.08905538582333947
2022-09-07,0.02936797619047619,51.468398809523805,52.99383214294413,-1.0172460396416219,-1.1045089264357328
2022-09-08,0.13235121693121693,56.61756084656084,53.13891543024764,1.5417322320780085,1.5477704048101466
2022-09-09,0.0480680081300813,52.40340040650406,52.93192579010222,-0.5530609694189816,-0.62289941550653
2022-09-12,0.07829409523809525,53.914704761904765,52.98830848737572,0.1986099918400935,0.15555759870654418
2022-09-13,0.05967208928571428,52.98360446428572,52.93318803669544,-0.26470153335308216,-0.32404239386096906
2022-09-14,0.05536784821428572,52.768392410714284,52.896237398153,-0.3716008748276686,-0.434895864273594
2022-09-15,0.043128326745718044,52.156416337285904,52.85776935380374,-0.6759336532942253,-0.7501183177711142
2022-09-16,0.14105480357142858,57.052740178571426,52.934753407689655,1.7604319762729788,1.7719267120646038
2022-09-19,0.044272132206417916,52.213606610320895,52.97822513214181,-0.6483222879152267,-0.72066020827136
2022-09-20,0.006787096560846563,50.339354828042325,52.9648315348881,-1.5778752975245234,-1.6860676333887623
2022-09-21,0.05772359599749844,52.886179799874924,52.81225594597682,-0.31040055020729934,-0.37422481614865577
2022-09-22,0.058559145962732914,52.92795729813664,52.85168246508688,-0.28937097118603117,-0.3527056651967718
2022-09-23,0.011997544642857145,50.59987723214285,52.72613405911735,-1.4460323777041701,-1.551875276894205
2022-09-26,0.09056421583850932,54.52821079192547,52.78035126730312,0.5091646467077661,0.4715681167897833
2022-09-27,0.060316466049382726,53.01582330246914,52.832749504684486,-0.2439739034665227,-0.3074468084092035
2022-09-28,-0.005281929112554106,49.73590354437229,52.696579855589874,-1.8726814138356112,-1.9968990571387915
2022-09-29,0.051518792441218916,52.57593962206094,52.733016494413405,-0.4592646110978436,-0.5340262761570017
2022-09-30,0.09350891635246475,54.675445817623235,52.85197474282355,0.5853403868800201,0.5474073334787873
2022-10-03,0.0829344233058608,54.146721165293044,52.94615746126506,0.3217499758233477,0.27506681336913813
2022-10-04,0.08064912413168228,54.032456206584115,53.08706148211633,0.2645988243547621,0.21621013220636243
2022-10-05,0.080329625,54.016481250000005,53.09805598496175,0.2564353079965714,0.20798159970712785
2022-10-06,0.014294853479853481,50.714742673992674,53.062167597555494,-1.3883641657150148,-1.4927092931668766
2022-10-07,0.08121436906660591,54.060718453330296,52.94041319787785,0.2801060679060202,0.23076771892829817
2022-10-10,0.06432933597883597,53.216466798941795,52.9791306451368,-0.1411104942375834,-0.20409744887932615
2022-10-11,0.06346185034013606,53.1730925170068,52.94381577633213,-0.16265205720011502,-0.22643908634506316
2022-10-12,0.04675465837403337,52.337732918701676,52.91305998844717,-0.5795653653305761,-0.6567240493751763
2022-10-13,0.008670563695563698,50.43352818477819,52.80187597768831,-1.5279848020229114,-1.6375599255660138
2022-10-14,0.08508858637723744,54.254429318861874,52.901781357763355,0.38025929889952054,0.33054615300973844
2022-10-17,0.04898415854978355,52.44920792748917,52.68256553628325,-0.5215339821934848,-0.5993044421398882
2022-10-18,0.0915211497185081,54.5760574859254,52.79506319702633,0.5415377785201251,0.4962134467777867
2022-10-19,0.0410331037414966,52.05165518707483,52.876601309361206,-0.7206924986984461,-0.8040796869072592
2022-10-20,0.08765942592592593,54.382971296296304,52.947877094905074,0.4457300126777272,0.3967567766985191
2022-10-21,0.07098219642857143,53.54910982142857,52.97745578649041,0.028133188691220074,-0.032756518669929215
2022-10-24,0.07303541149068322,53.65177057453416,53.122784040890004,0.07952304225684945,0.02012295795822701
2022-10-25,0.062438008987136896,53.12190044935684,53.05581688172006,-0.1860616758713352,-0.25280758319466917
2022-10-26,0.07756598484848484,53.87829924242424,53.09688716457507,0.19337649613309546,0.1368054976526363
2022-10-27,0.05053427464580874,52.52671373229044,53.229782887809264,-0.48492168883699766,-0.5593820154134856
2022-10-28,0.05005528157028157,52.502764078514076,53.22629833811656,-0.4965200186095372,-0.5717182307519514
2022-10-31,0.12988335511033683,56.49416775551684,53.31290414468291,1.5065008181093653,1.484211918469937
2022-11-01,0.15665549043062202,57.83277452153111,53.488430494979966,2.1700827275261267,2.173714216635814
2022-11-02,0.13075090354090355,56.53754517704518,53.60772044595431,1.5177300983160298,1.5065551731072606
2022-11-03,0.056691869918699185,52.83459349593495,53.55144007671312,-0.3352658028743716,-0.40079637997422957
2022-11-04,0.1523686002178649,57.61843001089324,53.88018709275601,2.052927517948995,2.06330760848449
2022-11-07,0.058786495578889195,52.93932477894446,53.82678739397573,-0.28483239406039845,-0.34685039512019356
2022-11-08,0.06650198224852072,53.32509911242603,53.831960361284494,-0.09188730014328608,-0.14814208416420527
2022-11-09,0.06291191176470588,53.145595588235295,53.830650983723956,-0.18156786162404814,-0.240602465809301
2022-11-10,0.08389888576193454,54.19494428809672,53.91908962036181,0.34353853406293494,0.2999060378837975
2022-11-11,0.09843832738095239,54.92191636904762,54.13282239104131,0.7069964100651016,0.674361728116529
2022-11-14,0.0870683998884195,54.35341999442097,54.13753623273459,0.4217529578315953,0.38153521120658046
2022-11-15,0.09738853287981859,54.86942664399093,54.252784743044195,0.6798079537513053,0.6473248215540078
2022-11-16,0.08600517543859648,54.30025877192982,54.23965147094917,0.39398898234408714,0.3541524233621003
2022-11-17,0.07321966145833333,53.660983072916665,54.31628613217975,0.07307877353313959,0.024868219201376572
2022-11-18,0.030843303571428567,51.54216517857143,54.181009650383324,-0.9897595914151961,-1.0665126438253192
2022-11-21,0.0953803797264163,54.769018986320816,54.23910056299724,0.6303623645699813,0.5956058907412404
2022-11-22,0.03760764705882353,51.880382352941176,54.15474874292137,-0.8201505311687093,-0.8923005264747759
2022-11-23,0.09937304811507937,54.96865240575397,54.242689312273626,0.7311934316659296,0.6984349701875683
2022-11-25,0.12907501253132833,56.45375062656641,54.365329854375624,1.4746034419935032,1.4633934794749175
2022-11-28,0.05661782738095239,52.83089136904762,54.37981450374502,-0.34503139168738756,-0.4027033066846917
2022-11-29,0.06431821789321789,53.21591089466089,54.41377387594249,-0.15139933127230934,-0.20438378934090007
2022-11-30,0.09189553113553114,54.59477655677656,54.32332667600247,0.5416600507939154,0.5058554437399205
2022-12-01,0.13290076604554865,56.64503830227743,54.26676780841897,1.5696766208042507,1.5619237539081408
2022-12-02,0.14417089475839476,57.208544737919745,54.298720168460605,1.8473923707757134,1.8521800056104416
2022-12-05,0.05777566102756892,52.88878305137844,54.30130062348172,-0.3203981046253946,-0.3728839086170718
2022-12-06,0.03528975168350169,51.764487584175086,54.02254146030467,-0.8839425667937943,-0.9519967056951715
2022-12-07,0.10647625,55.3238125,54.13608849464065,0.9026785099879048,0.8813742077715789
2022-12-08,0.07709546474358975,53.85477323717949,54.161311072009866,0.16462224903139322,0.12468749922713923
2022-12-09,0.0742162504839334,53.71081252419667,54.18822616419849,0.09219613902437374,0.05053484665777886
2022-12-12,0.030180468410609857,51.5090234205305,54.06032517050486,-1.0139103959679463,-1.0835836156107985
2022-12-13,0.10798184523809524,55.399092261904755,54.08304783206948,0.9415491719295223,0.9201500231615289
2022-12-14,0.11337611111111112,55.66880555555556,54.14568523974257,1.075659083799611,1.0590765104165132
2022-12-15,0.08662286019536018,54.33114300976801,54.120052685731956,0.402538115544356,0.3700605701810066
2022-12-16,-0.018124833333333333,49.093758333333334,53.87212409341784,-2.224277248771936,-2.3276613168320575
2022-12-19,0.07916572606979584,53.958286303489785,53.88628139011179,0.21715751457416185,0.17800599344307788
2022-12-20,0.19634559298340548,59.817279649170274,54.2803344601403,3.136760090136909,3.195911982977144
2022-12-21,0.08375024777853725,54.18751238892686,54.25264366978821,0.32586622614119715,0.29607794460991343
2022-12-22,0.07342823529411766,53.67141176470588,54.33793078463416,0.06800411866577279,0.03023992890589107
2022-12-23,0.09266401234567902,54.63320061728395,54.3219568899451,0.5483074535195114,0.525647274094696
2022-12-27,0.12024049889264174,56.01202494463209,54.30092233366252,1.2357924801123927,1.2358652160705186
2022-12-28,0.039016327561327564,51.95081637806638,54.25901400075865,-0.7936920871189902,-0.8560206992500101
2022-12-29,0.019605992063492065,50.98029960317461,54.15255632021168,-1.2767742784242229,-1.3559237056339473
2022-12-30,0.07741269607843138,53.87063480392157,54.11807337959955,0.16784170752280822,0.13285762580863025
2023-01-03,0.10673510452782513,55.336755226391254,54.055774185509726,0.9000734664515444,0.8880408703179457
2023-01-04,0.06682547940797942,53.34127397039897,53.871618434675405,-0.09806820126148702,-0.13981058455729886
2023-01-05,0.1275838630490956,56.379193152454775,54.037828439488564,1.4197638357955937,1.424989706947693
2023-01-06,0.07974949929971989,53.98747496498599,54.14368498143193,0.22321355578964047,0.19304076668118497
2023-01-09,0.10972186598124098,55.48609329906205,54.151412638530125,0.9720831965041746,0.9649633444339011
2023-01-10,0.06733011278195489,53.36650563909775,54.12816180052624,-0.08883040388918274,-0.12681401678544343
2023-01-11,0.06832866096866097,53.41643304843304,54.11414373025178,-0.06378060180934897,-0.10109693216271137
2023-01-12,0.10083613787375416,55.041806893687706,54.28237151468784,0.7501058744640982,0.736116079257146
2023-01-13,0.1189743168797015,55.94871584398508,54.308544066215475,1.2028578271443189,1.203255362677275
2023-01-17,0.1321413094162646,56.60706547081323,54.353223109799174,1.5294765466049447,1.5423643468984283
2023-01-18,0.08147053174603175,54.07352658730159,54.34095566111029,0.2605843484944112,0.23736505433152602
2023-01-19,0.07240862078977933,53.62043103948897,54.556511504260556,0.033529197223156504,0.0039802923257726
2023-01-20,0.06878784861150246,53.439392430575126,54.53180227221701,-0.05720594454702666,-0.08927079535139747
2023-01-23,0.1202030219677983,56.01015109838991,54.35051043646556,1.2305897723792587,1.234900017534852
2023-01-24,0.1001956012785664,55.00978006392832,54.38966604003706,0.7281236648895588,0.7196193953297092
2023-01-25,0.07565746797168481,53.78287339858424,54.3949737368884,0.11249978996569909,0.08765264686583907
2023-01-26,0.09359617830401921,54.67980891520096,54.397193179646365,0.5623094907700107,0.5496547192558066
2023-01-27,0.044034002999924056,52.2017001499962,54.215749141806555,-0.6816831713959365,-0.7267931010411631
2023-01-30,0.021589133292182077,51.079456664609104,54.17425582211812,-1.2434784697527077,-1.3048489438186974
2023-01-31,0.017907075140467996,50.8953537570234,54.170210781825205,-1.3335463550209266,-1.3996784195857501
2023-02-01,0.013291893858807883,50.66459469294039,54.01754220511181,-1.4464943076141796,-1.5185399919664075
2023-02-02,0.09552418290043291,54.776209145021646,53.9908495345704,0.615511131890636,0.5993094660362921
2023-02-03,0.07804615929705216,53.902307964852604,54.017565439068186,0.17683429958749827,0.1491721386338954
2023-02-06,0.06599822895100069,53.29991144755003,53.87093297692987,-0.1255798948366536,-0.16111598602871227
2023-02-07,0.09658470099667774,54.82923504983389,53.91101679049406,0.6422808239769465,0.6266225531643591
2023-02-08,0.08207765097402597,54.1038825487013,53.84519723095307,0.2774825095342992,0.25300109150056965
2023-02-09,0.14032224977608598,57.016112488804296,54.01898803332004,1.7377297689559985,1.7530601734274656
2023-02-10,0.08334903198653199,54.1674515993266,54.05475082145784,0.3066142873566139,0.2857448423997775
2023-02-13,0.09077241962935312,54.53862098146766,54.03078958754261,0.49277248548932057,0.47693029618101407
2023-02-14,0.06886821000704722,53.443410500352364,53.9114893330839,-0.05790728233594325,-0.0872011297737716
2023-02-15,0.05187877314814815,52.5939386574074,53.720388056255054,-0.48494715101188013,-0.5247551619274641
2023-02-16,0.05909770923520923,52.95488546176046,53.66711943122928,-0.3030340847593606,-0.33883525069162496
2023-02-17,0.10434338106338106,55.21716905316906,53.74315457473786,0.8355704354495326,0.8264432873988945
2023-02-21,0.044596811437354916,52.22984057186775,53.68555686718035,-0.668812891178096,-0.7122982650337506
2023-02-22,0.05611113821138211,52.80555691056911,53.532957143950796,-0.37839508098984903,-0.4157528203934363
2023-02-23,0.0482608474883856,52.413042374419284,53.40930296825989,-0.575833292803929,-0.617932939013824
2023-02-24,0.08211666666666667,54.10583333333333,53.424682012771754,0.27791909067521153,0.254005920193477
2023-02-27,0.06616964285714286,53.30848214285714,53.35938073789824,-0.12446597713006724,-0.15670131081477673
2023-02-28,0.13349898361495136,56.67494918074757,53.572392596505445,1.5723713151429206,1.5773305335307548
2023-03-01,0.0534672019195275,52.67336009597637,53.64829275990389,-0.4464756495226712,-0.4838460123495049
2023-03-02,0.09449356488472768,54.72467824423638,53.83064154500927,0.5886343145344886,0.5727664397943193
2023-03-03,-0.0019960294117647055,49.90019852941177,53.794241727698385,-1.8428987818125355,-1.9122724344158644
2023-03-06,0.04777965642382309,52.388982821191156,53.68056428370645,-0.5873231196587574,-0.6303257624066361
2023-03-07,0.12862668021680218,56.431334010840104,53.800994095420144,1.449229582289916,1.4518469159487135
2023-03-08,0.0753481610530391,53.76740805265195,53.82325583852023,0.10613705391488056,0.07968660946562793
2023-03-09,0.05222562950937951,52.61128147546897,53.717639001645715,-0.4767229121263363,-0.5158220583351886
2023-03-10,0.018926624149659864,50.946331207483,53.56727941396865,-1.3147946556954717,-1.3734204697987584
2023-03-13,0.04545627361275088,52.27281368063754,53.341408042151194,-0.6450440391054808,-0.6901632676555969
2023-03-14,0.09572191697191698,54.78609584859585,53.370867292116394,0.6227755709130002,0.604402003298744
2023-03-15,0.030664898749398754,51.53324493746994,53.22775414716412,-1.0181495090919335,-1.0711073664098958
2023-03-16,0.04755182412600026,52.37759120630001,53.177000847447346,-0.5913922928735484,-0.6361934636962783
2023-03-17,0.029699243421052634,51.48496217105263,53.1241924433352,-1.040865005109401,-1.0959773127240517
2023-03-20,0.05616138977072311,52.808069488536155,53.117201206515,-0.37240731782967645,-0.41445861784898214
2023-03-21,0.12048661498708012,56.024330749354,53.1556374777619,1.2507478281926925,1.2422038069487065
2023-03-22,0.08672101305231944,54.336050652615974,53.25593319589277,0.3976927938143208,0.3725884455124019
2023-03-23,0.06939360544217686,53.469680272108846,53.28755811787086,-0.040124439005164866,-0.0736698460104903
2023-03-24,0.06921028447742733,53.46051422387137,53.337437729749524,-0.04473199780955858,-0.07839118127137219
2023-03-27,0.08766653272878883,54.38332663643944,53.35065169656411,0.4219037471981773,0.39693980867739775
2023-03-28,0.1282870655270655,56.41435327635328,53.498550321968686,1.447359709278132,1.4431003178061763
2023-03-29,0.07865799095607236,53.932899547803615,53.36797652992374,0.1918396546124067,0.16492954199146184
2023-03-30,0.11693478663003662,55.84673933150183,53.51908982685351,1.158980205108169,1.150728331213435
2023-03-31,0.06591854636591479,53.295927318295746,53.451054068475386,-0.1319155570760451,-0.16316816919912802
2023-04-03,0.059957096478570164,52.997854823928506,53.59856151107142,-0.2826757677393337,-0.31670218314871623
2023-04-04,0.12621120334841926,56.31056016742097,53.78530328946332,1.3933458361017994,1.389637576574335
2023-04-05,0.0499298664518439,52.496493322592194,53.597929923356276,-0.5376835749333053,-0.5749482313235524
2023-04-06,0.08511587654320987,54.255793827160495,53.621186388809065,0.3533750188270055,0.3312489969155461
2023-04-10,0.10054911174802823,55.027455587401406,53.73624229890108,0.7438212517034741,0.7287238719881284
2023-04-11,0.0539615268065268,52.69807634032634,53.81965873379839,-0.43692910483532227,-0.47111493425098705
2023-04-12,0.08935075,54.4675375,53.924169391863266,0.4603450595600129,0.4403159408094823
2023-04-13,0.0025992390529168464,50.12996195264584,53.70244873015136,-1.736829743046159,-1.7939237061884845
2023-04-14,0.06141883964646465,53.07094198232323,53.77567239895391,-0.24588900329102495,-0.2790557548181453
2023-04-17,0.07395330293425185,53.697665146712595,53.83853306278307,0.07193434425246276,0.043762770481057305
2023-04-18,0.10922736475699242,55.46136823784962,54.02788573263055,0.965874878143684,0.9522277248620513
2023-04-19,0.09882160459638402,54.94108022981921,54.12945767269165,0.7011895270719467,0.6842328316991606
2023-04-20,0.05049038590421924,52.52451929521096,53.96279998439912,-0.5252237003584377,-0.5605123469252469
2023-04-21,0.12677134401312973,56.338567200656485,54.05815791525819,1.4093624450899904,1.404063705495076
2023-04-24,0.07598252144427677,53.799126072213845,54.07384581050128,0.12029533282354513,0.09602422850091263
2023-04-25,0.08418606932075018,54.209303466037504,54.10950244108062,0.3284022769284734,0.30730229975943557
2023-04-26,0.09516065119539552,54.758032559769774,54.12734558028683,0.6067482718709489,0.5899468977136393
2023-04-27,0.06339935405643739,53.16996770282187,53.972851029166286,-0.2004294017054046,-0.22804864534069347
2023-04-28,0.0948781244743004,54.74390622371502,54.01147039468587,0.5996647542934342,0.5826705702501109
2023-05-01,0.03469959361366379,51.73497968068319,53.815672316075464,-0.9303710205983037,-0.9671959171352121
2023-05-02,0.039420424162257495,51.97102120811288,53.7525815489239,-0.8094527083636744,-0.8456134033175422
2023-05-03,0.05322718447912382,52.6613592239562,53.73655794892522,-0.45774796121339933,-0.4900275355929159
2023-05-04,0.05955878878066378,52.977939439033186,53.577861723763895,-0.29634407734900436,-0.326960388921176
2023-05-05,0.023932351916376306,51.196617595818815,53.51596287963183,-1.2021874055485642,-1.2445005776103881
2023-05-08,0.08476544563279859,54.23827228163993,53.515128520321326,0.3469120684687737,0.3222238326846643
2023-05-09,0.018257030327030327,50.91285151635152,53.31919499312848,-1.3455973647717459,-1.3906655073729897
2023-05-10,0.06515775440007147,53.25788772000357,53.34585267787501,-0.1509652627800712,-0.18276196710129722
2023-05-11,0.07953592746400887,53.97679637320044,53.322484052789314,0.2153195745231962,0.18754033611094775
2023-05-12,0.05670530513468013,52.83526525673401,53.45130801965066,-0.3665867582708099,-0.40045036303592635
2023-05-15,0.07293154907894038,53.64657745394702,53.47871923258512,0.04734611354872527,0.01744803603911115
2023-05-16,0.024602749750249748,51.230137487512486,53.36121791548036,-1.1846541200814251,-1.2272348331484242
2023-05-17,0.0472436994949495,52.36218497474747,53.213637760094535,-0.6063512304422626,-0.6441290518998107
2023-05-18,0.07620437334656084,53.810218667328044,53.15978720949972,0.13294317608477205,0.10173790784128922
2023-05-19,0.04176571659753645,52.088285829876824,53.139014187340955,-0.7461111819354667,-0.7852116271928502
2023-05-22,0.058748352424091065,52.93741762120455,52.977054683557526,-0.31197478542964147,-0.34783275205877867
2023-05-23,0.05209267696267696,52.60463384813385,52.920174101458485,-0.4817809069728703,-0.519246181416953
2023-05-24,0.028546711188540456,51.42733555942702,52.787699439238935,-1.0826319460554772,-1.1256601756530036
2023-05-25,0.04404342453141623,52.20217122657081,52.66599175670566,-0.6857257803001198,-0.7265504544409411
2023-05-26,0.06354674440165455,53.177337220082734,52.66634268609902,-0.18667640744267827,-0.2242526843335133
2023-05-30,0.06470035011982819,53.23501750599141,52.5944908423979,-0.1570541696709129,-0.19454217434459864
2023-05-31,0.08399001082974997,54.1995005414875,52.71184897862669,0.33675830598709516,0.30225291619319355
2023-06-01,0.04403136865450696,52.201568432725345,52.72282741789394,-0.6865709436848425,-0.7268609472251716
2023-06-02,0.032560155998971795,51.62800779994859,52.67362020722691,-0.979487176449448,-1.0222960103651648
2023-06-05,0.06111675901749766,53.05583795087488,52.67732966017176,-0.24734559079152124,-0.2868356829192205
2023-06-06,0.109578721340388,55.478936067019404,52.88124958737178,0.9944055451801854,0.9612767293149567
2023-06-07,0.11280389619883041,55.640194809941526,52.94800780300519,1.0757746131068717,1.0443394155848083
2023-06-08,0.09198524055489964,54.59926202774498,53.12355116069059,0.5414807755938333,0.5081658627663309
2023-06-09,0.05471263055657792,52.7356315278289,53.09868181820608,-0.4144753434563971,-0.4517706512632593
2023-06-12,0.08577122354497355,54.288561177248674,53.11352776125601,0.38246861473100435,0.34812711509350563
2023-06-13,0.11305229638578478,55.652614819289234,53.24768726423482,1.081695560206509,1.0507368320673083
2023-06-14,0.09706036148143468,54.853018074071734,53.3051368175741,0.6704998809194279,0.6388729393761028
2023-06-15,0.055046728584395646,52.75233642921978,53.377622481464925,-0.40837985606274796,-0.44316613185391696
2023-06-16,0.08522356023550724,54.26117801177536,53.468050721323394,0.366869370038945,0.33402233391036057
2023-06-20,0.04862121330817949,52.43106066540898,53.40237653075582,-0.5737735405399534,-0.6086519064045183
2023-06-21,0.03047927167277167,51.52396358363859,53.37550404283971,-1.039158363374497,-1.0758880943721933
2023-06-22,0.06360971380471381,53.18048569023569,53.38707871279357,-0.18694376191919693,-0.22263094039699122
2023-06-23,0.06277807394502516,53.13890369725126,53.41252013418011,-0.20822084010852493,-0.24404938863213074
2023-06-26,0.07234229626193912,53.617114813096954,53.516795336735825,0.03801718230237578,0.002272138910904023
2023-06-27,0.09050643209876542,54.52532160493827,53.62742154522952,0.5056125726440932,0.47007992689109124
2023-06-28,0.06365974649417094,53.18298732470854,53.62769059783074,-0.18621611798458448,-0.22134237473155918
2023-06-29,0.07893927259766748,53.94696362988337,53.66159279420655,0.20768766626794818,0.1721738030857478
2023-06-30,0.04952975354700375,52.47648767735019,53.579544562580956,-0.5507281342944836,-0.585252929253418
2023-07-03,0.10278349810396321,55.13917490519816,53.71943058507967,0.8230847293244435,0.7862693202303687
2023-07-05,0.11508895886752138,55.75444794337607,53.9159277347667,1.1392854300449813,1.1031900056728399
2023-07-06,0.051238142769066686,52.561907138453336,53.89240721988947,-0.5085052075784097,-0.5412542612098707
2023-07-07,0.020135555555555556,51.00677777777778,53.679447301354166,-1.3096620250466138,-1.3422850757512645
2023-07-10,0.06010362771557321,53.00518138577866,53.55397047163212,-0.2777999907954995,-0.31292834802282715
2023-07-11,0.03699224317349317,51.84961215867466,53.42303476358116,-0.8738125768103319,-0.908149930646656
2023-07-12,0.0658665873015873,53.293329365079366,53.44959180345023,-0.1279187349669677,-0.16450634763860747
2023-07-13,0.07384857517482518,53.692428758741265,53.421204545426065,0.07832521683399155,0.04106556198638461
2023-07-14,0.06649233713549522,53.32461685677477,53.31034749959203,-0.1118340998136761,-0.14839048898949972
2023-07-17,0.052935668304729705,52.646783415236484,53.205288706314164,-0.4622721475895239,-0.49753538170951084
2023-07-18,0.09691320249142792,54.845660124571395,53.30497078704519,0.6755160345709421,0.6350829368009792
2023-07-19,0.08940842854971447,54.470421427485725,53.31493475922188,0.48086613342162,0.4418014215941586
2023-07-20,0.07318855650031787,53.6594278250159,53.37342843348887,0.060677077519587806,0.024067127328077437
2023-07-21,0.030015060309792195,51.50075301548961,53.37232316833892,-1.0570471535682118,-1.0878436144597772
2023-07-24,0.11638397682178932,55.81919884108947,53.49797617552244,1.179749870495254,1.1365425136051164
2023-07-25,0.08861564757404111,54.430782378702055,53.55949420797248,0.4599397152285149,0.4213837635280568
2023-07-26,0.0815126568148294,54.07563284074147,53.58132839976508,0.27564905716478405,0.23844996337590418
2023-07-27,0.11082341539283645,55.54117076964182,53.62970216951286,1.034644746133993,0.9933331715601997
2023-07-28,0.12576111031527998,56.288055515764,53.77756255956313,1.4196567308665173,1.378045666664076
2023-07-31,0.10572877517378247,55.28643875868913,53.84134708950625,0.8995158213236782,0.862123385813139
2023-08-01,0.11293062413893296,55.64653120694665,53.99230154329656,1.084891616335198,1.0476032271895646
2023-08-02,0.03347357457814044,51.67367872890702,53.827277915854125,-0.9735804960248762,-0.9987713941181017
2023-08-03,0.06008875715104439,53.00443785755222,53.696325054624424,-0.28352575512980754,-0.31331133160986724
2023-08-04,0.012783042635658918,50.63915213178295,53.604765292402014,-1.5076098554658786,-1.5316451882306659
2023-08-07,0.07384591720779221,53.69229586038961,53.732647105859726,0.07482992404890107,0.04099710744005131
2023-08-08,0.06903030784030784,53.451515392015395,53.75390110615672,-0.05001059095515833,-0.08302638512887141
2023-08-09,0.09865792099295859,54.93289604964793,53.90072414858402,0.7180531315131785,0.6800172463756968
2023-08-10,0.029984361967009023,51.499218098350454,53.815290278739774,-1.062854375591802,-1.0886342341711146
2023-08-11,0.06037783663217874,53.01889183160894,53.783217091733476,-0.27400370461910684,-0.30586624124967626
2023-08-14,0.10816394260710051,55.40819713035503,53.88243519999919,0.9656155975113335,0.9248398453560283
2023-08-15,0.042824077385577385,52.141203869278876,53.858359983525034,-0.7302178678396118,-0.7579541004056607
2023-08-16,0.09671555960980883,54.83577798049044,53.85788940523546,0.6688191140885099,0.6299927480856535
2023-08-17,0.0545387404911873,52.72693702455936,53.77486633842945,-0.42657442253828737,-0.4562490986594332
2023-08-18,0.04491687656641604,52.2458438283208,53.70755281477731,-0.676103693535851,-0.7040551555689946
2023-08-21,0.05382044983393044,52.69102249169653,53.7642323136443,-0.4443426102966056,-0.4747482976588602
2023-08-22,0.044607696523053665,52.23038482615269,53.59333640817111,-0.6834074630179282,-0.712017925362848
2023-08-23,0.06036183746808747,53.01809187340437,53.52606543172837,-0.2733804793496885,-0.30627829132628537
2023-08-24,0.06624134445908358,53.312067222954184,53.48970516421468,-0.12027274532060327,-0.15485467367773123
2023-08-25,0.03356506473038388,51.67825323651919,53.30575671025646,-0.9702536521168271,-0.996415113250824
2023-08-28,0.07174952532798437,53.587476266399214,53.17715769838195,0.024225814919147406,-0.012994365473528821
2023-08-29,0.06271630554630556,53.13581527731528,53.07474705641177,-0.21104765676399168,-0.2456402013320384
2023-08-30,0.0685086606221436,53.42543303110718,52.968980476609886,-0.0599956581193857,-0.09646113553085212
2023-08-31,0.06945472310405644,53.472736155202824,53.054649877862076,-0.03529721929869683,-0.07209579269646292
2023-09-01,0.09381308970099668,54.69065448504984,53.13494590774291,0.6000251490624842,0.5552411584742405
2023-09-05,0.07982243739404535,53.99112186970226,53.2945635143105,0.23460192662459767,0.1949192490308201
2023-09-06,0.09014812892904198,54.5074064464521,53.333378304122995,0.5039971924268929,0.46085201675210463
2023-09-07,0.0498361712962963,52.49180856481481,53.287677979018206,-0.5491073506098898,-0.577361300893994
2023-09-08,0.08726890419363245,54.36344520968163,53.26056127235314,0.42923445568120644,0.38669909438521965
2023-09-11,0.050694420819342695,52.534721040967135,53.30987093628727,-0.5270025598870755,-0.5552575347408348
2023-09-12,0.05598691156462585,52.799345578231296,53.299416352793095,-0.3882838103694391,-0.41895221250045955
2023-09-13,0.08236726384049554,54.11836319202477,53.23799568906309,0.3020979575867526,0.26045991892020404
2023-09-14,0.05087355761347239,52.54367788067362,53.257161118177116,-0.5223596923628667,-0.5506439605988832
2023-09-15,0.0929569172673205,54.64784586336603,53.24821196974263,0.5798116573376727,0.5331908866679894
2023-09-18,0.09745362843696444,54.87268142184823,53.35039027437543,0.6971122522969111,0.6490013234734701
2023-09-19,0.05956873311584249,52.97843665579213,53.38527564711215,-0.2959303708001293,-0.3267042777863134
2023-09-20,0.04985815376984127,52.49290768849206,53.37584160886433,-0.5502502461241086,-0.5767951538217744
2023-09-21,0.049772613871635604,52.48863069358178,53.388139031122854,-0.5521097347437252,-0.5789981890183324
2023-09-22,0.0846622880116959,54.23311440058479,53.445997246702866,0.36349068255704114,0.3195670622786886
2023-09-25,0.061524719569451713,53.07623597847259,53.43476718744184,-0.2439919651785888,-0.27632887295549413
2023-09-26,0.10605102787456447,55.30255139372823,53.607352813975616,0.9249945714994637,0.8704228350397756
2023-09-27,0.11125237121212121,55.56261856060606,53.70140720893784,1.0604666349698242,1.0043807036180692
2023-09-28,0.10926514126700172,55.46325706335009,53.812237770177596,1.0071731056988311,0.9532006390564775
2023-09-29,0.08691439568988991,54.34571978449449,53.856060948910326,0.41965803463171475,0.37756891387754965
2023-10-02,0.13441069168678543,56.720534584339276,54.01071801696443,1.6648017563547803,1.600811096558902
2023-10-03,0.07407250875050875,53.70362543752544,53.96371663374899,0.08020950990101992,0.04683285373293674
2023-10-04,0.07875681995355072,53.93784099767753,53.96117944936687,0.20317779921274712,0.16747483096716523
2023-10-05,0.05446515201465201,52.723257600732595,53.87621998052307,-0.4351361979834284,-0.4581443312616382
2023-10-06,0.11794149275724275,55.89707463786213,54.03837550781104,1.2326242473256548,1.1766555193133812
2023-10-09,0.0868644611240113,54.343223056200564,54.03741254812147,0.4152785679893822,0.3762828753333965
2023-10-10,0.10861999244142102,55.430999622071056,54.17533057579308,0.9865059617287083,0.9365851695552505
2023-10-11,0.06256521455015447,53.12826072750772,54.190993201949105,-0.22480492953735082,-0.24953147066233597
2023-10-12,0.10376605194805195,55.1883025974026,54.241942697443285,0.8587083183547695,0.8115744789510319
2023-10-13,0.0673052690976328,53.36526345488164,54.281065820024615,-0.10092322951101759,-0.12745385283998817
2023-10-16,0.11525948135843485,55.762974067921746,54.3341671630987,1.1605062884872275,1.1075817229552765
2023-10-17,0.1013206680681894,55.06603340340948,54.34337440031591,0.7928211838536722,0.7485949001878337
2023-10-18,0.014597882180969286,50.729894109048466,54.23630094570907,-1.4885131149924724,-1.4849049479650476
2023-10-19,0.0853936890665695,54.26968445332847,54.32090936308222,0.3744818733775317,0.3384039126898787
2023-10-20,0.021481222477118964,51.074061123855955,54.253548907381,-1.3064848247155636,-1.3076281302411752
2023-10-23,0.050058440788635236,52.502922039431766,54.17115879494514,-0.5539462818460472,-0.571636866740852
2023-10-24,0.1572182734492905,57.860913672464534,54.39900058989714,2.2603138792732724,2.1882083979963376
2023-10-25,0.08869146837602665,54.434573418801335,54.3576683053768,0.4596080843653181,0.4233364885009595
2023-10-26,0.0910339216097764,54.551696080488824,54.309529139656945,0.5208324285871596,0.48366514247996345
2023-10-27,0.07135747331212848,53.56787366560643,54.219272787383424,0.0034590408742715783,-0.0230914594370527
2023-10-30,0.05700800438579508,52.85040021928975,54.14806709380226,-0.37382043079367855,-0.3926545026460147
2023-10-31,0.12337359165011891,56.168679582505945,54.12178828419114,1.3708305232238795,1.3165563761443473
2023-11-01,0.10945910031996987,55.472955015998494,54.206042073642244,1.0037313671043988,0.9581959526977547
2023-11-02,0.10121333268997725,55.060666634498865,54.25950996110993,0.7861489128583199,0.745830533839522
2023-11-03,0.1156423988095238,55.78211994047619,54.40517007252629,1.1643917335488219,1.1174435609960243
2023-11-06,0.08855885101010101,54.42794255050505,54.33521140169976,0.4516084055101294,0.4199209978242342
2023-11-07,0.0986450992063492,54.932254960317465,54.36326053999104,0.7165024133080309,0.6796870279890072
2023-11-08,0.013158493472339626,50.65792467361698,54.135971256731324,-1.5312862307801975,-1.5219756489263634
2023-11-09,0.07676240874492629,53.83812043724632,54.16977410005221,0.14184812392965593,0.1161098167319244
2023-11-10,0.029299643629317546,51.46498218146588,53.99247312786474,-1.106104108191411,-1.106268795695122
2023-11-13,0.03635875899651108,51.817937949825556,53.91879096095731,-0.919456671104137,-0.9244649832435217
2023-11-14,0.11690976522312728,55.84548826115636,53.9227202082542,1.1990638369121907,1.1500839180069071
2023-11-15,0.07376645426645427,53.68832271332271,53.85711493729768,0.06379759902483952,0.038950581079112444
2023-11-16,0.07588822535991141,53.79441126799557,54.003044325818976,0.11959436696159695,0.0935956823240681
2023-11-17,0.1163401650793651,55.81700825396826,54.076726411563726,1.1836354962470697,1.1354141651664624
2023-11-20,0.05681737105655113,52.84086855282756,54.16086009865761,-0.3836380044116299,-0.39756416401774264
2023-11-21,0.0883438279478458,54.417191397392294,54.25201578237002,0.4466819631459735,0.41438319167579263
2023-11-22,0.09005830951449316,54.502915475724656,54.092111106334784,0.491558565888642,0.4585387648575326
2023-11-24,0.08975873798897055,54.48793689944853,54.094652224460845,0.4833557752143191,0.45082345739917085
2023-11-27,0.06151803870206401,53.0759019351032,54.024376312775814,-0.26141378967004253,-0.2765009351896996
2023-11-28,0.031018695175438604,51.55093475877193,53.928331602926555,-1.0651262590354456,-1.0619955250898456
2023-11-29,0.06193072059884561,53.09653602994228,53.94005235581476,-0.24928670575598022,-0.2658725294671725
2023-11-30,0.13096018488455988,56.54800924422799,53.95811567303963,1.570357605314001,1.5119451043057948
2023-12-01,0.07183530479691877,53.591765239845934,53.86853520750854,0.010589371366024182,-0.01078516025854934
2023-12-04,0.12096208199539979,56.04810409976999,53.915556039188125,1.3054598371975823,1.2544492102763298
2023-12-05,0.06250135438993411,53.12506771949671,53.789029742951016,-0.2368858716312504,-0.25117615558217155
2023-12-06,0.0694172398273561,53.470861991367805,53.743454478230184,-0.05429705133795585,-0.07306115482086996
2023-12-07,0.08163952405002406,54.0819762025012,53.702965013572275,0.2683569343773999,0.24171736245267425
2023-12-08,0.08293954458564136,54.146977229282065,53.86911037336584,0.3025409127891629,0.27519870924281054
2023-12-11,0.06829901520398836,53.41495076019942,53.848959436363614,-0.0844422358178032,-0.10186044327708564
2023-12-12,0.10265388887038887,55.13269444351945,54.0236124012233,0.8234960152190438,0.7829313024240244
2023-12-13,0.12916149596070312,56.45807479803515,54.2445712987571,1.5221489630833545,1.4656208148216794
2023-12-14,0.05431123873873874,52.715561936936936,54.095527188079984,-0.4562546443911552,-0.46210828692639083
2023-12-15,0.05479871188071188,52.73993559403559,54.050365896685356,-0.4430968937429208,-0.4495536719259972
2023-12-18,0.07496250490580848,53.748125245290424,54.04816180036606,0.09031902479123016,0.06975423774271274
2023-12-19,0.12660000000000002,56.330000000000005,54.07258997874853,1.4548646505626284,1.3996508303390065
2023-12-20,0.27040000000000003,63.519999999999996,54.58112004766151,5.1850674283709655,5.103144380258668
2023-12-21,0.18545,59.272499999999994,54.812325219214244,2.952670421201443,2.915301702472327
2023-12-22,0.14794000000000002,57.397,54.950138767989266,1.9722943701483746,1.9492513335051065
2023-12-26,0.1369,56.845,55.06237986801553,1.6823623115415978,1.6649219260564758
2023-12-27,0.2155,60.775,55.42900358539156,3.694409224997639,3.6892236856092278
2023-12-28,0.14733000000000002,57.366499999999995,55.705935263545285,1.932325214256208,1.9335411035645553
2023-12-29,0.04955,52.4775,55.67645735735756,-0.5847314924795655,-0.5847314924795659
