date,gross_return,net_return,turnover,trading_cost,growth_gross,drawdown_gross,growth_net,drawdown_net,model
2021-01-04,0.0027187900237056225,0.0017160712336818928,1.0,0.001,1.0027187900237056,0.0,1.001716071233682,0.0,Base Equity Minimum-Variance
2021-01-05,0.0012712960949242797,0.001271296094924379,0.0,0.0,1.00399354250577,0.0,1.0029895489632643,0.0,Base Equity Minimum-Variance
2021-01-06,0.006322421793773059,0.006322421793772959,0.0,0.0,1.0103412131597158,0.0,1.0093308719465561,0.0,Base Equity Minimum-Variance
2021-01-07,0.006415020980113398,0.006415020980113484,0.0,0.0,1.0168225732392087,0.0,1.0158057506659695,0.0,Base Equity Minimum-Variance
2021-01-08,-0.002683676525325053,-0.002683676525325085,0.0,0.0,1.014093750368986,-0.002683676525325085,1.0130796566186169,-0.002683676525325196,Base Equity Minimum-Variance
2021-01-11,1.268810118986462e-05,1.2688101189928247e-05,0.0,0.0,1.0141066172931068,-0.002671022474894369,1.0130925106758135,-0.002671022474894591,Base Equity Minimum-Variance
2021-01-12,0.0007820843329411836,0.0007820843329411353,0.0,0.0,1.0148997341904238,-0.0018910271067836826,1.013884834456233,-0.0018910271067840156,Base Equity Minimum-Variance
2021-01-13,-0.001497747593154591,-0.0014977475931545747,0.0,0.0,1.0133796705562468,-0.003385942418640542,1.0123662908856903,-0.003385942418640764,Base Equity Minimum-Variance
2021-01-14,0.004141687615951203,0.0041416876159512395,0.0,0.0,1.0175767725880462,0.0,1.016559195815458,0.0,Base Equity Minimum-Variance
2021-01-15,-0.004784788986315888,-0.004784788986315847,0.0,0.0,1.012707882453836,-0.004784788986315958,1.0116951745713822,-0.004784788986315736,Base Equity Minimum-Variance
2021-01-19,0.010900511721435484,0.01090051172143558,0.0,0.0,1.0237469165969142,0.0,1.0227231696803174,0.0,Base Equity Minimum-Variance
2021-01-20,0.015094791439198795,0.015094791439198785,0.0,0.0,1.0392001627894674,0.0,1.0381609626266781,0.0,Base Equity Minimum-Variance
2021-01-21,-0.009675029328801987,-0.009675029328801932,0.0,0.0,1.0291458707359835,-0.009675029328801932,1.0281167248652479,-0.00967502932880182,Base Equity Minimum-Variance
2021-01-22,-0.0008720794458124199,-0.0008720794458124681,0.0,0.0,1.0282483737753718,-0.010538671380399212,1.027220125401597,-0.01053867138039899,Base Equity Minimum-Variance
2021-01-25,0.003810115199352529,0.003810115199352593,0.0,0.0,1.0321661185330029,-0.006768709733054101,1.0311339524144705,-0.006768709733053768,Base Equity Minimum-Variance
2021-01-26,-0.0027304174785212514,-0.0027304174785212076,0.0,0.0,1.029347874122223,-0.009480645808213062,1.0283185262481014,-0.009480645808212729,Base Equity Minimum-Variance
2021-01-27,-0.02125915617622548,-0.021259156176225424,0.0,0.0,1.007464806906593,-0.030538251454550247,1.006457342099687,-0.030538251454550025,Base Equity Minimum-Variance
2021-01-28,0.00042864494544536566,0.0004286449454453667,0.0,0.0,1.0078966516037877,-0.030122696576233565,1.0068887549521843,-0.030122696576233343,Base Equity Minimum-Variance
2021-01-29,-0.009663880694471704,-0.00966388069447166,0.0,0.0,0.9981564586103312,-0.039495475124796786,0.9971583021517213,-0.039495475124796564,Base Equity Minimum-Variance
2021-02-01,0.001301344439408067,0.001243335206864371,0.05793384066240152,5.7933840662401524e-05,0.9994554039674031,-0.03824552790232405,0.9983981041756036,-0.038301246032666714,Base Equity Minimum-Variance
2021-02-02,0.006216184710409521,0.0062161847104094115,0.0,0.0,1.0056682033682813,-0.032267084457702544,1.0046043312056818,-0.03232314894223509,Base Equity Minimum-Variance
2021-02-03,-0.003030716115194103,-0.003030716115194121,0.0,0.0,1.0026203085377947,-0.035200008200040434,1.001559660669703,-0.03525590276903612,Base Equity Minimum-Variance
2021-02-04,0.0022084698638620928,0.002208469863862028,0.0,0.0,1.0048345652740964,-0.033069276493496,1.0037715749971519,-0.03312529450396284,Base Equity Minimum-Variance
2021-02-05,0.014645475097521217,0.014645475097521121,0.0,0.0,1.0195508448769466,-0.018908116661353502,1.018472286602372,-0.018964955082197643,Base Equity Minimum-Variance
2021-02-08,0.003099778918961606,0.0030997789189615155,0.0,0.0,1.0227112270927055,-0.01586694872381622,1.0216293255259286,-0.015923963331199054,Base Equity Minimum-Variance
2021-02-09,-0.000973898225645541,-0.0009738982256455309,0.0,0.0,1.021715210443292,-0.01682539415625328,1.0206343625385315,-0.0168823532372111,Base Equity Minimum-Variance
2021-02-10,-0.006977492293123194,-0.006977492293123166,0.0,0.0,1.0145862004366573,-0.02368548739132237,1.0135128941398222,-0.02374204904073185,Base Equity Minimum-Variance
2021-02-11,-0.004987567993875255,-0.00498756799387523,0.0,0.0,1.0095258827763318,-0.02855492240636537,1.0084579296676306,-0.028611201950702436,Base Equity Minimum-Variance
2021-02-12,0.004151033894118606,0.004151033894118639,0.0,0.0,1.0137164589327263,-0.024522420962999614,1.0126440727144737,-0.024578934125632612,Base Equity Minimum-Variance
2021-02-16,-0.009736841940333661,-0.00973684194033364,0.0,0.0,1.0038460619997835,-0.03402049196642232,1.0027841174366372,-0.03407645486932298,Base Equity Minimum-Variance
2021-02-17,0.006662912779021108,0.006662912779021202,0.0,0.0,1.010534600754452,-0.0275842547580728,1.0094655805473052,-0.027640590536914478,Base Equity Minimum-Variance
2021-02-18,-0.009699905250785956,-0.009699905250786012,0.0,0.0,1.0007325108744929,-0.03701659535129198,0.9996738600620666,-0.03707238467841667,Base Equity Minimum-Variance
2021-02-19,-0.007601506432899077,-0.00760150643289903,0.0,0.0,0.9931254362554692,-0.04433671989650412,0.9920748327840038,-0.04439208514069981,Base Equity Minimum-Variance
2021-02-22,0.0016477496477974066,0.0016477496477973474,0.0,0.0,0.9947618583432778,-0.04276202606330071,0.9937095237403122,-0.04281748253555806,Base Equity Minimum-Variance
2021-02-23,-0.006434501544570955,-0.006434501544570925,0.0,0.0,0.9883610616292877,-0.04892137528511842,0.9873154982749504,-0.04897647492261925,Base Equity Minimum-Variance
2021-02-24,-0.0003668653603512528,-0.00036686536035124284,0.0,0.0,0.987998466192256,-0.04927029308749675,0.9869532864188953,-0.04932537251084923,Base Equity Minimum-Variance
2021-02-25,-0.008867448841909525,-0.008867448841909487,0.0,0.0,0.9792374403374111,-0.05770084012602694,0.9782015286422213,-0.057755431135410706,Base Equity Minimum-Variance
2021-02-26,-0.017646199054319342,-0.0176461990543193,0.0,0.0,0.9619576215437751,-0.07432883866988094,0.9609399897525612,-0.07438246635544654,Base Equity Minimum-Variance
2021-03-01,0.008794615371893187,0.00877376234193239,0.020671234404975394,2.0671234404975393e-05,0.9704176688293138,-0.06618791684512881,0.9693710488475091,-0.06626131809572366,Base Equity Minimum-Variance
2021-03-02,0.005125208223325695,0.005125208223325739,0.0,0.0,0.9753912614456584,-0.0614019354775025,0.9743392773185163,-0.06147571292479048,Base Equity Minimum-Variance
2021-03-03,-0.012529554669154955,-0.012529554669154952,0.0,0.0,0.963170043311559,-0.07316215123930014,0.9621312400770491,-0.07323500428802898,Base Equity Minimum-Variance
2021-03-04,-0.0037834355484695744,-0.0037834355484696047,0.0,0.0,0.959525951530473,-0.07666878250396847,0.9584910785410484,-0.07674135991788289,Base Equity Minimum-Variance
2021-03-05,0.01488081634717004,0.01488081634717009,0.0,0.0,0.9738044809955416,-0.06292886022880106,0.9727542082512187,-0.06300251765388298,Base Equity Minimum-Variance
2021-03-08,-0.004711764815089751,-0.004711764815089725,0.0,0.0,0.9692161433052101,-0.06734411905441107,0.9681708191990501,-0.06741742942302908,Base Equity Minimum-Variance
2021-03-09,0.006643409497450823,0.006643409497450792,0.0,0.0,0.9756550430367266,-0.061148104117083824,0.9746027744144719,-0.061221901516500865,Base Equity Minimum-Variance
2021-03-10,0.009441661740151127,0.009441661740151153,0.0,0.0,0.9848668479281519,-0.05228378209205775,0.9838046441415061,-0.052358276261557424,Base Equity Minimum-Variance
2021-03-11,0.0001458425740231142,0.00014584257402305845,0.0,0.0,0.9850104834443237,-0.05214556471939469,0.9839481247431436,-0.05222006975331572,Base Equity Minimum-Variance
2021-03-12,0.00502817905179876,0.0050281790517987535,0.0,0.0,0.9899632925229807,-0.04737958290376221,0.9888955920920338,-0.04745446256233399,Base Equity Minimum-Variance
2021-03-15,0.01461083418307465,0.014610834183074628,0.0,0.0,1.0044274820373644,-0.03346100395015772,1.003344181612464,-0.03353697766300445,Base Equity Minimum-Variance
2021-03-16,0.004720542872763899,0.004720542872763911,0.0,0.0,1.0091689250289042,-0.02889841518110614,1.0080805108379038,-0.028974747531121725,Base Equity Minimum-Variance
2021-03-17,-0.007697908377751186,-0.007697908377751195,0.0,0.0,1.0014004351063581,-0.036373866206530936,1.000320399428077,-0.03644961095710997,Base Equity Minimum-Variance
2021-03-18,-0.006971348697607621,-0.006971348697607627,0.0,0.0,0.9944193234872957,-0.04309163999933274,0.9933468171143337,-0.04316685670684339,Base Equity Minimum-Variance
2021-03-19,-0.0018007244111605187,-0.0018007244111605258,0.0,0.0,0.9926286483365624,-0.04481476824242947,0.9915580732520073,-0.04488984950537889,Base Equity Minimum-Variance
2021-03-22,0.008221796637251663,0.008221796637251755,0.0,0.0,1.0007898392194956,-0.03696142951601267,0.9997104620843105,-0.03703712808183712,Base Equity Minimum-Variance
2021-03-23,-0.0007678836386257941,-0.0007678836386257881,0.0,0.0,1.000021349076256,-0.03770093107765293,0.998942800777113,-0.03777657151578717,Base Equity Minimum-Variance
2021-03-24,-0.005497725769208635,-0.005497725769208595,0.0,0.0,0.9945235059356807,-0.04299138746655273,0.9934508871993152,-0.04306661205430107,Base Equity Minimum-Variance
2021-03-25,0.00226776651419923,0.002267766514199243,0.0,0.0,0.9967788530400257,-0.04082111538124911,0.9957038018548073,-0.04089651056079857,Base Equity Minimum-Variance
2021-03-26,0.01708291227056775,0.017082912270567796,0.0,0.0,1.0138067387396656,-0.024435546643525874,1.0127133225493639,-0.024512229792313267,Base Equity Minimum-Variance
2021-03-29,0.010868010773496792,0.010868010773496861,0.0,0.0,1.0248248012985322,-0.013833101654207036,1.0237195018492942,-0.013910618196281699,Base Equity Minimum-Variance
2021-03-30,-0.009983446237633389,-0.009983446237633364,0.0,0.0,1.0145935179917749,-0.02367844586517598,1.013499253240165,-0.02375518852502012,Base Equity Minimum-Variance
2021-03-31,0.0008640832303727683,0.0008640832303727919,0.0,0.0,1.0154702112363165,-0.022834822782796582,1.0143750009488852,-0.022911631754686135,Base Equity Minimum-Variance
2021-04-01,0.011034440185593547,0.011012316459791949,0.021882267232630103,2.1882267232630103e-05,1.0266753565424558,-0.012052352083348317,1.0255456194682362,-0.012151625434386859,Base Equity Minimum-Variance
2021-04-05,0.009218105330800554,0.009218105330800475,0.0,0.0,1.0361393581196012,-0.00294534660353607,1.0349992070100353,-0.0030455350667810688,Base Equity Minimum-Variance
2021-04-06,-0.0008171494709674232,-0.0008171494709674487,0.0,0.0,1.0352926773912652,-0.0037600892860847335,1.0341534579555753,-0.003860195880379891,Base Equity Minimum-Variance
2021-04-07,-0.002492878228559663,-0.002492878228559703,0.0,0.0,1.0327118188156093,-0.006243594069925695,1.031575439315248,-0.006343451110671583,Base Equity Minimum-Variance
2021-04-08,-0.000548682046073745,-0.000548682046073723,0.0,0.0,1.032145188381857,-0.006788850368030119,1.0310094323925252,-0.006888652619010727,Base Equity Minimum-Variance
2021-04-09,0.0035769668955568596,0.0035769668955567546,0.0,0.0,1.0358371375521072,-0.003236166965498777,1.0346973190012,-0.0033363262058270227,Base Equity Minimum-Variance
2021-04-12,-0.000173212584776287,-0.00017321258477631662,0.0,0.0,1.0356577175241044,-0.003408819005430219,1.0345180964041147,-0.0035089608969176567,Base Equity Minimum-Variance
2021-04-13,0.005274994153450029,0.005274994153450008,0.0,0.0,1.0411208059290193,0.0,1.0399751733142846,0.0,Base Equity Minimum-Variance
2021-04-14,-0.0032479566866797953,-0.003247956686679765,0.0,0.0,1.0377392906457608,-0.003247956686679765,1.0365973789961376,-0.003247956686679654,Base Equity Minimum-Variance
2021-04-15,0.012586052085155569,0.012586052085155508,0.0,0.0,1.0508003314086407,0.0,1.0496440475995186,0.0,Base Equity Minimum-Variance
2021-04-16,0.004477701882522155,0.004477701882522167,0.0,0.0,1.055505502030744,0.0,1.0543440407274332,0.0,Base Equity Minimum-Variance
2021-04-19,-0.0028321465439828004,-0.002832146543982783,0.0,0.0,1.0525161557710128,-0.002832146543982783,1.051357983896318,-0.002832146543982783,Base Equity Minimum-Variance
2021-04-20,0.007539073865215807,0.007539073865215906,0.0,0.0,1.0604511528137035,0.0,1.0592842493956969,0.0,Base Equity Minimum-Variance
2021-04-21,0.0073642894131384085,0.007364289413138492,0.0,0.0,1.06826062201152,0.0,1.0670851251790259,0.0,Base Equity Minimum-Variance
2021-04-22,-0.007037323614351359,-0.007037323614351387,0.0,0.0,1.0607429263099566,-0.007037323614351498,1.0595757018290803,-0.007037323614351498,Base Equity Minimum-Variance
2021-04-23,0.0033862705784317086,0.0033862705784317715,0.0,0.0,1.0643348888725996,-0.003674883317825839,1.0631637118538053,-0.003674883317825839,Base Equity Minimum-Variance
2021-04-26,-0.005276674311186015,-0.005276674311186058,0.0,0.0,1.0587187403059866,-0.008932166466612101,1.0575537432068811,-0.008932166466612212,Base Equity Minimum-Variance
2021-04-27,-0.005737628561872168,-0.00573762856187221,0.0,0.0,1.0526442054226175,-0.01461854557504616,1.0514858926441424,-0.014618545575046271,Base Equity Minimum-Variance
2021-04-28,1.0112100391960425e-05,1.0112100391923562e-05,0.0,0.0,1.0526548498664996,-0.014608581298854784,1.0514965253750495,-0.014608581298854784,Base Equity Minimum-Variance
2021-04-29,-0.0007106049416408674,-0.00071060494164088,0.0,0.0,1.0519068281283421,-0.015308805310434437,1.0507493267479997,-0.015308805310434326,Base Equity Minimum-Variance
2021-04-30,-0.0018839900327466516,-0.0018839900327466408,0.0,0.0,1.0499250461487701,-0.017163953706562984,1.0487697254894912,-0.017163953706562873,Base Equity Minimum-Variance
2021-05-03,0.015871372036821516,0.015849493498583334,0.02153672092794849,2.153672092794849e-05,1.0665887971669743,-0.001564997164641091,1.0653921944351479,-0.001586500180661754,Base Equity Minimum-Variance
2021-05-04,-0.0060962126976933225,-0.006096212697693337,0.0,0.0,1.0600866449984676,-0.007651669306747433,1.058897337011409,-0.0076730412358088085,Base Equity Minimum-Variance
2021-05-05,0.007175938545006155,0.007175938545006089,0.0,0.0,1.0676937616153583,-0.0005306386704532207,1.0664959192272734,-0.000552163963164265,Base Equity Minimum-Variance
2021-05-06,0.00889137513266739,0.008891375132667356,0.0,0.0,1.0771870273766893,0.0,1.075978534522582,0.0,Base Equity Minimum-Variance
2021-05-07,0.0020195829250854364,0.002019582925085528,0.0,0.0,1.0793624959043029,0.0,1.0781515623986624,0.0,Base Equity Minimum-Variance
2021-05-10,0.005727353985996365,0.005727353985996331,0.0,0.0,1.0855443869975554,0.0,1.0843265180470745,0.0,Base Equity Minimum-Variance
2021-05-11,-0.006571198520378105,-0.00657119852037813,0.0,0.0,1.0784110593279124,-0.006571198520378019,1.0772011932360768,-0.00657119852037813,Base Equity Minimum-Variance
2021-05-12,-0.011826538261318575,-0.01182653826131852,0.0,0.0,1.0656571896733418,-0.018320022250972623,1.0644616321091322,-0.018320022250972734,Base Equity Minimum-Variance
2021-05-13,0.014329162945212392,0.01432916294521247,0.0,0.0,1.0809271651879082,-0.004253369889754333,1.0797144762845508,-0.004253369889754444,Base Equity Minimum-Variance
2021-05-14,0.004795241991309456,0.00479524199130954,0.0,0.0,1.0861104725199644,0.0,1.0848919684798553,0.0,Base Equity Minimum-Variance
2021-05-17,0.009213706367791931,0.009213706367791952,0.0,0.0,1.0961175754967472,0.0,1.0948878445182044,0.0,Base Equity Minimum-Variance
2021-05-18,0.0029352164767244724,0.002935216476724456,0.0,0.0,1.0993349178647724,0.0,1.0981015773595997,0.0,Base Equity Minimum-Variance
2021-05-19,-0.0008349099820973362,-0.0008349099820973427,0.0,0.0,1.098417072168179,-0.0008349099820973427,1.0971847613913053,-0.0008349099820973427,Base Equity Minimum-Variance
2021-05-20,0.008309319868267318,0.008309319868267329,0.0,0.0,1.1075441709695901,0.0,1.1063016205282943,0.0,Base Equity Minimum-Variance
2021-05-21,-0.006068158064641969,-0.006068158064642004,0.0,0.0,1.1008234178765737,-0.006068158064642115,1.099588407427759,-0.006068158064641893,Base Equity Minimum-Variance
2021-05-24,0.000594973174883359,0.0005949731748833287,0.0,0.0,1.1014783782804936,-0.0054767952810281795,1.1002426330335913,-0.0054767952810280685,Base Equity Minimum-Variance
2021-05-25,-0.00599220856514808,-0.005992208565148038,0.0,0.0,1.0948780901078359,-0.011436185746583671,1.0936497497041864,-0.01143618574658345,Base Equity Minimum-Variance
2021-05-26,0.00086106344691986,0.0008610634469199407,0.0,0.0,1.0958208496100612,-0.01058496958118238,1.0945914515273898,-0.010584969581182158,Base Equity Minimum-Variance
2021-05-27,-0.005355832403525453,-0.00535583240352544,0.0,0.0,1.0899518167952609,-0.015884110661634532,1.0887290031626775,-0.01588411066163431,Base Equity Minimum-Variance
2021-05-28,0.0032621664674942295,0.003262166467494332,0.0,0.0,1.093507421063195,-0.012673760807306533,1.0922806184089833,-0.012673760807306311,Base Equity Minimum-Variance
2021-06-01,-0.002052194986541663,-0.002085130174954153,0.03300291683290976,3.300291683290976e-05,1.091263330615943,-0.014699946765458827,1.0900030711320212,-0.014732464541170942,Base Equity Minimum-Variance
2021-06-02,-0.002261852564752894,-0.0022618525647528642,0.0,0.0,1.0887950538527684,-0.016928550217918614,1.0875376448899927,-0.016960994443216304,Base Equity Minimum-Variance
2021-06-03,0.002335860136476852,0.0023358601364769083,0.0,0.0,1.0913383268158563,-0.01463223280706405,1.0900779807216092,-0.014664752817534321,Base Equity Minimum-Variance
2021-06-04,0.0077208001184684944,0.00772080011846854,0.0,0.0,1.0997643318988255,-0.0070244052333856555,1.0984942549243046,-0.007057176324356651,Base Equity Minimum-Variance
2021-06-07,-0.001953071953242713,-0.00195307195324268,0.0,0.0,1.0976164130270172,-0.008963758017778933,1.0963488166042137,-0.008996465104451179,Base Equity Minimum-Variance
2021-06-08,-0.004615820982129011,-0.004615820982128982,0.0,0.0,1.0925500121574379,-0.013538203897570766,1.0912882667327997,-0.013570760014186112,Base Equity Minimum-Variance
2021-06-09,0.003979672946746823,0.003979672946746726,0.0,0.0,1.0968980038837886,-0.009612408574622755,1.0956312371250183,-0.00964509425393456,Base Equity Minimum-Variance
2021-06-10,0.010020868179915739,0.010020868179915654,0.0,0.0,1.1078898741875207,0.0,1.106610413326046,0.0,Base Equity Minimum-Variance
2021-06-11,-0.0008940498153203372,-0.0008940498153203746,0.0,0.0,1.106899365450108,-0.0008940498153203746,1.1056210484903801,-0.0008940498153203746,Base Equity Minimum-Variance
2021-06-14,-0.00025724225876083045,-0.00025724225876078144,0.0,0.0,1.1066146241571189,-0.001151062086687138,1.105336636034533,-0.00115106208668736,Base Equity Minimum-Variance
2021-06-15,-0.00610979100638023,-0.006109791006380205,0.0,0.0,1.0998534400789148,-0.007253820344282347,1.0985832601966665,-0.007253820344282569,Base Equity Minimum-Variance
2021-06-16,-0.010969638853285687,-0.010969638853285724,0.0,0.0,1.0877884450497053,-0.01814388740808459,1.086532198582044,-0.018143887408084813,Base Equity Minimum-Variance
2021-06-17,-0.007361374838159278,-0.00736137483815924,0.0,0.0,1.079780826561076,-0.025371698290011624,1.0785338277945522,-0.025371698290011846,Base Equity Minimum-Variance
2021-06-18,-0.010780125958886149,-0.010780125958886111,0.0,0.0,1.0681406532427575,-0.035878314145540435,1.0669070972800074,-0.03587831414554066,Base Equity Minimum-Variance
2021-06-21,0.011086945055640136,0.011086945055640118,0.0,0.0,1.0799830699769555,-0.025189149987520976,1.0787358376470233,-0.025189149987521198,Base Equity Minimum-Variance
2021-06-22,-0.0012925558732529258,-0.001292555873252943,0.0,0.0,1.078587131516843,-0.026449147477015433,1.0773415113043843,-0.026449147477015544,Base Equity Minimum-Variance
2021-06-23,-0.007325894448379766,-0.007325894448379722,0.0,0.0,1.0706855160379698,-0.03358127826272894,1.0694490211077106,-0.03358127826272883,Base Equity Minimum-Variance
2021-06-24,0.004203818823337893,0.004203818823337979,0.0,0.0,1.0751864839641656,-0.02951862904906355,1.0739447910332436,-0.02951862904906344,Base Equity Minimum-Variance
2021-06-25,0.004520566751527929,0.00452056675152801,0.0,0.0,1.0800469362352663,-0.025131503230565455,1.0787996301485652,-0.025131503230565344,Base Equity Minimum-Variance
2021-06-28,0.0031932218718589787,0.0031932218718588867,0.0,0.0,1.0834957657346869,-0.022018531824495202,1.082244476722909,-0.02201853182449487,Base Equity Minimum-Variance
2021-06-29,-0.0011115525048199435,-0.0011115525048199792,0.0,0.0,1.0822914033023225,-0.023105609575113206,1.08104150516398,-0.023105609575112984,Base Equity Minimum-Variance
2021-06-30,0.009336751897746909,0.009336751897746964,0.0,0.0,1.0923964896160208,-0.013984589021415306,1.0911349214888628,-0.013984589021415195,Base Equity Minimum-Variance
2021-07-01,-0.00127818629489574,-0.0012994531876238113,0.02129411056840643,2.129411056840643e-05,1.0910002033944013,-0.015244900406284123,1.0897170427370064,-0.015265869890257466,Base Equity Minimum-Variance
2021-07-02,0.005936708111499014,0.005936708111498934,0.0,0.0,1.09747715315154,-0.009398696818686103,1.0961863747438618,-0.009419790792365212,Base Equity Minimum-Variance
2021-07-06,-0.0012675308288776859,-0.00126753082887765,0.0,0.0,1.0960860670259314,-0.010654314509594864,1.0947969247196783,-0.010675381746012014,Base Equity Minimum-Variance
2021-07-07,0.0025900449620220685,0.0025900449620219756,0.0,0.0,1.0989249792217743,-0.008091864701192275,1.0976324979789855,-0.008112986502698982,Base Equity Minimum-Variance
2021-07-08,-0.007242449258484522,-0.007242449258484496,0.0,0.0,1.0909660708208795,-0.015275709040171948,1.089682950307909,-0.01529667786810307,Base Equity Minimum-Variance
2021-07-09,0.007619205034908822,0.007619205034908871,0.0,0.0,1.0992783650005926,-0.007772892764493777,1.0979854681293495,-0.007794021358224157,Base Equity Minimum-Variance
2021-07-12,-0.000471839675024367,-0.00047183967502439916,0.0,0.0,1.0987596818540895,-0.008241064880322169,1.097467395022886,-0.008262183504743614,Base Equity Minimum-Variance
2021-07-13,0.0013585218594328327,0.0013585218594327486,0.0,0.0,1.1002523709001517,-0.006893738687674178,1.0989583284690392,-0.006914886002208798,Base Equity Minimum-Variance
2021-07-14,0.004547354087997446,0.004547354087997446,0.0,0.0,1.1052556080167935,-0.0023777328704797096,1.1039556811165416,-0.0023989763493416083,Base Equity Minimum-Variance
2021-07-15,0.00030702938132354387,0.00030702938132365354,0.0,0.0,1.1055949539623273,-0.0020714335230082037,1.1042946279463235,-0.0020926835242423003,Base Equity Minimum-Variance
2021-07-16,-0.0030163416469256234,-0.0030163416469256576,0.0,0.0,1.10226010185806,-0.005081527018729548,1.1009636980695727,-0.005102712922700037,Base Equity Minimum-Variance
2021-07-19,-0.01079850569752502,-0.010798505697525052,0.0,0.0,1.090357339867991,-0.015825159817790757,1.0890749353032,-0.01584611694565652,Base Equity Minimum-Variance
2021-07-20,0.00494972998474518,0.004949729984745188,0.0,0.0,1.0957543142872228,-0.010953760101108934,1.0944655621661048,-0.01097482096109903,Base Equity Minimum-Variance
2021-07-21,-0.0024112649809453473,-0.002411264980945349,0.0,0.0,1.0931121602814622,-0.013338612663912897,1.091826515683203,-0.013359622740588772,Base Equity Minimum-Variance
2021-07-22,0.0017025935369592864,0.0017025935369592293,0.0,0.0,1.0949732859807288,-0.01165872936266732,1.0936854524522859,-0.01167977521096386,Base Equity Minimum-Variance
2021-07-23,0.008457503596709963,0.008457503596710048,0.0,0.0,1.1042340264852122,-0.0032998295114752274,1.1029353011000704,-0.00332105335510946,Base Equity Minimum-Variance
2021-07-26,6.757810213791519e-05,6.757810213797733e-05,0.0,0.0,1.1043086485250382,-0.0032324744055530763,1.1030098353744997,-0.0032536996834543475,Base Equity Minimum-Variance
2021-07-27,-0.0017612106970646172,-0.0017612106970645858,0.0,0.0,1.1023637283203949,-0.004987992034116706,1.1010672026534707,-0.005009179929831409,Base Equity Minimum-Variance
2021-07-28,0.0032497613589005142,0.003249761358900427,0.0,0.0,1.1059461473681438,-0.0017544404589873164,1.1046454083022066,-0.0017756972103066815,Base Equity Minimum-Variance
2021-07-29,-0.0006457383539123987,-0.0006457383539123507,0.0,0.0,1.1052319955234267,-0.002399045903405561,1.1039320963945927,-0.002420288928425385,Base Equity Minimum-Variance
2021-07-30,-0.003907596547641194,-0.003907596547641168,0.0,0.0,1.1009131947933768,-0.006297267947556917,1.0996183751458908,-0.006318427963405648,Base Equity Minimum-Variance
2021-08-02,-0.004214915794422651,-0.004230181867644678,0.015330690792781891,1.533069079278189e-05,1.0962729383803538,-0.010485641287845793,1.0949667894340198,-0.010521881731647365,Base Equity Minimum-Variance
2021-08-03,0.003137567761386397,0.003137567761386295,0.0,0.0,1.0997125690094962,-0.007380972936521735,1.0984023219323367,-0.007417327087171466,Base Equity Minimum-Variance
2021-08-04,-0.009495896336253307,-0.009495896336253251,0.0,0.0,1.0892698124545073,-0.01680678031890903,1.0879720073477672,-0.01684278925431293,Base Equity Minimum-Variance
2021-08-05,0.0016348769960242097,0.0016348769960241594,0.0,0.0,1.0910506346133526,-0.015199380341405555,1.0897507077548982,-0.015235448146989627,Base Equity Minimum-Variance
2021-08-06,-0.005799811433793029,-0.005799811433793045,0.0,0.0,1.0847227466678748,-0.020911038235308044,1.0834303591400773,-0.02094689685442075,Base Equity Minimum-Variance
2021-08-09,-0.0007478754807944661,-0.0007478754807944687,0.0,0.0,1.0839115091221818,-0.02164327486332851,1.0826200881393282,-0.021679106664658998,Base Equity Minimum-Variance
2021-08-10,0.006806985789374987,0.006806985789374886,0.0,0.0,1.0912896793617164,-0.014983614538383816,1.0899894676945845,-0.015019690246276696,Base Equity Minimum-Variance
2021-08-11,0.0062907751753915235,0.006290775175391561,0.0,0.0,1.098154737385806,-0.008787097913367958,1.0968463463793958,-0.008823400565428519,Base Equity Minimum-Variance
2021-08-12,0.004319631625119652,0.004319631625119724,0.0,0.0,1.102898361318693,-0.004505423314287826,1.1015843185451133,-0.004541882780432327,Base Equity Minimum-Variance
2021-08-13,0.0030688808607326314,0.003068880860732648,0.0,0.0,1.1062830249910773,-0.001450369060933765,1.1049649495767797,-0.0014869404168361688,Base Equity Minimum-Variance
2021-08-16,0.009391443519017956,0.009391443519017884,0.0,0.0,1.1166726195363292,0.0,1.1153421654912246,0.0,Base Equity Minimum-Variance
2021-08-17,0.004854321710839861,0.004854321710839882,0.0,0.0,1.1220933076772448,0.0,1.1207563951801838,0.0,Base Equity Minimum-Variance
2021-08-18,-0.013718040195085969,-0.013718040195085934,0.0,0.0,1.1067003865798914,-0.013718040195085934,1.1053818139022025,-0.013718040195085823,Base Equity Minimum-Variance
2021-08-19,0.0024655654484676756,0.002465565448467766,0.0,0.0,1.1094290288148487,-0.011286297472543838,1.1081072051099243,-0.011286297472543838,Base Equity Minimum-Variance
2021-08-20,0.004299039139476112,0.004299039139476157,0.0,0.0,1.1141985076321947,-0.007035778567641926,1.1128710013554275,-0.007035778567641815,Base Equity Minimum-Variance
2021-08-23,0.002805367306698874,0.0028053673066987805,0.0,0.0,1.1173242436986788,-0.004250149204113929,1.115993013279203,-0.004250149204113929,Base Equity Minimum-Variance
2021-08-24,-0.004797143412543217,-0.0047971434125432255,0.0,0.0,1.1119642790633448,-0.009026904041400274,1.1106394347471065,-0.009026904041400385,Base Equity Minimum-Variance
2021-08-25,-0.004005005989188537,-0.004005005989188515,0.0,0.0,1.1075108554659325,-0.012995757225839122,1.1061913171591153,-0.012995757225839233,Base Equity Minimum-Variance
2021-08-26,-0.003562729080071923,-0.003562729080071936,0.0,0.0,1.1035650943346687,-0.016512185943725055,1.1022502571853494,-0.016512185943725166,Base Equity Minimum-Variance
2021-08-27,0.0016485071718872315,0.001648507171887248,0.0,0.0,1.1053843293073238,-0.014890899228789611,1.104067324639534,-0.014890899228789722,Base Equity Minimum-Variance
2021-08-30,0.004583827386110748,0.004583827386110739,0.0,0.0,1.1104512202681804,-0.010375329154367452,1.1091281786783267,-0.010375329154367785,Base Equity Minimum-Variance
2021-08-31,0.0050397920235363694,0.005039792023536327,0.0,0.0,1.1160476634706142,-0.005387826631944814,1.114717954026309,-0.005387826631945258,Base Equity Minimum-Variance
2021-09-01,-0.00883616141793148,-0.008856676483508408,0.020697956057656935,2.0697956057656937e-05,1.1061860861660826,-0.014176380344064654,1.1048452577371397,-0.014196784878025226,Base Equity Minimum-Variance
2021-09-02,0.0048684802894376124,0.004868480289437649,0.0,0.0,1.1115715313230323,-0.009376917482907698,1.1102241750973116,-0.009397421355939573,Base Equity Minimum-Variance
2021-09-03,0.001873138514810894,0.001873138514810968,0.0,0.0,1.113653658770321,-0.007521343233384159,1.1123037787597607,-0.007541885513010271,Base Equity Minimum-Variance
2021-09-07,-0.01817544708014621,-0.01817544708014618,0.0,0.0,1.09341250562973,-0.025560086537620208,1.092087160291866,-0.025580255452130274,Base Equity Minimum-Variance
2021-09-08,0.003716971407622229,0.0037169714076221716,0.0,0.0,1.0974766886498921,-0.021938121240834718,1.0961464170413022,-0.02195836512262328,Base Equity Minimum-Variance
2021-09-09,-0.014570216700978685,-0.014570216700978689,0.0,0.0,1.0814862154719906,-0.03618869476132214,1.080175326209009,-0.03620864368536625,Base Equity Minimum-Variance
2021-09-10,-0.0014145976336603326,-0.0014145976336603638,0.0,0.0,1.0799563476307477,-0.0375520999530079,1.0786473127486154,-0.037572020657351324,Base Equity Minimum-Variance
2021-09-13,-0.0009190358171680301,-0.0009190358171680124,0.0,0.0,1.078963829066297,-0.03843662404530923,1.0776559972341073,-0.038456526441811856,Base Equity Minimum-Variance
2021-09-14,-0.004412526766543464,-0.0044125267665434675,0.0,0.0,1.0742028722904098,-0.0426795481794372,1.0729008113011858,-0.04269936275608255,Base Equity Minimum-Variance
2021-09-15,0.0022106336881290442,0.0022106336881291266,0.0,0.0,1.07657754134778,-0.04056326333830762,1.0752726019786691,-0.040583121717723714,Base Equity Minimum-Variance
2021-09-16,-0.007697521766268021,-0.007697521766268034,0.0,0.0,1.0682905622901802,-0.04794854850211827,1.0669956677202668,-0.0479682540212264,Base Equity Minimum-Variance
2021-09-17,-0.005842150707708163,-0.005842150707708216,0.0,0.0,1.0620494478256586,-0.05351057656326119,1.0607621182249731,-0.053530166959756986,Base Equity Minimum-Variance
2021-09-20,-0.010927231897818518,-0.010927231897818523,0.0,0.0,1.0504441872223176,-0.06385308598198691,1.0491709245707077,-0.06387246230967725,Base Equity Minimum-Variance
2021-09-21,-0.0006478283813770153,-0.0006478283813770025,0.0,0.0,1.0497636796647825,-0.06445954852202629,1.0484912418688552,-0.06447891229718161,Base Equity Minimum-Variance
2021-09-22,-0.002381286214507736,-0.0023812862145077274,0.0,0.0,1.0472638918859059,-0.06668733810224514,1.0459944841285609,-0.06670665576670964,Base Equity Minimum-Variance
2021-09-23,0.0028147311252036777,0.0028147311252035845,0.0,0.0,1.0502116581586989,-0.06406031390325495,1.0489386773598288,-0.06407968594175084,Base Equity Minimum-Variance
2021-09-24,0.0005210586027197459,0.0005210586027197817,0.0,0.0,1.050758879977859,-0.0635726344781874,1.0494852358813926,-0.06359201661065061,Base Equity Minimum-Variance
2021-09-27,-0.0026810911577817274,-0.002681091157781701,0.0,0.0,1.0479416996357898,-0.06608328160779275,1.0466714702952487,-0.06610261177499188,Base Equity Minimum-Variance
2021-09-28,-0.0012781430838119685,-0.0012781430838120222,0.0,0.0,1.046602280200162,-0.06727696080226231,1.0453336743944674,-0.06729626626274177,Base Equity Minimum-Variance
2021-09-29,0.008554774451023412,0.008554774451023484,0.0,0.0,1.0555557266472013,-0.05929772557665247,1.0542762682049718,-0.05931719619099207,Base Equity Minimum-Variance
2021-09-30,-0.004851056076281375,-0.004851056076281335,0.0,0.0,1.0504351666255958,-0.06386112506096553,1.049161914908017,-0.06388050122226308,Base Equity Minimum-Variance
2021-10-01,0.00513379733546337,0.005116930027263766,0.016781157139652805,1.6781157139652806e-05,1.055827887885095,-0.059055177799180014,1.0545304030138714,-0.059090443249860125,Base Equity Minimum-Variance
2021-10-04,-0.0004656761393633652,-0.00046567613936332464,0.0,0.0,1.0553362140304325,-0.05949335335133654,1.0540393333669547,-0.05952860237973756,Base Equity Minimum-Variance
2021-10-05,0.00021145057278982205,0.00021145057278992851,0.0,0.0,1.0555593654773752,-0.05929448268218995,1.0542622105877382,-0.05932973916401818,Base Equity Minimum-Variance
2021-10-06,-0.0016718933305158725,-0.0016718933305158723,0.0,0.0,1.05379458281427,-0.06086724196257298,1.0524995966292416,-0.0609024394993245,Base Equity Minimum-Variance
2021-10-07,0.01040012732491966,0.010400127324919684,0.0,0.0,1.064754180649849,-0.051100141703980806,1.0634457264436123,-0.05113570529959599,Base Equity Minimum-Variance
2021-10-08,-9.60637978772497e-05,-9.606379787729935e-05,0.0,0.0,1.06465189631945,-0.05119129662817401,1.0633435678082939,-0.05122685680741501,Base Equity Minimum-Variance
2021-10-11,-0.002933435950266449,-0.0029334359502664054,0.0,0.0,1.0615288081722671,-0.05397456618857066,1.0602243175590005,-0.054010022054303386,Base Equity Minimum-Variance
2021-10-12,-0.0014793814149641359,-0.001479381414964176,0.0,0.0,1.059958402182008,-0.055374098633434676,1.0586558414079106,-0.0554095020464187,Base Equity Minimum-Variance
2021-10-13,0.004044785292238281,0.004044785292238284,0.0,0.0,1.0642457063375383,-0.05155328968091977,1.0629378769847795,-0.051588836293107954,Base Equity Minimum-Variance
2021-10-14,0.011389599660142755,0.011389599660142746,0.0,0.0,1.0763670388727486,-0.040750861351406154,1.075044313867238,-0.04078681282527641,Base Equity Minimum-Variance
2021-10-15,-0.002503117750683062,-0.002503117750683015,0.0,0.0,1.0736727654314961,-0.04315197489768485,1.0723533513624262,-0.04318783638078272,Base Equity Minimum-Variance
2021-10-18,-0.005035291851567918,-0.005035291851567925,0.0,0.0,1.0682665097044686,-0.0479699839616714,1.0669537392703095,-0.04800566487173552,Base Equity Minimum-Variance
2021-10-19,0.011356236269458983,0.01135623626945903,0.0,0.0,1.0803979965874229,-0.037158506163923244,1.0790703180220458,-0.03719459227483246,Base Equity Minimum-Variance
2021-10-20,0.00789015223556085,0.007890152235560777,0.0,0.0,1.0889225012554924,-0.02956154019884194,1.0875843471041147,-0.029597911034659807,Base Equity Minimum-Variance
2021-10-21,0.00475299318805618,0.004752993188056109,0.0,0.0,1.0940981424862808,-0.02494905280997939,1.092753628097337,-0.02498559651613219,Base Equity Minimum-Variance
2021-10-22,0.004634561546606128,0.004634561546606131,0.0,0.0,1.099168807665661,-0.020430119184150608,1.0978180620420313,-0.020466832254358636,Base Equity Minimum-Variance
2021-10-25,0.0062733807109500005,0.006273380710950072,0.0,0.0,1.1060643120617486,-0.014284904388812802,1.1047050926965782,-0.014321847774087404,Base Equity Minimum-Variance
2021-10-26,3.688502129331039e-05,3.688502129328697e-05,0.0,0.0,1.1061051092674508,-0.014248546266522055,1.1047458397674452,-0.014285491014454199,Base Equity Minimum-Variance
2021-10-27,-0.010723668235325879,-0.01072366823532589,0.0,0.0,1.0942436050422677,-0.02481941781885011,1.0928989118974226,-0.024855966383562356,Base Equity Minimum-Variance
2021-10-28,0.009007806748415134,0.00900780674841517,0.0,0.0,1.1041003399721776,-0.01603517958975531,1.1027435340913478,-0.016072057376875337,Base Equity Minimum-Variance
2021-10-29,0.0024260412395738498,0.002426041239573795,0.0,0.0,1.1067789329295776,-0.01364804035715017,1.1054188353817267,-0.013685007611302757,Base Equity Minimum-Variance
2021-11-01,0.003997790813468558,0.003948782176642629,0.04881349070128205,4.8813490701282045e-05,1.111203603580184,-0.009704811554043347,1.1097838935766071,-0.00979026454880283,Base Equity Minimum-Variance
2021-11-02,0.00605833945392524,0.00605833945392531,0.0,0.0,1.1179356522130979,-0.0037052671428486894,1.116507341124393,-0.003791237840857997,Base Equity Minimum-Variance
2021-11-03,0.00339688830148446,0.0033968883014845463,0.0,0.0,1.1217331547519132,-0.00032096521997548866,1.12029999184998,-0.0004072279508432475,Base Equity Minimum-Variance
2021-11-04,0.0033109107465434115,0.0033109107465434384,0.0,0.0,1.1254471131087354,0.0,1.1240092051323487,0.0,Base Equity Minimum-Variance
2021-11-05,-0.011912990129056335,-0.011912990129056333,0.0,0.0,1.1120396727594961,-0.011912990129056222,1.1106188945666386,-0.011912990129056222,Base Equity Minimum-Variance
2021-11-08,-0.004068994685874657,-0.004068994685874627,0.0,0.0,1.107514789240556,-0.015933510921402938,1.1060997921866151,-0.015933510921402827,Base Equity Minimum-Variance
2021-11-09,0.0036744018139743357,0.0036744018139742707,0.0,0.0,1.1115842435911447,-0.012317655228861302,1.1101640472694623,-0.01231765522886108,Base Equity Minimum-Variance
2021-11-10,0.005698871806698005,0.005698871806697925,0.0,0.0,1.117919019697716,-0.00668898016027164,1.116490729859256,-0.006688980160271529,Base Equity Minimum-Variance
2021-11-11,0.005087041348624613,0.005087041348624588,0.0,0.0,1.123605919975332,-0.0016359659303025742,1.122170364367406,-0.0016359659303023522,Base Equity Minimum-Variance
2021-11-12,0.0020213483780612443,0.0020213483780613384,0.0,0.0,1.1258771189792545,0.0,1.1244386616133284,0.0,Base Equity Minimum-Variance
2021-11-15,-0.005765710452260646,-0.005765710452260597,0.0,0.0,1.1193856375063946,-0.005765710452260708,1.1179554738691384,-0.005765710452260708,Base Equity Minimum-Variance
2021-11-16,-0.009195697962480749,-0.009195697962480764,0.0,0.0,1.1090921052803469,-0.014908388682883356,1.1076750929959358,-0.014908388682883245,Base Equity Minimum-Variance
2021-11-17,-0.001560089357890706,-0.0015600893578907593,0.0,0.0,1.1073618224899784,-0.016445219622246543,1.1059470208713522,-0.016445219622246543,Base Equity Minimum-Variance
2021-11-18,-0.0015481006275541804,-0.001548100627554172,0.0,0.0,1.1056475149576521,-0.017967861394983298,1.1042349035942995,-0.017967861394983298,Base Equity Minimum-Variance
2021-11-19,-0.008747982556874733,-0.0087479825568747,0.0,0.0,1.0959753297827508,-0.026558661413790263,1.0945750759189643,-0.026558661413790485,Base Equity Minimum-Variance
2021-11-22,-0.001278546881525964,-0.0012785468815259549,0.0,0.0,1.0945740739426277,-0.027803251801588047,1.093175610369052,-0.02780325180158838,Base Equity Minimum-Variance
2021-11-23,0.008461898697466145,0.008461898697466053,0.0,0.0,1.103836248873203,-0.019576621404327144,1.1024259516425354,-0.019576621404327588,Base Equity Minimum-Variance
2021-11-24,-0.0019960086831106554,-0.0019960086831106727,0.0,0.0,1.1016329821357198,-0.021533554981128744,1.1002254998705703,-0.02153355498112941,Base Equity Minimum-Variance
2021-11-26,-0.010289105331226544,-0.010289105331226511,0.0,0.0,1.0902981643461722,-0.031601099296998725,1.0889051638143006,-0.03160109929699928,Base Equity Minimum-Variance
2021-11-29,-0.00526554633016739,-0.005265546330167403,0.0,0.0,1.084557148848111,-0.03670024857473353,1.0831714832250778,-0.036700248574734196,Base Equity Minimum-Variance
2021-11-30,-0.015915550620321246,-0.01591555062032124,0.0,0.0,1.0672958246449875,-0.05203169453108536,1.0659322126533206,-0.052031694531085915,Base Equity Minimum-Variance
2021-12-01,-0.011606316294465317,-0.011627132114032546,0.021060251507466342,2.106025150746634e-05,1.0549084517243956,-0.06303411452148577,1.0535384779921975,-0.06305384725868846,Base Equity Minimum-Variance
2021-12-02,0.0041844291091346,0.004184429109134635,0.0,0.0,1.0593226413572634,-0.059113447196023405,1.0579469350671014,-0.059133262503466066,Base Equity Minimum-Variance
2021-12-03,0.012039336541339003,0.01203933654133893,0.0,0.0,1.0720761831424235,-0.04778579733959609,1.0706839142612523,-0.04780585121019365,Base Equity Minimum-Variance
2021-12-06,0.01222872011056708,0.012228720110567082,0.0,0.0,1.0851863027232773,-0.03614143636995515,1.0837770081756395,-0.03616173547372348,Base Equity Minimum-Variance
2021-12-07,0.0011331991776785918,0.0011331991776786232,0.0,0.0,1.0864160349491514,-0.035049192638251125,1.0850051433900911,-0.03506951474494713,Base Equity Minimum-Variance
2021-12-08,0.0017012584191150922,0.0017012584191151703,0.0,0.0,1.0882643093752704,-0.03340756195319494,1.0868510175250667,-0.03342791863304617,Base Equity Minimum-Variance
2021-12-09,0.0031850645258208942,0.003185064525820902,0.0,0.0,1.0917305014217786,-0.03032890266784527,1.0903127081458381,-0.030349324185035442,Base Equity Minimum-Variance
2021-12-10,0.008239651102539842,0.008239651102539769,0.0,0.0,1.1007259798514948,-0.022339151141611446,1.0992965044536251,-0.022359740924978166,Base Equity Minimum-Variance
2021-12-13,0.01046254373724463,0.010462543737244534,0.0,0.0,1.1122423735584124,-0.012110331750239012,1.1107979422116712,-0.012131136955114807,Base Equity Minimum-Variance
2021-12-14,0.0024689387475566107,0.002468938747556715,0.0,0.0,1.1149884318511651,-0.009671292669986231,1.1135404342919037,-0.009692149241638526,Base Equity Minimum-Variance
2021-12-15,0.008624633777071174,0.008624633777071233,0.0,0.0,1.1246047987415524,-0.001130070250344506,1.1231443127336322,-0.0011511067022891286,Base Equity Minimum-Variance
2021-12-16,0.012772247203865758,0.012772247203865827,0.0,0.0,1.1389685292377332,0.0,1.1374893895414822,0.0,Base Equity Minimum-Variance
2021-12-17,-0.011821102200323477,-0.011821102200323508,0.0,0.0,1.1255046658506618,-0.011821102200323508,1.1240430112159288,-0.011821102200323508,Base Equity Minimum-Variance
2021-12-20,0.0037774117320954407,0.003777411732095448,0.0,0.0,1.1297561603799742,-0.008088343638365969,1.1282889844738757,-0.008088343638365747,Base Equity Minimum-Variance
2021-12-21,-0.001537216639364301,-0.0015372166393643472,0.0,0.0,1.1280194804118138,-0.009613126741304434,1.126554559872931,-0.009613126741304323,Base Equity Minimum-Variance
2021-12-22,0.004900848032174234,0.004900848032174165,0.0,0.0,1.1335477324626442,-0.004759391182403316,1.132075632570821,-0.004759391182403427,Base Equity Minimum-Variance
2021-12-23,0.0037201546749886442,0.0037201546749885406,0.0,0.0,1.1377647053588877,-0.001056942178772169,1.1362871290277698,-0.00105694217877228,Base Equity Minimum-Variance
2021-12-27,0.009643484196564852,0.009643484196564911,0.0,0.0,1.1487367213144255,0.0,1.1472448959993093,0.0,Base Equity Minimum-Variance
2021-12-28,0.004522613163750017,0.004522613163749911,0.0,0.0,1.153932013131925,0.0,1.1524334408680008,0.0,Base Equity Minimum-Variance
2021-12-29,0.003871515251958218,0.0038715152519581686,0.0,0.0,1.158399478520488,0.0,1.156895104511188,0.0,Base Equity Minimum-Variance
2021-12-30,0.0030369587715968448,0.0030369587715968205,0.0,0.0,1.161917489977794,0.0,1.1604085472466505,0.0,Base Equity Minimum-Variance
2021-12-31,-0.0008171654764324523,-0.0008171654764324021,0.0,0.0,1.1609680111185212,-0.0008171654764322911,1.1594603014432836,-0.0008171654764322911,Base Equity Minimum-Variance
2022-01-03,-0.002315463714097984,-0.002359105658792493,0.04374323055771168,4.374323055771169e-05,1.1582798318155478,-0.0031307370735211837,1.1567250120850034,-0.0031743433555252443,Base Equity Minimum-Variance
2022-01-04,-0.0020993838912058797,-0.002099383891205897,0.0,0.0,1.1558481577951256,-0.005223548345747342,1.1542966022280772,-0.005267063081425438,Base Equity Minimum-Variance
2022-01-05,-0.0006311777519682456,-0.0006311777519681927,0.0,0.0,1.155118612153272,-0.005851429110213302,1.1535680358935783,-0.00589491638035855,Base Equity Minimum-Variance
2022-01-06,-0.00928747056009013,-0.00928747056009016,0.0,0.0,1.1443904820494861,-0.015084554694708041,1.1428543067211556,-0.015127638078111905,Base Equity Minimum-Variance
2022-01-07,0.0028845948049759265,0.0028845948049758263,0.0,0.0,1.1476915848888698,-0.012243472717839987,1.1461509783171677,-0.01228668037934777,Base Equity Minimum-Variance
2022-01-10,-0.0021525883954506228,-0.0021525883954506275,0.0,0.0,1.1452210773016818,-0.014369705955998069,1.1436837870218077,-0.014412820609195243,Base Equity Minimum-Variance
2022-01-11,0.004841352443687082,0.004841352443686997,0.0,0.0,1.1507654961628382,-0.0095979223233561,1.1492207633189109,-0.009641245709785085,Base Equity Minimum-Variance
2022-01-12,0.004313712323867708,0.00431371232386768,0.0,0.0,1.1557295674655175,-0.005325612675298297,1.1541781710884842,-0.0053691229463531664,Base Equity Minimum-Variance
2022-01-13,-0.0018403949702632742,-0.001840394970263226,0.0,0.0,1.1536025685825695,-0.0071562064147803195,1.1520540273876254,-0.007199636609751203,Base Equity Minimum-Variance
2022-01-14,-0.0016743798873601284,-0.001674379887360078,0.0,0.0,1.151670999643728,-0.008818604094049554,1.1501250512950154,-0.008861961570375554,Base Equity Minimum-Variance
2022-01-18,-0.0035059372214088446,-0.0035059372214087947,0.0,0.0,1.14763331341926,-0.012293623843124157,1.1460927850684055,-0.012336829310860109,Base Equity Minimum-Variance
2022-01-19,0.00755565271239526,0.007555652712395222,0.0,0.0,1.1563044321766314,-0.0048308574830643325,1.1547522641285641,-0.004874389396309908,Base Equity Minimum-Variance
2022-01-20,-0.013139905408767416,-0.013139905408767416,0.0,0.0,1.141110701314092,-0.017907285881461066,1.1395789286073548,-0.017950245789484343,Base Equity Minimum-Variance
2022-01-21,-0.0034330295742514725,-0.0034330295742515116,0.0,0.0,1.137193234528986,-0.021278839213686895,1.1356667204432518,-0.021321651639075512,Base Equity Minimum-Variance
2022-01-24,-0.003178333789668655,-0.003178333789668697,0.0,0.0,1.1335788548462997,-0.02438954174967778,1.1320571925318648,-0.024432218102888204,Base Equity Minimum-Variance
2022-01-25,-0.00602430399983773,-0.006024303999837777,0.0,0.0,1.1267498312169177,-0.0302669157355987,1.1252373358588499,-0.030309334993483872,Base Equity Minimum-Variance
2022-01-26,-0.0116576000389548,-0.011657600038954774,0.0,0.0,1.113614632340631,-0.041571676176495154,1.1121197690485083,-0.041613600927637995,Base Equity Minimum-Variance
2022-01-27,0.001340603179963518,0.0013406031799634288,0.0,0.0,1.1151075476580008,-0.04028680411781027,1.1136106803473949,-0.04032878507340787,Base Equity Minimum-Variance
2022-01-28,0.008283168440667087,0.00828316844066701,0.0,0.0,1.124344171304711,-0.03233733806158734,1.1228349051900381,-0.03237966675251136,Base Equity Minimum-Variance
2022-01-31,0.007966198020354372,0.007966198020354476,0.0,0.0,1.1333009196163557,-0.02462874567968265,1.131779630388948,-0.024671411569340385,Base Equity Minimum-Variance
2022-02-01,0.001131503503935545,0.001116240669093882,0.015245584409541175,1.5245584409541175e-05,1.134583253577915,-0.02352510968778121,1.13304296884084,-0.023582710133204232,Base Equity Minimum-Variance
2022-02-02,0.00818283142720895,0.008182831427208992,0.0,0.0,1.1438673570820774,-0.015534780267453807,1.1423144684546491,-0.015592852047612071,Base Equity Minimum-Variance
2022-02-03,-0.004598875724986573,-0.0045988757249866286,0.0,0.0,1.138606853260988,-0.020062213468575507,1.137061106175372,-0.020120018183833688,Base Equity Minimum-Variance
2022-02-04,-0.008175135363764633,-0.008175135363764685,0.0,0.0,1.1292985881094693,-0.028073337521537844,1.1277654777155162,-0.028130669675424214,Base Equity Minimum-Variance
2022-02-07,0.0024897416232597127,0.002489741623259656,0.0,0.0,1.1321102498093738,-0.025653491255209437,1.1305733223666599,-0.025710966151345493,Base Equity Minimum-Variance
2022-02-08,-0.000797303192682189,-0.0007973031926822305,0.0,0.0,1.1312076146927326,-0.02643034083741036,1.1296719126471755,-0.026487769908628445,Base Equity Minimum-Variance
2022-02-09,0.0011755602887084829,0.001175560288708466,0.0,0.0,1.13253741744285,-0.025285851007807336,1.1309999100869528,-0.025343347590361054,Base Equity Minimum-Variance
2022-02-10,-0.01591342793312263,-0.01591342793312267,0.0,0.0,1.1145148648688084,-0.04079689437318956,1.1130018245254159,-0.04085347598802047,Base Equity Minimum-Variance
2022-02-11,0.0017499713517571474,0.0017499713517572513,0.0,0.0,1.1164652339534364,-0.03911831641782604,1.114949545832789,-0.03917499704886185,Base Equity Minimum-Variance
2022-02-14,-0.004742602249044617,-0.0047426022490446584,0.0,0.0,1.1111702834239088,-0.043675396051448545,1.1096617836091511,-0.04373180786879616,Base Equity Minimum-Variance
2022-02-15,0.0023140184439315015,0.0023140184439314204,0.0,0.0,1.1137415519541003,-0.041462443279526195,1.1122295614429485,-0.04151898563485967,Base Equity Minimum-Variance
2022-02-16,-0.00023332540946690127,-0.00023332540946685576,0.0,0.0,1.1134816877504503,-0.041686094447437316,1.1119700500251037,-0.04174262361000258,Base Equity Minimum-Variance
2022-02-17,0.003453592936081603,0.0034535929360814954,0.0,0.0,1.1173272002417214,-0.038376468312672385,1.1158103419350047,-0.038433192703953956,Base Equity Minimum-Variance
2022-02-18,-0.0052680060545375156,-0.005268006054537477,0.0,0.0,1.1114411137859486,-0.0434423068997869,1.1099322462979755,-0.04349873246663194,Base Equity Minimum-Variance
2022-02-22,-0.00537079936458755,-0.0053707993645875085,0.0,0.0,1.1054717865582506,-0.048579786350080756,1.1039710228948232,-0.048635908866527244,Base Equity Minimum-Variance
2022-02-23,0.002388792864704687,0.002388792864704614,0.0,0.0,1.1081125296741132,-0.04630704053237811,1.106608180997155,-0.04636329711389131,Base Equity Minimum-Variance
2022-02-24,-0.007741831240166945,-0.007741831240166919,0.0,0.0,1.0995337094742619,-0.05369037047951175,1.098041007210887,-0.053746191532064724,Base Equity Minimum-Variance
2022-02-25,0.022095357252787114,0.022095357252787107,0.0,0.0,1.1238282995965778,-0.03278132114350396,1.1223026155434217,-0.03283837558215541,Base Equity Minimum-Variance
2022-02-28,-0.010968868577304437,-0.010968868577304391,0.0,0.0,1.1115011746748475,-0.04339061571739489,1.109992225649561,-0.04344704433340696,Base Equity Minimum-Variance
2022-03-01,0.0009011803415131282,0.0008648709225020923,0.036276727137530704,3.6276727137530705e-05,1.1125028376830333,-0.0425285381457724,1.1109522256497286,-0.042619749496217496,Base Equity Minimum-Variance
2022-03-02,0.01072844721229246,0.01072844721229238,0.0,0.0,1.124438265650641,-0.032256356109993,1.1228710179579904,-0.032348546016596536,Base Equity Minimum-Variance
2022-03-03,0.008905354533935424,0.008905354533935483,0.0,0.0,1.1344517870577835,-0.023638255863189905,1.1328705824687872,-0.02373126675359616,Base Equity Minimum-Variance
2022-03-04,0.010288900090356464,0.010288900090356545,0.0,0.0,1.1461240481521475,-0.013592567425719904,1.1445265747071127,-0.013686535295884927,Base Equity Minimum-Variance
2022-03-07,-0.005605721727427918,-0.005605721727427904,0.0,0.0,1.1396991956730933,-0.01912209300259804,1.1381106772196585,-0.019215534115031407,Base Equity Minimum-Variance
2022-03-08,-0.014206715768081777,-0.014206715768081746,0.0,0.0,1.1235078131390543,-0.033057146630500966,1.1219418623157797,-0.033149260251609025,Base Equity Minimum-Variance
2022-03-09,0.005398804519686562,0.005398804519686662,0.0,0.0,1.1295734121985328,-0.02783681118345105,1.1279990071128758,-0.027929422107993096,Base Equity Minimum-Variance
2022-03-10,0.0014301316870541638,0.0014301316870541925,0.0,0.0,1.1311888509281718,-0.02644648980213682,1.1296121942359136,-0.026539233172496624,Base Equity Minimum-Variance
2022-03-11,-0.006339259239070019,-0.006339259239069972,0.0,0.0,1.1240179515537925,-0.03261809788638759,1.1224512896970376,-0.03271025333248001,Base Equity Minimum-Variance
2022-03-14,-0.0026635120246518208,-0.0026635120246518706,0.0,0.0,1.1210241162239043,-0.03519473121509786,1.1194616271898434,-0.03528664120405145,Base Equity Minimum-Variance
2022-03-15,0.008808198356074982,0.008808198356075048,0.0,0.0,1.1308983190015482,-0.026696535032654123,1.1293220672541462,-0.026789254583021282,Base Equity Minimum-Variance
2022-03-16,0.003312245458003085,0.003312245458003016,0.0,0.0,1.1346441318221243,-0.023472715051557458,1.1330626591420314,-0.02356574171183401,Base Equity Minimum-Variance
2022-03-17,0.012237218584986949,0.012237218584987053,0.0,0.0,1.1485290200794045,-0.011522737211439482,1.1469281945724392,-0.011616902259292017,Base Equity Minimum-Variance
2022-03-18,0.004520404401363258,0.004520404401363365,0.0,0.0,1.153720835716865,-0.007054420242082582,1.1521127738312322,-0.007149010954031754,Base Equity Minimum-Variance
2022-03-21,0.0029519672806442195,0.0029519672806441744,0.0,0.0,1.1571265818748986,-0.004123277379176837,1.1555137730431941,-0.004218147319812848,Base Equity Minimum-Variance
2022-03-22,0.0036185043113198044,0.0036185043113197146,0.0,0.0,1.1613136494001555,-0.0005196931648305814,1.1596950046127403,-0.000614906392755632,Base Equity Minimum-Variance
2022-03-23,-0.006801612263762022,-0.006801612263761969,0.0,0.0,1.1534148442403211,-0.007317770677189306,1.1518072088471427,-0.007412336301655609,Base Equity Minimum-Variance
2022-03-24,0.006047052224344817,0.006047052224344762,0.0,0.0,1.1603896040397768,-0.0013149693942953178,1.1587722471914181,-0.0014101068620314683,Base Equity Minimum-Variance
2022-03-25,0.007186029877850904,0.007186029877850997,0.0,0.0,1.1687281984043543,0.0,1.1670992191813603,0.0,Base Equity Minimum-Variance
2022-03-28,0.0063330011673409835,0.006333001167341035,0.0,0.0,1.1761297554491534,0.0,1.1744904598988386,0.0,Base Equity Minimum-Variance
2022-03-29,0.012339094923513361,0.012339094923513372,0.0,0.0,1.190642132144009,0.0,1.1889826091702913,0.0,Base Equity Minimum-Variance
2022-03-30,0.0039004849731399047,0.003900484973139884,0.0,0.0,1.195286213888824,0.0,1.1936202179706847,0.0,Base Equity Minimum-Variance
2022-03-31,-0.009273033234367975,-0.009273033234368011,0.0,0.0,1.184202285102851,-0.009273033234368011,1.182551738020229,-0.0092730332343679,Base Equity Minimum-Variance
2022-04-01,0.009834768065549624,0.009797081781808714,0.0373192574990054,3.73192574990054e-05,1.1958486399195316,0.0,1.1941372941088333,0.0,Base Equity Minimum-Variance
2022-04-04,0.0012683700900018437,0.0012683700900018025,0.0,0.0,1.197365418566575,0.0,1.1956519021360366,0.0,Base Equity Minimum-Variance
2022-04-05,-0.004802474121517483,-0.004802474121517464,0.0,0.0,1.191615102129909,-0.004802474121517464,1.1899098148176852,-0.004802474121517353,Base Equity Minimum-Variance
2022-04-06,0.013520139791665206,0.013520139791665109,0.0,0.0,1.2077259048885647,0.0,1.2059975618534946,0.0,Base Equity Minimum-Variance
2022-04-07,0.007403766696717636,0.007403766696717717,0.0,0.0,1.216667625721942,0.0,1.2149264864382683,0.0,Base Equity Minimum-Variance
2022-04-08,0.006700794209202319,0.006700794209202332,0.0,0.0,1.2248202651029034,0.0,1.2230674588032004,0.0,Base Equity Minimum-Variance
2022-04-11,-0.013258413432172579,-0.0132584134321726,0.0,0.0,1.208581091648066,-0.0132584134321726,1.2068515247789509,-0.0132584134321726,Base Equity Minimum-Variance
2022-04-12,-0.002603699474009983,-0.0026036994740099573,0.0,0.0,1.2054343096954434,-0.01582759198210304,1.2037092460986758,-0.01582759198210304,Base Equity Minimum-Variance
2022-04-13,0.004023563822903104,0.004023563822903142,0.0,0.0,1.2102844515748201,-0.01186771148570287,1.2085524470745725,-0.011867711485702648,Base Equity Minimum-Variance
2022-04-14,0.002673811594555097,0.0026738115945550422,0.0,0.0,1.2135205241741505,-0.009225631915719124,1.2117838886201884,-0.009225631915718902,Base Equity Minimum-Variance
2022-04-18,-0.006113578337122393,-0.0061135783371223384,0.0,0.0,1.206101571385906,-0.015282808629415334,1.2043755528894462,-0.015282808629415001,Base Equity Minimum-Variance
2022-04-19,0.0056298640992860005,0.005629864099286008,0.0,0.0,1.212891759322744,-0.00973898466576828,1.2111560235767163,-0.009738984665767947,Base Equity Minimum-Variance
2022-04-20,0.0053727517390224685,0.005372751739022519,0.0,0.0,1.2194083256318913,-0.004418558073545187,1.2176632642086156,-0.004418558073544854,Base Equity Minimum-Variance
2022-04-21,-0.007583472649624351,-0.007583472649624334,0.0,0.0,1.2101609759457377,-0.011968522708867946,1.2084291481480374,-0.011968522708867613,Base Equity Minimum-Variance
2022-04-22,-0.015573403046768457,-0.015573403046768464,0.0,0.0,1.1913146513158641,-0.02735553512761668,1.1896097939704648,-0.02735553512761646,Base Equity Minimum-Variance
2022-04-25,-0.0011536147203303196,-0.001153614720330265,0.0,0.0,1.189940333197561,-0.028477592099941162,1.1882374426006914,-0.02847759209994105,Base Equity Minimum-Variance
2022-04-26,-0.015391831297720017,-0.015391831297720038,0.0,0.0,1.1716249723346315,-0.0434311011042936,1.1699482923425473,-0.04343110110429349,Base Equity Minimum-Variance
2022-04-27,-0.004081175436186975,-0.004081175436187023,0.0,0.0,1.1668433652771162,-0.04733502659748723,1.16517352811023,-0.04733502659748712,Base Equity Minimum-Variance
2022-04-28,0.01348664671048045,0.013486646710480388,0.0,0.0,1.1825801695110767,-0.03448677066775829,1.1808878118402566,-0.03448677066775829,Base Equity Minimum-Variance
2022-04-29,-0.03165857158999546,-0.03165857158999541,0.0,0.0,1.1451413705537015,-0.0650535403596606,1.1435025905093588,-0.06505354035966071,Base Equity Minimum-Variance
2022-05-02,3.4783174795619855e-05,-8.53496136643539e-06,0.04331662947214616,4.331662947214616e-05,1.1451812022061592,-0.06502101995353038,1.1434928307589263,-0.06506152009157351,Base Equity Minimum-Variance
2022-05-03,0.003524116824439909,0.0035241168244399823,0.0,0.0,1.1492169545478863,-0.061726044799450874,1.1475226330824304,-0.06176668766471183,Base Equity Minimum-Variance
2022-05-04,0.018709113960120347,0.018709113960120316,0.0,0.0,1.1707177855154252,-0.0441717704457909,1.1689917647965868,-0.04421317370304978,Base Equity Minimum-Variance
2022-05-05,-0.014612783817422863,-0.014612783817422814,0.0,0.0,1.1536103396044763,-0.05813908173085658,1.1519095408532667,-0.058179879971267834,Base Equity Minimum-Variance
2022-05-06,-0.010724744954559174,-0.010724744954559218,0.0,0.0,1.141238162935276,-0.06824029986196001,1.139555604816892,-0.06828066055164828,Base Equity Minimum-Variance
2022-05-09,-0.012939644068391595,-0.012939644068391543,0.0,0.0,1.1264709473096284,-0.08029693873901755,1.1248101608944208,-0.08033677717574683,Base Equity Minimum-Variance
2022-05-10,-0.006489499491829482,-0.006489499491829531,0.0,0.0,1.1191607146695017,-0.08626535128770485,1.1175107059268918,-0.08630493119291904,Base Equity Minimum-Variance
2022-05-11,0.002195664934848792,0.0021956649348486845,0.0,0.0,1.1216180166071616,-0.08425909615977101,1.1199643849982135,-0.08429876296919525,Base Equity Minimum-Variance
2022-05-12,0.006049402814079707,0.0060494028140796186,0.0,0.0,1.1284031357931474,-0.07871941055911214,1.1267395007004906,-0.07875931732904495,Base Equity Minimum-Variance
2022-05-13,0.005850844558824109,0.00585084455882412,0.0,0.0,1.1350052471403629,-0.07332914103523158,1.1333318783773763,-0.0733692812934722,Base Equity Minimum-Variance
2022-05-16,0.006604054265012778,0.00660405426501276,0.0,0.0,1.1425008833835522,-0.06720935639682224,1.1408164636024494,-0.06724976174350639,Base Equity Minimum-Variance
2022-05-17,-0.013800083886030297,-0.013800083886030268,0.0,0.0,1.1267342753529954,-0.08008194552665027,1.1250731007061712,-0.08012179327616076,Base Equity Minimum-Variance
2022-05-18,-0.025650806237622954,-0.025650806237622947,0.0,0.0,1.0978326327746273,-0.10367858529643714,1.0962140685967956,-0.10371741091904596,Base Equity Minimum-Variance
2022-05-19,-0.0033032635510770033,-0.003303263551077018,0.0,0.0,1.0942062022535999,-0.10663937115567723,1.092592984619822,-0.10667806852702211,Base Equity Minimum-Variance
2022-05-20,0.002963235074258526,0.0029632350742585523,0.0,0.0,1.097448592450589,-0.10399213360632409,1.095830594473736,-0.10403094564707704,Base Equity Minimum-Variance
2022-05-23,0.011270777528106075,0.011270777528106013,0.0,0.0,1.1098176913846327,-0.09389342828076797,1.1081814573125417,-0.09393267776339775,Base Equity Minimum-Variance
2022-05-24,0.01224123503609112,0.012241235036091203,0.0,0.0,1.123403230592084,-0.08280156476860612,1.1217469669941427,-0.08284129471337764,Base Equity Minimum-Variance
2022-05-25,0.0029272087325524065,0.0029272087325524776,0.0,0.0,1.1266916663388509,-0.08011673349951332,1.1250305545116421,-0.08015657974212609,Base Equity Minimum-Variance
2022-05-26,0.0020787733536763242,0.002078773353676233,0.0,0.0,1.1290338029526452,-0.07820450467661944,1.1273692380504325,-0.07824443375053969,Base Equity Minimum-Variance
2022-05-27,0.00961179800823046,0.009611798008230421,0.0,0.0,1.1398858478110903,-0.06934439257067437,1.138205283447266,-0.0693847054347877,Base Equity Minimum-Variance
2022-05-31,-0.006270536679892893,-0.0062705366798928575,0.0,0.0,1.1327381517915,-0.07518010269340791,1.131068125468162,-0.07522016277422827,Base Equity Minimum-Variance
2022-06-01,-0.008522720012020694,-0.00859223265805642,0.07011017543093004,7.011017543093004e-05,1.1230841416768473,-0.0830620837396977,1.121349724982028,-0.08316608629315159,Base Equity Minimum-Variance
2022-06-02,0.007278217689150393,0.007278217689150379,0.0,0.0,1.1312581925432041,-0.07638840997771923,1.129511152386116,-0.07649316948439733,Base Equity Minimum-Variance
2022-06-03,-0.007729852190024964,-0.007729852190024977,0.0,0.0,1.1225137339260904,-0.0835277910495853,1.1207801981311867,-0.0836317407807613,Base Equity Minimum-Variance
2022-06-06,-0.006001565279638634,-0.006001565279638688,0.0,0.0,1.115776894474642,-0.0890280588385759,1.114053762607976,-0.08913138470865445,Base Equity Minimum-Variance
2022-06-07,0.006826265662735642,0.006826265662735587,0.0,0.0,1.123393483976668,-0.08280952235691019,1.1216585895541082,-0.08291355355682761,Base Equity Minimum-Variance
2022-06-08,-0.010672111776789164,-0.010672111776789173,0.0,0.0,1.1114045031463524,-0.09259788165492377,1.109688123710991,-0.09270080262224756,Base Equity Minimum-Variance
2022-06-09,-0.020007293310365066,-0.020007293310365104,0.0,0.0,1.0891683072654428,-0.11075254198710027,1.0874862679368764,-0.1108534037844432,Base Equity Minimum-Variance
2022-06-10,-0.00676693150147933,-0.006766931501479334,0.0,0.0,1.0817979799365953,-0.11677001862333825,1.0801273228529482,-0.11687019789580733,Base Equity Minimum-Variance
2022-06-13,-0.025652055916329783,-0.025652055916329797,0.0,0.0,1.0540476376650891,-0.13942668349259135,1.0524198363703687,-0.1395242929607614,Base Equity Minimum-Variance
2022-06-14,-0.008462741714091079,-0.008462741714091115,0.0,0.0,1.0451275047531816,-0.14670949319623228,1.0435134791203802,-0.14680627662068446,Base Equity Minimum-Variance
2022-06-15,0.0053277439471085585,0.005327743947108665,0.0,0.0,1.0506956764905873,-0.14216337986348315,1.04907305174249,-0.1422606789252393,Base Equity Minimum-Variance
2022-06-16,-0.0002831109431276204,-0.0002831109431276069,0.0,0.0,1.050398213046676,-0.14240624279805925,1.0487760476814014,-0.14250351431338637,Base Equity Minimum-Variance
2022-06-17,-0.005285754012222446,-0.005285754012222421,0.0,0.0,1.0448460664776333,-0.14693927244104632,1.0432324754794466,-0.14703602980307107,Base Equity Minimum-Variance
2022-06-21,0.0256218783817314,0.025621878381731467,0.0,0.0,1.0716169853205537,-0.12508225422729946,1.0699620510900536,-0.12518149069468665,Base Equity Minimum-Variance
2022-06-22,0.004385354126904202,0.004385354126904106,0.0,0.0,1.0763164052895897,-0.12124543008017352,1.074654213586432,-0.12134510173461255,Base Equity Minimum-Variance
2022-06-23,0.010349603548866038,0.010349603548865938,0.0,0.0,1.0874558533774774,-0.11215066866474921,1.08577645864917,-0.11225137188129652,Base Equity Minimum-Variance
2022-06-24,0.014632617605419614,0.014632617605419673,0.0,0.0,1.1033681790427254,-0.09915910890809287,1.1016642103735501,-0.09926128567629966,Base Equity Minimum-Variance
2022-06-27,-0.004058934844236616,-0.004058934844236584,0.0,0.0,1.098889679494787,-0.10281556339005893,1.0971926271234165,-0.102917325429421,Base Equity Minimum-Variance
2022-06-28,-0.013789934829465528,-0.013789934829465555,0.0,0.0,1.0837360624297816,-0.1151876783009208,1.0820624123000144,-0.11528803704839197,Base Equity Minimum-Variance
2022-06-29,-2.6002083663151042e-05,-2.6002083663101416e-05,0.0,0.0,1.0837078830340177,-0.11521068526493572,1.0820342764226412,-0.1153110414028704,Base Equity Minimum-Variance
2022-06-30,-0.009636163048310395,-0.009636163048310387,0.0,0.0,1.0732650971763626,-0.12373665936512557,1.071607617711172,-0.12383604845495233,Base Equity Minimum-Variance
2022-07-01,0.010284538607788215,0.010236597368759037,0.04745320471305838,4.745320471305838e-05,1.0843031335046645,-0.11472469520777684,1.0825772334309762,-0.11486711085396473,Base Equity Minimum-Variance
2022-07-05,0.0011922906034094998,0.0011922906034094183,0.0,0.0,1.0855959379419895,-0.1136691897804426,1.0838679800938609,-0.11381177522746744,Base Equity Minimum-Variance
2022-07-06,0.001556131435336347,0.0015561314353362832,0.0,0.0,1.0872852679070943,-0.11228994254455293,1.0855546211294393,-0.11243274987327401,Base Equity Minimum-Variance
2022-07-07,0.001391651330396189,0.0013916513303962041,0.0,0.0,1.0887983898966975,-0.11105455966208888,1.087065334662152,-0.111197565728819,Base Equity Minimum-Variance
2022-07-08,-0.0015191765634654311,-0.001519176563465452,0.0,0.0,1.0871443129004275,-0.1124050247412498,1.0854138904827775,-0.11254781355651478,Base Equity Minimum-Variance
2022-07-11,-0.0019523638357368095,-0.0019523638357368256,0.0,0.0,1.0850218116596937,-0.1141379330717267,1.0832947676561926,-0.11428044311127261,Base Equity Minimum-Variance
2022-07-12,-0.006674008300932288,-0.006674008300932233,0.0,0.0,1.0777803670819843,-0.12005018385988697,1.0760648493844986,-0.120191742786246,Base Equity Minimum-Variance
2022-07-13,-0.0014910394921972179,-0.0014910394921971992,0.0,0.0,1.0761733539907503,-0.12136222378690353,1.0744603941979012,-0.12150357164331282,Base Equity Minimum-Variance
2022-07-14,-0.0024526847343902852,-0.002452684734390309,0.0,0.0,1.0735338400338597,-0.12351724524768004,1.071825081591345,-0.12365824642235967,Base Equity Minimum-Variance
2022-07-15,0.011564498548359468,0.011564498548359392,0.0,0.0,1.0859487205685459,-0.11338116170268486,1.0842202011915034,-0.11352379348524422,Base Equity Minimum-Variance
2022-07-18,-0.01208358009577504,-0.012083580095775037,0.0,0.0,1.0728265722236514,-0.12409469144967344,1.0711189395489487,-0.12423559972966403,Base Equity Minimum-Variance
2022-07-19,0.012377802363830789,0.012377802363830792,0.0,0.0,1.0861058075053018,-0.11325290865100723,1.0843770380908415,-0.11339556106583903,Base Equity Minimum-Variance
2022-07-20,-0.0058854608310556404,-0.005885460831055678,0.0,0.0,1.0797135743168473,-0.1184718239241942,1.0779949795070618,-0.11861363676382608,Base Equity Minimum-Variance
2022-07-21,0.005970050624983177,0.005970050624983125,0.0,0.0,1.0861595190160005,-0.11320905608567255,1.0844306641081967,-0.11335171555513635,Base Equity Minimum-Variance
2022-07-22,-0.0017264546219315354,-0.0017264546219315502,0.0,0.0,1.0842843138942404,-0.11474006040948048,1.0825584437759828,-0.11488247358384385,Base Equity Minimum-Variance
2022-07-25,-0.009044629225377193,-0.009044629225377188,0.0,0.0,1.0744773643001746,-0.12274690833115642,1.0727671040372277,-0.12288803343116095,Base Equity Minimum-Variance
2022-07-26,-0.005702323824092189,-0.0057023238240921925,0.0,0.0,1.0683503464272779,-0.1277492895355382,1.0666498386221739,-0.1278896098945227,Base Equity Minimum-Variance
2022-07-27,0.006814490381561891,0.0068144903815619,0.0,0.0,1.0756306095871448,-0.12180534545876764,1.0739185136879592,-0.1219466220294888,Base Equity Minimum-Variance
2022-07-28,0.007083574744558937,0.007083574744559007,0.0,0.0,1.083249919407691,-0.11558458798305271,1.0815256957492336,-0.11572686529692211,Base Equity Minimum-Variance
2022-07-29,-0.0014403772507593114,-0.001440377250759295,0.0,0.0,1.0816896308668893,-0.11685847982274278,1.0799678907409649,-0.11700055220360595,Base Equity Minimum-Variance
2022-08-01,-0.005757945786470923,-0.005800287639870838,0.04258706742538119,4.258706742538119e-05,1.07546132061457,-0.12194356081770497,1.0737037663328426,-0.12212220298667231,Base Equity Minimum-Variance
2022-08-02,-0.005159884004798504,-0.005159884004798498,0.0,0.0,1.0699120649485514,-0.12647423019355197,1.06816357944305,-0.12665195058964895,Base Equity Minimum-Variance
2022-08-03,0.009968223435235575,0.009968223435235624,0.0,0.0,1.0805771874680128,-0.11776673014368522,1.0788112726683194,-0.11794622209639927,Base Equity Minimum-Variance
2022-08-04,-0.005522926969356668,-0.005522926969356634,0.0,0.0,1.0746092385768742,-0.12263924006303839,1.0728530767956537,-0.122817740694806,Base Equity Minimum-Variance
2022-08-05,-0.0028251828277878715,-0.0028251828277878754,0.0,0.0,1.0715732710094645,-0.12511794461578718,1.0698220707063513,-0.12529594095063512,Base Equity Minimum-Variance
2022-08-08,0.005797478678964604,0.005797478678964518,0.0,0.0,1.0777856942010902,-0.12004583455308859,1.0760243413515571,-0.12022486281789269,Base Equity Minimum-Variance
2022-08-09,0.003283335348779706,0.003283335348779781,0.0,0.0,1.0813244260692698,-0.11715664993637065,1.0795572901076642,-0.117336266011005,Base Equity Minimum-Variance
2022-08-10,0.009070181685845767,0.009070181685845835,0.0,0.0,1.091132235075061,-0.10914910035115288,1.0893490708692202,-0.10933034557621768,Base Equity Minimum-Variance
2022-08-11,-0.0015522917303464657,-0.0015522917303464334,0.0,0.0,1.0894384795298395,-0.11053196083564942,1.0876580833150493,-0.11071292471525018,Base Equity Minimum-Variance
2022-08-12,0.015603802798543755,0.015603802798543676,0.0,0.0,1.1064378627255684,-0.0966528769569216,1.1046296855593394,-0.09683666456121331,Base Equity Minimum-Variance
2022-08-15,0.007723064520362414,0.0077230645203623105,0.0,0.0,1.1149829537271698,-0.08967626884137614,1.1131608118920218,-0.0898614758491938,Base Equity Minimum-Variance
2022-08-16,0.014217689410181865,0.014217689410181755,0.0,0.0,1.1308354350609098,-0.07673356876904502,1.1289873865790883,-0.07692140899257649,Base Equity Minimum-Variance
2022-08-17,-0.00764343708394293,-0.007643437083942883,0.0,0.0,1.1221919655607286,-0.08379049764787527,1.1203580425212059,-0.08397690212647646,Base Equity Minimum-Variance
2022-08-18,-0.00455246019524018,-0.004552460195240138,0.0,0.0,1.1170832313060952,-0.08796150493783406,1.115257657128211,-0.08814706081746615,Base Equity Minimum-Variance
2022-08-19,-0.0061747895093529695,-0.006174789509353018,0.0,0.0,1.1101854774883522,-0.09359315066926999,1.10837117584675,-0.09377756078040322,Base Equity Minimum-Variance
2022-08-22,-0.01397703243877145,-0.013977032438771464,0.0,0.0,1.0946683790564444,-0.10626202860509026,1.0928794359677407,-0.10644386121011806,Base Equity Minimum-Variance
2022-08-23,-0.005050573919335063,-0.005050573919335055,0.0,0.0,1.089139675490861,-0.11077591829413691,1.0873597675914644,-0.1109568325401521,Base Equity Minimum-Variance
2022-08-24,-0.0006696822935933934,-0.0006696822935934321,0.0,0.0,1.0884102979349348,-0.1113714159166922,1.0866315820083425,-0.11155220900764018,Base Equity Minimum-Variance
2022-08-25,0.008551152271878583,0.008551152271878637,0.0,0.0,1.0977174601268573,-0.10377261758105183,1.0959235341295281,-0.10395495666125032,Base Equity Minimum-Variance
2022-08-26,-0.025555625625118213,-0.02555562562511826,0.0,0.0,1.0696646036736996,-0.12667626904113016,1.0679165225775573,-0.12685394833205843,Base Equity Minimum-Variance
2022-08-29,-0.007125941938030739,-0.007125941938030733,0.0,0.0,1.062042235814754,-0.1328995232410476,1.060306611443006,-0.13307593639966486,Base Equity Minimum-Variance
2022-08-30,-0.008309128564084715,-0.008309128564084722,0.0,0.0,1.0532175903368812,-0.14010437258041697,1.051496387491177,-0.1402793198994189,Base Equity Minimum-Variance
2022-08-31,-0.003179865190495839,-0.0031798651904958453,0.0,0.0,1.049868500383351,-0.14283872475350812,1.0481527707306615,-0.1430131157636203,Base Equity Minimum-Variance
2022-09-01,0.013394798403344784,0.013350663170945687,0.04355186396112371,4.3551863961123716e-05,1.0639312772960077,-0.13135722227242763,1.06214630532438,-0.1315717725302621,Base Equity Minimum-Variance
2022-09-02,-0.012601916291706105,-0.01260191629170615,0.0,0.0,1.0505237043993954,-0.14230378584474557,1.0487612264951371,-0.14251563235819054,Base Equity Minimum-Variance
2022-09-06,-0.003254792341306748,-0.003254792341306767,0.0,0.0,1.047104467891955,-0.14509540891374595,1.0453477264872812,-0.1453065659107814,Base Equity Minimum-Variance
2022-09-07,0.017956262328022117,0.017956262328022055,0.0,0.0,1.065906550402267,-0.12974451781077068,1.0641182644880882,-0.12995946639823752,Base Equity Minimum-Variance
2022-09-08,0.003334500090002929,0.003334500090002912,0.0,0.0,1.069460815890518,-0.12684265082708523,1.0676665669367975,-0.12705831616063623,Base Equity Minimum-Variance
2022-09-09,0.0102173270522954,0.010217327052295389,0.0,0.0,1.080387846816086,-0.1179213166224703,1.0785752654339922,-0.11813918547926805,Base Equity Minimum-Variance
2022-09-12,0.01388300627280016,0.013883006272800147,0.0,0.0,1.0953868780704907,-0.10567541272803671,1.0935491326096993,-0.10589630625954005,Base Equity Minimum-Variance
2022-09-13,-0.02708560567353206,-0.02708560567353202,0.0,0.0,1.065717661031112,-0.12989873584302947,1.0639296920192,-0.13011364633944256,Base Equity Minimum-Variance
2022-09-14,0.0007032952669697869,0.0007032952669698833,0.0,0.0,1.0664671752180415,-0.12928679774216334,1.0646779487359859,-0.1295018593841114,Base Equity Minimum-Variance
2022-09-15,-0.00741826806525289,-0.00741826806525292,0.0,0.0,1.0585558358294809,-0.13574598168446683,1.0567798823090988,-0.13595944794150427,Base Equity Minimum-Variance
2022-09-16,0.0026787026549258256,0.0026787026549257575,0.0,0.0,1.0613913921573044,-0.13343090215107478,1.0596106813855124,-0.13364494022074158,Base Equity Minimum-Variance
2022-09-19,0.002740846450980732,0.0027408464509808272,0.0,0.0,1.0643005029876003,-0.13105576931470597,1.0625149115610093,-0.1312703940298563,Base Equity Minimum-Variance
2022-09-20,-0.013397748545030086,-0.013397748545030064,0.0,0.0,1.0500412724722235,-0.14269766561708208,1.04827960395057,-0.14290941484426734,Base Equity Minimum-Variance
2022-09-21,-0.010825188605034654,-0.010825188605034675,0.0,0.0,1.038674377654641,-0.15197812507831376,1.036931779526994,-0.1521875820801778,Base Equity Minimum-Variance
2022-09-22,0.0021576580910914536,0.0021576580910913634,0.0,0.0,1.040915481829597,-0.1501483838184664,1.0391691237710001,-0.15035829275692536,Base Equity Minimum-Variance
2022-09-23,-0.015657462429031065,-0.0156574624290311,0.0,0.0,1.0246173867810533,-0.16345490356908,1.0228983722581466,-0.1636615258662215,Base Equity Minimum-Variance
2022-09-26,-0.0063751550534107485,-0.006375155053410797,0.0,0.0,1.0180852920699035,-0.16878800826799767,1.0163772365311194,-0.16899331331595735,Base Equity Minimum-Variance
2022-09-27,-0.0025784676778853356,-0.0025784676778853877,0.0,0.0,1.0154601920509707,-0.17093126152214932,1.0137565406781854,-0.17113603719767878,Base Equity Minimum-Variance
2022-09-28,0.021558866074226173,0.02155886607422608,0.0,0.0,1.0373523623351055,-0.15305747962297778,1.0356119821705372,-0.15326667002987127,Base Equity Minimum-Variance
2022-09-29,-0.012197837937895608,-0.01219783793789564,0.0,0.0,1.0246989063348486,-0.16338834722924966,1.022979755045478,-0.16359498596546163,Base Equity Minimum-Variance
2022-09-30,-0.01764351444880021,-0.01764351444880019,0.0,0.0,1.0066196163752599,-0.1781491170129451,1.0049307969565031,-0.1783521099156289,Base Equity Minimum-Variance
2022-10-03,0.0232147845913705,0.023170233577344712,0.04354023680745889,4.354023680745889e-05,1.0299880739348597,-0.15907002579817286,1.0282152782510525,-0.15931433638404158,Base Equity Minimum-Variance
2022-10-04,0.02154532362279524,0.021545323622795154,0.0,0.0,1.0521795003154057,-0.14095191735988566,1.0503685091748738,-0.1412014916963914,Base Equity Minimum-Variance
2022-10-05,-0.004039645318395773,-0.004039645318395735,0.0,0.0,1.0479290683228446,-0.1444221669251997,1.0461253929441952,-0.1446707330699054,Base Equity Minimum-Variance
2022-10-06,-0.008327321562190074,-0.008327321562190071,0.0,0.0,1.039202625996554,-0.15154683866269525,1.0374139704027765,-0.1517933349171845,Base Equity Minimum-Variance
2022-10-07,-0.018569874620763576,-0.018569874620763538,0.0,0.0,1.01990476352623,-0.16730250749031939,1.0181493230425684,-0.16754442634026834,Base Equity Minimum-Variance
2022-10-10,0.0031420808334532094,0.0031420808334532424,0.0,0.0,1.0231093867356533,-0.1646861046590402,1.0213484305160938,-0.1649287836375708,Base Equity Minimum-Variance
2022-10-11,0.008385083604584448,0.008385083604584453,0.0,0.0,1.0316882444800668,-0.15768192781053525,1.0299125224953825,-0.15792664167258974,Base Equity Minimum-Variance
2022-10-12,-0.004832168992150792,-0.004832168992150776,0.0,0.0,1.0267029525355238,-0.16175215108049734,1.0249358111395526,-0.16199568244381568,Base Equity Minimum-Variance
2022-10-13,0.018142175679866115,0.01814217567986609,0.0,0.0,1.0453295778714604,-0.14654451134212998,1.0435303766858324,-0.14679246089422515,Base Equity Minimum-Variance
2022-10-14,-0.00969185834082831,-0.009691858340828308,0.0,0.0,1.0351983916832523,-0.15481608103840439,1.033416628100642,-0.155061627498565,Base Equity Minimum-Variance
2022-10-17,0.010746274345467077,0.010746274345467155,0.0,0.0,1.046322917602267,-0.145733502772866,1.0445220066993792,-0.14598168794265198,Base Equity Minimum-Variance
2022-10-18,0.013227807722052457,0.013227807722052454,0.0,0.0,1.0601634759714869,-0.13443342980415407,1.058338742965451,-0.13468489791964566,Base Equity Minimum-Variance
2022-10-19,-0.010121463221225181,-0.010121463221225202,0.0,0.0,1.0494330703409551,-0.1431942300099135,1.0476268063029284,-0.14344315290012277,Base Equity Minimum-Variance
2022-10-20,0.0009651325030170905,0.0009651325030171076,0.0,0.0,1.0504459123068821,-0.14236729891252353,1.0486379049847234,-0.14261646204630474,Base Equity Minimum-Variance
2022-10-21,0.022315207302799792,0.0223152073027999,0.0,0.0,1.073886830600389,-0.12322904739809615,1.0720384772200313,-0.12348377065886007,Base Equity Minimum-Variance
2022-10-24,0.012998986139550035,0.012998986139550084,0.0,0.0,1.0878462706268088,-0.1118319139376639,1.0859738905264789,-0.1120899483425638,Base Equity Minimum-Variance
2022-10-25,0.008205862028581683,0.008205862028581645,0.0,0.0,1.0967729870318794,-0.10454372916524701,1.0948852424387812,-0.10480388096487214,Base Equity Minimum-Variance
2022-10-26,0.01171385299776876,0.011713852997768726,0.0,0.0,1.1096204245738945,-0.09405448604275857,1.1077105672181353,-0.09431768522232165,Base Equity Minimum-Variance
2022-10-27,-0.0010199095773936611,-0.0010199095773936184,0.0,0.0,1.1084887120756,-0.09497846854904046,1.1065808026016495,-0.09524139928923936,Base Equity Minimum-Variance
2022-10-28,0.022314172654522308,0.0223141726545224,0.0,0.0,1.133223720582444,-0.07478366184018348,1.1312732376870827,-0.07505245966231544,Base Equity Minimum-Variance
2022-10-31,-0.00826552542323746,-0.008265525423237441,0.0,0.0,1.1238570311097542,-0.082431061005238,1.121922669980352,-0.08269763707213751,Base Equity Minimum-Variance
2022-11-01,-0.003539484347461002,-0.003597838327793035,0.05856125698452645,5.8561256984526457e-05,1.1198791567393573,-0.08567878190252631,1.1178861735974768,-0.08599794267165439,Base Equity Minimum-Variance
2022-11-02,-0.017661359369383622,-0.017661359369383622,0.0,0.0,1.1001005685019012,-0.10182693751439842,1.0981427841515066,-0.10214046147048628,Base Equity Minimum-Variance
2022-11-03,-0.006679659900774589,-0.0066796599007745705,0.0,0.0,1.0927522708476598,-0.10782642810383936,1.0908075638308847,-0.10813785782652996,Base Equity Minimum-Variance
2022-11-04,0.014642204906983865,0.014642204906983869,0.0,0.0,1.1087525735099832,-0.09476303985154,1.1067793916945845,-0.09507902959204428,Base Equity Minimum-Variance
2022-11-07,0.009704033050484649,0.009704033050484728,0.0,0.0,1.1195119451281341,-0.08597859047173895,1.1175196154911842,-0.0862976465871288,Base Equity Minimum-Variance
2022-11-08,0.005628617283623438,0.005628617283623516,0.0,0.0,1.1258132494117052,-0.08083391376846638,1.1238097057137262,-0.08115476572862157,Base Equity Minimum-Variance
2022-11-09,-0.010924301171097167,-0.010924301171097217,0.0,0.0,1.1135145264127202,-0.09087516092071835,1.1115328700295073,-0.09119250779742949,Base Equity Minimum-Variance
2022-11-10,0.02892495349297742,0.028924953492977412,0.0,0.0,1.1457228823029628,-0.06457876723103961,1.1436839066010265,-0.06490529335140072,Base Equity Minimum-Variance
2022-11-11,-0.0008035872896150127,-0.0008035872896150487,0.0,0.0,1.144802193957323,-0.06533045984412889,1.1427648567503446,-0.06565672357224994,Base Equity Minimum-Variance
2022-11-14,-0.005555152735187796,-0.005555152735187807,0.0,0.0,1.1384426429183119,-0.07052269189662252,1.1364166234306914,-0.07084714317990182,Base Equity Minimum-Variance
2022-11-15,0.010896219238121379,0.010896219238121452,0.0,0.0,1.1508473635455763,-0.060394903370669106,1.148799268105438,-0.06072288994626318,Base Equity Minimum-Variance
2022-11-16,-0.0010862161261876737,-0.0010862161261876446,0.0,0.0,1.1495972945805126,-0.06141551757887587,1.1475514238146693,-0.06174314789016244,Base Equity Minimum-Variance
2022-11-17,6.538788842804545e-05,6.538788842802568e-05,0.0,0.0,1.149672464320148,-0.061354145521459014,1.1476264597791352,-0.0616817972557997,Base Equity Minimum-Variance
2022-11-18,0.010672455198649681,0.010672455198649677,0.0,0.0,1.161942292188726,-0.05133648969213844,1.159874451755913,-0.05166763827493481,Base Equity Minimum-Variance
2022-11-21,0.005477750896281148,0.005477750896281108,0.0,0.0,1.1683071226211896,-0.046139947298280415,1.1662279550735926,-0.04647290983052288,Base Equity Minimum-Variance
2022-11-22,0.011508245220585672,0.011508245220585689,0.0,0.0,1.1817522874812711,-0.03516269190566823,1.1796491923636816,-0.035499486252381085,Base Equity Minimum-Variance
2022-11-23,0.0024356283813163574,0.0024356283813162793,0.0,0.0,1.184630596892346,-0.03281270677472081,1.1825223794165993,-0.03315032142730334,Base Equity Minimum-Variance
2022-11-25,0.0016243157183533999,0.0016243157183533086,0.0,0.0,1.1865548109913207,-0.03124168925174331,1.1844431691047903,-0.0315798522971128,Base Equity Minimum-Variance
2022-11-28,-0.010336413480136258,-0.010336413480136253,0.0,0.0,1.1742900898480695,-0.04125517571395554,1.1722002747652003,-0.04158984336626437,Base Equity Minimum-Variance
2022-11-29,0.00467891799513555,0.004678917995135645,0.0,0.0,1.179784496880969,-0.036769287302860554,1.1776849037247021,-0.03710552083767005,Base Equity Minimum-Variance
2022-11-30,0.016815429364087395,0.01681542936408742,0.0,0.0,1.1996230797531164,-0.020572149292182096,1.197488181036437,-0.0209140367382461,Base Equity Minimum-Variance
2022-12-01,0.0040122603677260876,0.003970647481413847,0.041446591794650316,4.1446591794650315e-05,1.2044362798922195,-0.01664242974373986,1.2022429844664921,-0.01702643152413319,Base Equity Minimum-Variance
2022-12-02,0.00568344327838248,0.0056834432783825495,0.0,0.0,1.211281625171413,-0.011053572770820419,1.2090758642755408,-0.011439757003551376,Base Equity Minimum-Variance
2022-12-05,-0.011410169067114569,-0.011410169067114562,0.0,0.0,1.1974606970403179,-0.022337618703824225,1.1952801042491892,-0.022719396509168654,Base Equity Minimum-Variance
2022-12-06,-0.00879708537323483,-0.00879708537323487,0.0,0.0,1.1869265330573608,-0.0309381981382868,1.18476512312718,-0.03131661741168401,Base Equity Minimum-Variance
2022-12-07,0.003406174289516336,0.003406174289516395,0.0,0.0,1.1909694116978056,-0.027637404743833027,1.1888006396286916,-0.02801711297922982,Base Equity Minimum-Variance
2022-12-08,0.005402041083250165,0.005402041083250264,0.0,0.0,1.1974030773886915,-0.022384662056443405,1.19522258952376,-0.02276642149132746,Base Equity Minimum-Variance
2022-12-09,-0.014896619065014851,-0.014896619065014827,0.0,0.0,1.1795658198775556,-0.036947825337904416,1.177417813909724,-0.037323897847912346,Base Equity Minimum-Variance
2022-12-12,0.00980345550755446,0.00980345550755457,0.0,0.0,1.1911296409109573,-0.02750658619215085,1.18896057706219,-0.02788634551227842,Base Equity Minimum-Variance
2022-12-13,0.004185052392838267,0.004185052392838173,0.0,0.0,1.1961145808648321,-0.023436650303675033,1.1939364393702143,-0.023817998936453977,Base Equity Minimum-Variance
2022-12-14,-0.000874765569970315,-0.0008747655699703483,0.0,0.0,1.195068261011752,-0.024290914298884303,1.1928920248803203,-0.024671929341009147,Base Equity Minimum-Variance
2022-12-15,-0.01774160467289109,-0.017741604672891098,0.0,0.0,1.173865832367762,-0.04160155917314157,1.171728206157449,-0.04197581439701459,Base Equity Minimum-Variance
2022-12-16,-0.008045227215304604,-0.008045227215304651,0.0,0.0,1.1644218150260806,-0.04931209239238743,1.162301386504331,-0.04968333664794777,Base Equity Minimum-Variance
2022-12-19,-0.0022693371241426044,-0.0022693371241425675,0.0,0.0,1.1617793493730804,-0.051469523754594904,1.1596637328184944,-0.05183992553178385,Base Equity Minimum-Variance
2022-12-20,0.0011816909956800853,0.001181690995680107,0.0,0.0,1.1631522135692016,-0.05034865383168752,1.161034097009583,-0.05071949330932124,Base Equity Minimum-Variance
2022-12-21,0.010035725951346317,0.010035725951346386,0.0,0.0,1.174825290424284,-0.040818213172215234,1.17268591702734,-0.041192774293218326,Base Equity Minimum-Variance
2022-12-22,-0.0042582184153030205,-0.00425821841530305,0.0,0.0,1.1698226277378356,-0.04490261872050849,1.1676923642600876,-0.04527558487844874,Base Equity Minimum-Variance
2022-12-23,0.001536185562130614,0.001536185562130532,0.0,0.0,1.17161969236882,-0.0434354119129583,1.1694861564110741,-0.043808951016125364,Base Equity Minimum-Variance
2022-12-27,0.0022077887502404423,0.0022077887502405247,0.0,0.0,1.1742063811451922,-0.04132351937650125,1.1720681347907604,-0.04169788317509815,Base Equity Minimum-Variance
2022-12-28,-0.012382865542936081,-0.012382865542936106,0.0,0.0,1.1596663414078137,-0.053194681335237304,1.1575545726704866,-0.053564409437251936,Base Equity Minimum-Variance
2022-12-29,0.007638085740483222,0.0076380857404831914,0.0,0.0,1.168523972353839,-0.045962901131730294,1.166396073745832,-0.04633545324868882,Base Equity Minimum-Variance
2022-12-30,-0.0009569301890239603,-0.0009569301890239856,0.0,0.0,1.1674057764880954,-0.0468758480330862,1.1652799141305057,-0.04724804364367696,Base Equity Minimum-Variance
2023-01-03,0.0073932185422289805,0.007376873485437141,0.016225101073809037,1.622510107380904e-05,1.1760366625211325,-0.03982919287971809,1.1738760366321674,-0.040219712998633694,Base Equity Minimum-Variance
2023-01-04,0.011715029282736218,0.011715029282736156,0.0,0.0,1.1898139664601388,-0.02858076375787555,1.1876280287756156,-0.028975858831419843,Base Equity Minimum-Variance
2023-01-05,-0.0030155422431754546,-0.003015542243175462,0.0,0.0,1.186226032182758,-0.03151011950059701,1.1840466862856636,-0.0319040231482568,Base Equity Minimum-Variance
2023-01-06,0.017942186285601534,0.017942186285601514,0.0,0.0,1.207509520629011,-0.014133293648956768,1.2052910725018502,-0.014534264789241358,Base Equity Minimum-Variance
2023-01-09,-0.015487942611290368,-0.015487942611290384,0.0,0.0,1.1888076824709222,-0.02940234061930358,1.186623593541041,-0.029797101541578663,Base Equity Minimum-Variance
2023-01-10,0.003763331617956773,0.0037633316179568332,0.0,0.0,1.193281560010035,-0.025749659759441212,1.1910892516292275,-0.02614590629797664,Base Equity Minimum-Variance
2023-01-11,0.0031174249108916934,0.0031174249108916197,0.0,0.0,1.1970015256709179,-0.022712507479330735,1.1948023829333518,-0.023109989286696164,Base Equity Minimum-Variance
2023-01-12,-0.0042700743804213485,-0.004270074380421374,0.0,0.0,1.1918902401228253,-0.026885597763449454,1.1897004878883217,-0.02728138229393251,Base Equity Minimum-Variance
2023-01-13,0.0037302057609593215,0.003730205760959393,0.0,0.0,1.1963362359629628,-0.02325568081415408,1.1941383155020588,-0.023652941702372976,Base Equity Minimum-Variance
2023-01-17,-0.011463705260327941,-0.011463705260327917,0.0,0.0,1.1826217899616334,-0.03445278980400013,1.1804490658130788,-0.034845496610485194,Base Equity Minimum-Variance
2023-01-18,-0.01961791568962189,-0.0196179156896219,0.0,0.0,1.1594212153934562,-0.05339481356797493,1.1572911155640648,-0.0537798162854396,Base Equity Minimum-Variance
2023-01-19,-0.003173652684853563,-0.0031736526848535895,0.0,0.0,1.1557416151403466,-0.056399009659391264,1.1536182755079978,-0.0567827905119479,Base Equity Minimum-Variance
2023-01-20,0.009736483180201774,0.009736483180201816,0.0,0.0,1.1669944739368199,-0.04721165448811815,1.1648504604438548,-0.047599172016490665,Base Equity Minimum-Variance
2023-01-23,0.007068512668689724,0.007068512668689797,0.0,0.0,1.1752433891601333,-0.040476857997287397,1.1730842206806313,-0.040867114698218576,Base Equity Minimum-Variance
2023-01-24,-0.004448988150641488,-0.004448988150641542,0.0,0.0,1.17001474524764,-0.044745765086323885,1.1678651828831186,-0.04513428553981691,Base Equity Minimum-Variance
2023-01-25,0.00232641490459278,0.002326414904592733,0.0,0.0,1.1727366849895773,-0.042523447396545455,1.1705821218511328,-0.04291287170981217,Base Equity Minimum-Variance
2023-01-26,-0.002290357467581154,-0.0022903574675811056,0.0,0.0,1.1700506987656052,-0.0447164109688345,1.1679010703469341,-0.04510494336121729,Base Equity Minimum-Variance
2023-01-27,-0.0007847907261240017,-0.0007847907261240294,0.0,0.0,1.169132453828119,-0.045466108670324745,1.1669845124178955,-0.045854336146089136,Base Equity Minimum-Variance
2023-01-30,-0.0047868255093017455,-0.004786825509301762,0.0,0.0,1.163536020774382,-0.05003529585083466,1.1613983611848935,-0.05042166494941469,Base Equity Minimum-Variance
2023-01-31,0.010253956089650679,0.010253956089650629,0.0,0.0,1.1754668680401292,-0.04029439948777114,1.1733072889830756,-0.04068473039812237,Base Equity Minimum-Variance
2023-02-01,-0.007989704689451925,-0.008018401893913674,0.028928333302000748,2.892833330200075e-05,1.1660752348922536,-0.047962163824676995,1.163899239594951,-0.04837690577275833,Base Equity Minimum-Variance
2023-02-02,-0.010996187571400152,-0.010996187571400196,0.0,0.0,1.1532528528870138,-0.05843095044633084,1.1511007852421549,-0.0588411318141574,Base Equity Minimum-Variance
2023-02-03,-0.009398089525512663,-0.009398089525512687,0.0,0.0,1.1424144793300288,-0.0672799006684881,1.1402826370095611,-0.06768622711509809,Base Equity Minimum-Variance
2023-02-06,-0.004584455244306025,-0.004584455244306063,0.0,0.0,1.137177131279093,-0.07155591421933816,1.1350550622943314,-0.0719603778805391,Base Equity Minimum-Variance
2023-02-07,0.007030940043887648,0.007030940043887712,0.0,0.0,1.1451725555083965,-0.06502807951811229,1.143035566383834,-0.06543538693906503,Base Equity Minimum-Variance
2023-02-08,-0.005393207641286577,-0.00539320764128659,0.0,0.0,1.138996402131437,-0.07007057722404353,1.1368709382329505,-0.07047568795150128,Base Equity Minimum-Variance
2023-02-09,0.0009897261651945959,0.0009897261651945488,0.0,0.0,1.1401236966726889,-0.06915020174253794,1.137996129146969,-0.06955571341868239,Base Equity Minimum-Variance
2023-02-10,0.011427677779523998,0.011427677779523915,0.0,0.0,1.153152662907064,-0.05851275018691671,1.151000782225206,-0.05892289591983202,Base Equity Minimum-Variance
2023-02-13,0.011233677006720687,0.011233677006720733,0.0,0.0,1.166106807461602,-0.04793638651657084,1.1639307532472067,-0.04835113969417548,Base Equity Minimum-Variance
2023-02-14,-0.009912375482455623,-0.009912375482455604,0.0,0.0,1.154547918933395,-0.057373598536602066,1.152393434585443,-0.05778424052497777,Base Equity Minimum-Variance
2023-02-15,-0.0005362802072099219,-0.0005362802072099715,0.0,0.0,1.1539287577361954,-0.05787911041850047,1.1517754287955562,-0.058289532187705495,Base Equity Minimum-Variance
2023-02-16,-0.012797014288752465,-0.012797014288752462,0.0,0.0,1.139161914935243,-0.06993544490420711,1.1370361421758255,-0.07034061450016715,Base Equity Minimum-Variance
2023-02-17,0.011409422721942022,0.01140942272194212,0.0,0.0,1.1521590947714762,-0.05932394523642426,1.1500090681720359,-0.05973373758357847,Base Equity Minimum-Variance
2023-02-21,-0.0023507675536384633,-0.0023507675536384998,0.0,0.0,1.1494506365548578,-0.0615352559844472,1.147305664168187,-0.061944085005048,Base Equity Minimum-Variance
2023-02-22,-0.009902947120066286,-0.00990294712006623,0.0,0.0,1.1380676876839286,-0.07082882271847968,1.1359439568453769,-0.0712336031269084,Base Equity Minimum-Variance
2023-02-23,-0.001984263400422245,-0.001984263400422237,0.0,0.0,1.1358094616240542,-0.07267254307828663,1.1336899448268778,-0.07307652029576572,Base Equity Minimum-Variance
2023-02-24,-0.006017220734094824,-0.00601722073409483,0.0,0.0,1.1289750453815888,-0.07825247707937144,1.1268682821848306,-0.07865402347676143,Base Equity Minimum-Variance
2023-02-27,0.0011343374358879711,0.0011343374358878666,0.0,0.0,1.1302556840397484,-0.07720690435768562,1.1281465310626275,-0.07760890624418637,Base Equity Minimum-Variance
2023-02-28,-0.003492907986551267,-0.003492907986551219,0.0,0.0,1.126307804934121,-0.08043013573138902,1.1242060190342789,-0.08083073346228975,Base Equity Minimum-Variance
2023-03-01,-0.002548782450633573,-0.002578005499337399,0.029297722224040847,2.9297722224040847e-05,1.1234370913668934,-0.08277391926356825,1.1213078097348204,-0.08320035688624583,Base Equity Minimum-Variance
2023-03-02,0.0058166567222297585,0.005816656722229752,0.0,0.0,1.1299717392763948,-0.07743873001524826,1.1278300723440031,-0.07786764807919044,Base Equity Minimum-Variance
2023-03-03,0.007496451434065857,0.007496451434065854,0.0,0.0,1.1384425175417472,-0.07052279425985752,1.1362847957072089,-0.07095492768723521,Base Equity Minimum-Variance
2023-03-06,0.0035830956091110755,0.0035830956091111865,0.0,0.0,1.1425216659275765,-0.06719238856520104,1.1403562127694071,-0.06762607036796497,Base Equity Minimum-Variance
2023-03-07,-0.011483429251788423,-0.011483429251788468,0.0,0.0,1.1294015992082618,-0.07790421877664233,1.127261012878232,-0.07833292042510653,Base Equity Minimum-Variance
2023-03-08,-0.007928160957964885,-0.007928160957964892,0.0,0.0,1.1204475215435556,-0.08521474254884154,1.118323906126495,-0.08564004538163372,Base Equity Minimum-Variance
2023-03-09,-0.012331635846172256,-0.01233163584617225,0.0,0.0,1.1066305707231343,-0.0964955412211761,1.104533142958074,-0.09691559937431005,Base Equity Minimum-Variance
2023-03-10,-0.0025587271333532644,-0.0025587271333532557,0.0,0.0,1.1037990050552269,-0.09880736259495915,1.1017069440354992,-0.09922634593389912,Base Equity Minimum-Variance
2023-03-13,0.008957400777295331,0.008957400777295232,0.0,0.0,1.1136861751210863,-0.09073501896417446,1.1115753746723542,-0.09115775530480041,Base Equity Minimum-Variance
2023-03-14,0.008280900521418407,0.008280900521418388,0.0,0.0,1.1229084995493428,-0.08320548610860756,1.1207802197720744,-0.08363172308681688,Base Equity Minimum-Variance
2023-03-15,0.005517899714127493,0.005517899714127417,0.0,0.0,1.1291045960379973,-0.07814670592249273,1.1269645726263544,-0.07857529483360215,Base Equity Minimum-Variance
2023-03-16,0.00469989342489276,0.004699893424892743,0.0,0.0,1.1344112673049325,-0.07381409368694214,1.132261186011328,-0.07424469692025681,Base Equity Minimum-Variance
2023-03-17,-0.003264561725812541,-0.003264561725812576,0.0,0.0,1.1307079117003582,-0.07683768474767871,1.1285648494798524,-0.07726688225015899,Base Equity Minimum-Variance
2023-03-20,0.010388983695803202,0.0103889836958031,0.0,0.0,1.142454817759729,-0.06724696650594242,1.140289491300755,-0.06768062293427834,Base Equity Minimum-Variance
2023-03-21,-0.002452319514947356,-0.0024523195149473986,0.0,0.0,1.139653153515191,-0.0695343749726064,1.1374931371285488,-0.06996696793682011,Base Equity Minimum-Variance
2023-03-22,-0.013663063541039147,-0.013663063541039189,0.0,0.0,1.1240820000639673,-0.08224738593010839,1.1219514961184656,-0.08267406834916458,Base Equity Minimum-Variance
2023-03-23,0.009207163170503813,0.00920716317050374,0.0,0.0,1.1344316064555824,-0.07379748786221052,1.132281486612619,-0.07422809881592107,Base Equity Minimum-Variance
2023-03-24,0.012968409713314975,0.012968409713314921,0.0,0.0,1.1491433803198323,-0.061786114207306286,1.1469653768418127,-0.062222309500291506,Base Equity Minimum-Variance
2023-03-27,0.004311316821661949,0.00431131682166197,0.0,0.0,1.1540977015059066,-0.057741176899171465,1.1519103079648547,-0.05817925276826075,Base Equity Minimum-Variance
2023-03-28,-0.0007205259133912067,-0.0007205259133912234,0.0,0.0,1.1532661442053864,-0.058420098798337095,1.1510803267380636,-0.0588578590224107,Base Equity Minimum-Variance
2023-03-29,0.004640758491246005,0.004640758491246011,0.0,0.0,1.158618173856774,-0.054050453876648974,1.1564222125384795,-0.05449024564019944,Base Equity Minimum-Variance
2023-03-30,0.004671316563287934,0.004671316563287897,0.0,0.0,1.1640304461228375,-0.04963162409380828,1.1618242267740646,-0.05007347026390818,Base Equity Minimum-Variance
2023-03-31,0.011753376477277358,0.011753376477277255,0.0,0.0,1.1777117341871322,-0.038461586779684365,1.1754795843117618,-0.038908626134166346,Base Equity Minimum-Variance
2023-04-03,0.008337095730397249,0.00831340775567968,0.023492118675139936,2.3492118675139937e-05,1.1875304296578624,-0.030445148980212333,1.1852518254046223,-0.030918681652753355,Base Equity Minimum-Variance
2023-04-04,0.0019431950812297395,0.0019431950812296428,0.0,0.0,1.189838032947584,-0.02856111476272838,1.187555000921767,-0.029035567601629397,Base Equity Minimum-Variance
2023-04-05,0.012205683425172364,0.012205683425172253,0.0,0.0,1.2043608193049717,-0.016704039262620096,1.2020499213129983,-0.01718428312267284,Base Equity Minimum-Variance
2023-04-06,0.000956030478476732,0.0009560304784768103,0.0,0.0,1.2055122249553105,-0.015763978354792152,1.2031991176744241,-0.016244681342612144,Base Equity Minimum-Variance
2023-04-10,-0.0013221138248281196,-0.0013221138248281639,0.0,0.0,1.2039184005766976,-0.01706525040590323,1.2016083514869258,-0.017545317849657183,Base Equity Minimum-Variance
2023-04-11,-0.0011830917538494478,-0.0011830917538494523,0.0,0.0,1.2024940546446676,-0.018228152402720132,1.200186738554925,-0.01870765188264001,Base Equity Minimum-Variance
2023-04-12,0.0003907894735222834,0.00039078947352222393,0.0,0.0,1.2029639766631959,-0.017844486299278595,1.2006557588986133,-0.018324173162547752,Base Equity Minimum-Variance
2023-04-13,0.0101881914722014,0.010188191472201291,0.0,0.0,1.2152200039916012,-0.007838097870217386,1.2128882696624734,-0.008322671875096388,Base Equity Minimum-Variance
2023-04-14,-0.007907975708071788,-0.00790797570807178,0.0,0.0,1.2056100737200728,-0.015684090090734015,1.2032967786893773,-0.016164832096153714,Base Equity Minimum-Variance
2023-04-17,0.001969667552367615,0.0019696675523677154,0.0,0.0,1.2079847247630868,-0.013745314981706502,1.2056668733102305,-0.014227003889055179,Base Equity Minimum-Variance
2023-04-18,-4.797455242574447e-05,-4.797455242577797e-05,0.0,0.0,1.2079267722365792,-0.013792630108797943,1.2056090319816088,-0.014274295907336976,Base Equity Minimum-Variance
2023-04-19,-0.001147517620856372,-0.0011475176208564086,0.0,0.0,1.2065406549807336,-0.014924320443566508,1.2042255743735464,-0.01540543352211432,Base Equity Minimum-Variance
2023-04-20,-0.00021378927921045565,-0.00021378927921045232,0.0,0.0,1.2062827095237671,-0.015134919063066632,1.2039681238559943,-0.01561592928479616,Base Equity Minimum-Variance
2023-04-21,0.0058757172837765334,0.005875717283776449,0.0,0.0,1.2133704856892367,-0.009348130284817624,1.211042300170451,-0.009831966786620572,Base Equity Minimum-Variance
2023-04-24,0.00447253147911596,0.00447253147911586,0.0,0.0,1.218797323382312,-0.004917408612671426,1.2164587249805041,-0.005403409088459599,Base Equity Minimum-Variance
2023-04-25,-0.002941063034790857,-0.002941063034790803,0.0,0.0,1.2152127636276102,-0.007844009238764493,1.2128810431911152,-0.0083285803565184,Base Equity Minimum-Variance
2023-04-26,-0.017869359286173173,-0.01786935928617317,0.0,0.0,1.193497690145205,-0.025573201105606125,1.1912076360589448,-0.026049113247957112,Base Equity Minimum-Variance
2023-04-27,-0.000664940913835735,-0.0006649409138357321,0.0,0.0,1.192704084700459,-0.02622113735172904,1.1904155533648557,-0.02669673304062503,Base Equity Minimum-Variance
2023-04-28,0.0007479317574053259,0.0007479317574052846,0.0,0.0,1.1935961459625934,-0.02549281721566443,1.1913059029617266,-0.025968768617679716,Base Equity Minimum-Variance
2023-05-01,0.0015048571804476103,0.0014850397426759976,0.01978766016925241,1.978766016925241e-05,1.1953923376934,-0.024026323084253565,1.1930750395733092,-0.024522293528469463,Base Equity Minimum-Variance
2023-05-02,-0.005526123355908486,-0.005526123355908519,0.0,0.0,1.1887864521765983,-0.029419674015009667,1.1864819597317717,-0.029912903665369694,Base Equity Minimum-Variance
2023-05-03,-0.0068653089257228374,-0.006865308925722791,0.0,0.0,1.180625065935692,-0.0360830077901253,1.1783363945434162,-0.03657285126656429,Base Equity Minimum-Variance
2023-05-04,-0.0005483426709927997,-0.0005483426709927963,0.0,0.0,1.1799776788335958,-0.03661156460824899,1.1776902624175043,-0.03710113948260774,Base Equity Minimum-Variance
2023-05-05,0.008056310292200294,0.00805631029220022,0.0,0.0,1.1894839451521495,-0.02885020844081576,1.1871781005996425,-0.02934372748227354,Base Equity Minimum-Variance
2023-05-08,-0.0008051142770976621,-0.0008051142770976183,0.0,0.0,1.1885262746455292,-0.0296320950032003,1.186222286561392,-0.030125216705432,Base Equity Minimum-Variance
2023-05-09,-0.0031652208424723183,-0.0031652208424722827,0.0,0.0,1.1847643265091952,-0.03270352372096241,1.1824676310561628,-0.03319508458410425,Base Equity Minimum-Variance
2023-05-10,-0.002174504857345211,-0.002174504857345161,0.0,0.0,1.1821880507263915,-0.03480691460712415,1.1798963494487777,-0.03529740656878122,Base Equity Minimum-Variance
2023-05-11,-0.0020332916663418753,-0.0020332916663419187,0.0,0.0,1.1797843176148006,-0.036769433664064266,1.1774972760342963,-0.037258928312503325,Base Equity Minimum-Variance
2023-05-12,-0.00033163376405483515,-0.00033163376405487277,0.0,0.0,1.179393061300777,-0.03708887344243106,1.1771067781804807,-0.03757820575791737,Base Equity Minimum-Variance
2023-05-15,-0.0016364268484408892,-0.0016364268484408973,0.0,0.0,1.1774630708303995,-0.03866460706259234,1.1751805290451844,-0.039153138621539685,Base Equity Minimum-Variance
2023-05-16,-0.013385849733538516,-0.013385849733538513,0.0,0.0,1.161701727097473,-0.05153289817598461,1.1594497390736054,-0.052014890324893814,Base Equity Minimum-Variance
2023-05-17,-0.00023129910913348572,-0.00023129910913344265,0.0,0.0,1.1614330265229165,-0.05175227777167901,1.1591815593818726,-0.05223415843623347,Base Equity Minimum-Variance
2023-05-18,0.0028407684469773683,0.0028407684469773375,0.0,0.0,1.1647323888179402,-0.0490585255624546,1.1624745257800826,-0.049541775138396194,Base Equity Minimum-Variance
2023-05-19,0.0007995622115847256,0.0007995622115846146,0.0,0.0,1.1656636648226477,-0.04829818869406577,1.163403996482826,-0.04878182465810721,Base Equity Minimum-Variance
2023-05-22,-0.004509310211502337,-0.00450931021150236,0.0,0.0,1.1604073257556857,-0.052589707390092943,1.1581578469613834,-0.05307116248954302,Base Equity Minimum-Variance
2023-05-23,-0.006109040859789735,-0.006109040859789694,0.0,0.0,1.153318349988645,-0.05837747557863204,1.1510826133522103,-0.058855989449207446,Base Equity Minimum-Variance
2023-05-24,-0.006278723381243353,-0.006278723381243356,0.0,0.0,1.1460769830985542,-0.06428966293902194,1.143855284034013,-0.06476517235336987,Base Equity Minimum-Variance
2023-05-25,-0.0107708190395051,-0.010770819039505053,0.0,0.0,1.1337327953082579,-0.07436802965290001,1.1315350257623011,-0.0748384174413943,Base Equity Minimum-Variance
2023-05-26,4.7870966073159615e-05,4.787096607317132e-05,0.0,0.0,1.133787068192438,-0.07432371875625132,1.13158919343713,-0.07479412906266347,Base Equity Minimum-Variance
2023-05-30,-0.006178261417342385,-0.006178261417342346,0.0,0.0,1.126782235293543,-0.08004278880960847,1.1245979395830359,-0.08051029279817423,Base Equity Minimum-Variance
2023-05-31,0.003756180390691285,0.003756180390691366,0.0,0.0,1.131014632630332,-0.07658726357265999,1.1288221323111096,-0.07705652359054016,Base Equity Minimum-Variance
2023-06-01,0.0013157957894747124,0.0012967907693219871,0.018980046287662193,1.8980046287662195e-05,1.1325028169217815,-0.07537224098212147,1.130285978432497,-0.07585965900972647,Base Equity Minimum-Variance
2023-06-02,0.015983645283168438,0.015983645283168535,0.0,0.0,1.1506043402296484,-0.06059331886300867,1.148352068580301,-0.06108852760747152,Base Equity Minimum-Variance
2023-06-05,-0.003939596556991232,-0.003939596556991276,0.0,0.0,1.1460714233324205,-0.06429420218963056,1.1438280247247083,-0.06478746001142877,Base Equity Minimum-Variance
2023-06-06,-0.007547714441397345,-0.007547714441397346,0.0,0.0,1.1374212034996616,-0.07135664235266304,1.1351947374240188,-0.07184617720527631,Base Equity Minimum-Variance
2023-06-07,0.002451085338397571,0.0024510853383976627,0.0,0.0,1.1402091199351423,-0.06908045823413322,1.137977196601145,-0.06957119297844638,Base Equity Minimum-Variance
2023-06-08,0.009969421267255052,0.009969421267254974,0.0,0.0,1.1515763449845418,-0.059799729156349346,1.1493221706665915,-0.06029535624205917,Base Equity Minimum-Variance
2023-06-09,-0.0014632247057323417,-0.0014632247057323466,0.0,0.0,1.1498913300260234,-0.06117545342098407,1.1476404540716263,-0.061670355292897105,Base Equity Minimum-Variance
2023-06-12,0.001799848694598207,0.0017998486945982606,0.0,0.0,1.1519609604353005,-0.05948571128636715,1.1497060332447553,-0.05998150390676815,Base Equity Minimum-Variance
2023-06-13,0.006584407863062246,0.006584407863062136,0.0,0.0,1.1595459412411313,-0.05329298160843876,1.157276166690262,-0.05379203872966809,Base Equity Minimum-Variance
2023-06-14,-5.543632217919182e-05,-5.543632217919203e-05,0.0,0.0,1.159481660278751,-0.05334546356371972,1.157212011555835,-0.05384449301905758,Base Equity Minimum-Variance
2023-06-15,0.008919205701813962,0.008919205701813926,0.0,0.0,1.169823315714258,-0.04490205702468919,1.1675334235275114,-0.04540553742639053,Base Equity Minimum-Variance
2023-06-16,0.0023462418768746226,0.0023462418768747106,0.0,0.0,1.172568004166131,-0.04266116623436367,1.1702727393384427,-0.043165827922867495,Base Equity Minimum-Variance
2023-06-20,-0.009027026899934436,-0.009027026899934398,0.0,0.0,1.161983201250521,-0.051303089639118005,1.1597086558401746,-0.05180319573298431,Base Equity Minimum-Variance
2023-06-21,-0.0019394044347669044,-0.0019394044347669226,0.0,0.0,1.1597296458768909,-0.05314299663432165,1.1574595117300006,-0.05364213282021146,Base Equity Minimum-Variance
2023-06-22,0.004598492650346133,0.004598492650346175,0.0,0.0,1.1650626541298443,-0.04878888166341577,1.1627820807877642,-0.04929031312338805,Base Equity Minimum-Variance
2023-06-23,-0.0036484569010238072,-0.0036484569010237777,0.0,0.0,1.1608119732492592,-0.05225933443244146,1.1585397204807273,-0.05275893644134322,Base Equity Minimum-Variance
2023-06-26,0.0007143760731093975,0.000714376073109424,0.0,0.0,1.1616412295483274,-0.05158229117744717,1.1593673535367857,-0.05208225009007006,Base Equity Minimum-Variance
2023-06-27,-0.0004569541710700171,-0.0004569541710700564,0.0,0.0,1.1611104127431984,-0.052015674605410345,1.1588375757887845,-0.05251540505972285,Base Equity Minimum-Variance
2023-06-28,-0.0035427055161400406,-0.003542705516139999,0.0,0.0,1.1569969404791254,-0.055374103904200056,1.1547321555167274,-0.055872063960675344,Base Equity Minimum-Variance
2023-06-29,0.0012574101622329877,0.0012574101622329081,0.0,0.0,1.1584517601897562,-0.05418632170294091,1.1561841274637312,-0.05468490789945146,Base Equity Minimum-Variance
2023-06-30,0.011366560846686719,0.011366560846686635,0.0,0.0,1.1716193726099042,-0.0434356729789489,1.169325964698521,-0.043939926385799466,Base Equity Minimum-Variance
2023-07-03,0.0035992723829082595,0.0035778180305963136,0.02137740919344739,2.137740919344739e-05,1.1758363498610194,-0.03999273741422682,1.1735096002186638,-0.040519317416089384,Base Equity Minimum-Variance
2023-07-05,-0.0020885578354604326,-0.0020885578354604695,0.0,0.0,1.173380547639298,-0.04199776810459921,1.171058657548139,-0.042523248313672934,Base Equity Minimum-Variance
2023-07-06,-0.00850299840457641,-0.008502998404576356,0.0,0.0,1.1634032947147601,-0.050143659553986364,1.1611011476513418,-0.05066467160568078,Base Equity Minimum-Variance
2023-07-07,-0.01279834002252607,-0.012798340022526111,0.0,0.0,1.1485136637656734,-0.06230024397156675,1.1462409803631546,-0.06281458793386785,Base Equity Minimum-Variance
2023-07-10,0.005282734379295758,0.005282734379295828,0.0,0.0,1.1545809563823393,-0.05734662523293821,1.1522962669970769,-0.05786368633777139,Base Equity Minimum-Variance
2023-07-11,0.012045084259420635,0.012045084259420635,0.0,0.0,1.168487981286287,-0.04599228590644178,1.1661757726248725,-0.04651557505585002,Base Equity Minimum-Variance
2023-07-12,0.0015617005030476242,0.0015617005030477138,0.0,0.0,1.170312809554467,-0.044502411579430357,1.1679969899156228,-0.04502651794976653,Base Equity Minimum-Variance
2023-07-13,0.0013903052756640245,0.0013903052756640832,0.0,0.0,1.1719399016277678,-0.04317397824136493,1.1696208622926623,-0.04369881327955283,Base Equity Minimum-Variance
2023-07-14,0.004268984788727564,0.0042689847887276144,0.0,0.0,1.1769428952411196,-0.03908930250901865,1.174613955962368,-0.03961637806000107,Base Equity Minimum-Variance
2023-07-17,-0.004065699441219835,-0.004065699441219817,0.0,0.0,1.1721577991695902,-0.042996076594869814,1.1698383286579628,-0.04352100921507929,Base Equity Minimum-Variance
2023-07-18,0.0031869266676286096,0.0031869266676285424,0.0,0.0,1.1758933801184326,-0.03994617527034483,1.1735665176243768,-0.04047278081232042,Base Equity Minimum-Variance
2023-07-19,0.0040213477592751035,0.004021347759275207,0.0,0.0,1.1806220563277183,-0.03608546497348475,1.178285836710386,-0.03661418817947659,Base Equity Minimum-Variance
2023-07-20,0.007528211341528691,0.007528211341528701,0.0,0.0,1.1895100286822236,-0.02882891263863374,1.1871562215098717,-0.029361616184661488,Base Equity Minimum-Variance
2023-07-21,0.007216722340067969,0.0072167223400678715,0.0,0.0,1.1980943922799494,-0.021820240556444936,1.1957235983347925,-0.022356788476053935,Base Equity Minimum-Variance
2023-07-24,-0.0033553225239954998,-0.0033553225239955076,0.0,0.0,1.1940743991796599,-0.02510234913582232,1.1917115600128267,-0.025637096764111633,Base Equity Minimum-Variance
2023-07-25,0.0007076497007693362,0.0007076497007694194,0.0,0.0,1.1949193855709357,-0.024412463104907522,1.1925548743416732,-0.02494758914719597,Base Equity Minimum-Variance
2023-07-26,0.002521602931625397,0.0025216029316252886,0.0,0.0,1.1979324977966472,-0.021952418711815858,1.195562024208937,-0.02248889412950128,Base Equity Minimum-Variance
2023-07-27,-0.004727315820178062,-0.004727315820178046,0.0,0.0,1.1922694925483077,-0.02657595851572636,1.1899102249378901,-0.02710989784468265,Base Equity Minimum-Variance
2023-07-28,0.004645242065966554,0.004645242065966615,0.0,0.0,1.1978078729490618,-0.022054168210200342,1.1954376459694953,-0.022590587816588292,Base Equity Minimum-Variance
2023-07-31,-0.002707233303341192,-0.0027072333033412166,0.0,0.0,1.1945651275844098,-0.024701695734885454,1.1922013173622588,-0.02523666312825046,Base Equity Minimum-Variance
2023-08-01,-0.008335001421267727,-0.008357002969428984,0.02218647244058669,2.218647244058669e-05,1.1846084255481968,-0.03283080848709519,1.1822380874129053,-0.03338276322897815,Base Equity Minimum-Variance
2023-08-02,-0.00997949049331684,-0.009979490493316812,0.0,0.0,1.1727866370271356,-0.0424826642392272,1.170439953658731,-0.043029110754010724,Base Equity Minimum-Variance
2023-08-03,-0.0033345369438809234,-0.0033345369438809724,0.0,0.0,1.1688759366586787,-0.04567554116972794,1.1665370783926616,-0.04622016553842012,Base Equity Minimum-Variance
2023-08-04,-0.004102999167910514,-0.004102999167910459,0.0,0.0,1.1640800396631776,-0.04959113363022505,1.16175077773068,-0.050133523405585745,Base Equity Minimum-Variance
2023-08-07,0.011331239021121561,0.011331239021121542,0.0,0.0,1.1772705088323177,-0.03882182359759612,1.17491485347612,-0.039370359321143966,Base Equity Minimum-Variance
2023-08-08,-0.004379567276244033,-0.004379567276244001,0.0,0.0,1.1721145734365486,-0.043031368085607924,1.169769234831463,-0.04357750146005113,Base Equity Minimum-Variance
2023-08-09,0.0014700684987398434,0.0014700684987398738,0.0,0.0,1.1738376621478717,-0.04162455864554826,1.1714888757343838,-0.04217149487346139,Base Equity Minimum-Variance
2023-08-10,-0.0010381936146548199,-0.0010381936146548476,0.0,0.0,1.1726189913823883,-0.042619537909204475,1.1702726434639572,-0.043165906311418145,Base Equity Minimum-Variance
2023-08-11,0.0062787300631154865,0.006278730063115523,0.0,0.0,1.1799815494961612,-0.036608404420035545,1.177620469492516,-0.037158203321961736,Base Equity Minimum-Variance
2023-08-14,-0.0023997881706216678,-0.0023997881706216972,0.0,0.0,1.1771498437321284,-0.03892034017478474,1.1747944298203459,-0.03946881967580995,Base Equity Minimum-Variance
2023-08-15,-0.008136809212654752,-0.008136809212654805,0.0,0.0,1.1675716000389735,-0.04674046200494575,1.165235351680808,-0.04728447863291407,Base Equity Minimum-Variance
2023-08-16,-0.004007767256750294,-0.004007767256750339,0.0,0.0,1.1628922448104257,-0.05056090436850735,1.1605653595919339,-0.05110274070444676,Base Equity Minimum-Variance
2023-08-17,-0.009809633870798081,-0.009809633870798029,0.0,0.0,1.151484697657645,-0.059874554279273906,1.149180638331206,-0.06041107539913981,Base Equity Minimum-Variance
2023-08-18,0.001745932120579073,0.0017459321205790523,0.0,0.0,1.1534951117776406,-0.05823315906621651,1.151187029720016,-0.058770616915538865,Base Equity Minimum-Variance
2023-08-21,-0.0005003280410803874,-0.0005003280410803557,0.0,0.0,1.1529179858279692,-0.058704351424895274,1.150611058568519,-0.05924154036898477,Base Equity Minimum-Variance
2023-08-22,-0.003415745745086842,-0.003415745745086851,0.0,0.0,1.1489799111234433,-0.06191957803138437,1.1466808637409638,-0.062454932074623826,Base Equity Minimum-Variance
2023-08-23,0.010893447020049003,0.010893447020049019,0.0,0.0,1.1614962629123673,-0.05170064865412394,1.15917217097903,-0.05224183454827058,Base Equity Minimum-Variance
2023-08-24,-0.008777268511100833,-0.008777268511100833,0.0,0.0,1.1513014983381453,-0.0600241266897894,1.1489978055837513,-0.06056056245002872,Base Equity Minimum-Variance
2023-08-25,0.0028551181721486354,0.002855118172148563,0.0,0.0,1.1545886001676724,-0.05734038449252021,1.1522783300982322,-0.05787835184024681,Base Equity Minimum-Variance
2023-08-28,0.00563445365228742,0.00563445365228743,0.0,0.0,1.1610940761227766,-0.05202901257906023,1.1587707889437058,-0.05257001107887416,Base Equity Minimum-Variance
2023-08-29,0.008545355803056326,0.008545355803056376,0.0,0.0,1.1710160381240668,-0.043928263200573525,1.168672897629418,-0.04447388472505731,Base Equity Minimum-Variance
2023-08-30,0.0015324635461801714,0.001532463546180196,0.0,0.0,1.1728105775144844,-0.04246311811639525,1.170463846242444,-0.04300957578597531,Base Equity Minimum-Variance
2023-08-31,-0.004350684902402852,-0.004350684902402868,0.0,0.0,1.1677080482415136,-0.046629059371900206,1.1653715268577884,-0.0471731395763475,Base Equity Minimum-Variance
2023-09-01,-8.824973443751806e-05,-0.00011125775345888211,0.023010049652103213,2.3010049652103214e-05,1.1676049983163557,-0.04671319410423114,1.1652418702397653,-0.047279148952273475,Base Equity Minimum-Variance
2023-09-05,-0.01062955875058482,-0.0106295587505848,0.0,0.0,1.1551938723892754,-0.0568462122136576,1.1528558633214105,-0.057406151211392364,Base Equity Minimum-Variance
2023-09-06,-0.002430411395072403,-0.002430411395072385,0.0,0.0,1.1523862760383028,-0.05913846392679911,1.1500539492943183,-0.05969704204241322,Base Equity Minimum-Variance
2023-09-07,0.006356126139184055,0.006356126139184015,0.0,0.0,1.1597109885698669,-0.053158229324011375,1.1573638372628996,-0.053720357832586996,Base Equity Minimum-Variance
2023-09-08,0.005924391048213831,0.005924391048213851,0.0,0.0,1.1665815699690654,-0.04754876841374367,1.1642205132199064,-0.04811422719142344,Base Equity Minimum-Variance
2023-09-11,0.005736763317171338,0.005736763317171434,0.0,0.0,1.1732739723261523,-0.04208478112698477,1.170899370753245,-0.04265348380783773,Base Equity Minimum-Variance
2023-09-12,-0.00300886618098671,-0.0030088661809867245,0.0,0.0,1.169743747949788,-0.04496701983330431,1.1673762912352468,-0.04553401136389379,Base Equity Minimum-Variance
2023-09-13,0.00015296258132703827,0.00015296258132702079,0.0,0.0,1.1699226749729656,-0.0448209355234056,1.1675548561261342,-0.04538801378248314,Base Equity Minimum-Variance
2023-09-14,0.010173938082614974,0.010173938082614908,0.0,0.0,1.181825395829588,-0.035103002863610566,1.179433486940418,-0.035675850541784015,Base Equity Minimum-Variance
2023-09-15,-0.007405373619108612,-0.007405373619108646,0.0,0.0,1.173073537220919,-0.04224842563136155,1.170699341310736,-0.04281703115845126,Base Equity Minimum-Variance
2023-09-18,-0.00035836449038513486,-0.0003583644903851768,0.0,0.0,1.1726531493205683,-0.04259164978622587,1.170279804237893,-0.04316005154528546,Base Equity Minimum-Variance
2023-09-19,-0.00043163975722401943,-0.0004316397572240449,0.0,0.0,1.1721469855998876,-0.0430049052940763,1.1697746649473075,-0.043573061708338745,Base Equity Minimum-Variance
2023-09-20,0.001490135546811076,0.0014901355468111,0.0,0.0,1.1738936434892175,-0.04157885288533114,1.1715177877573046,-0.042147855929662525,Base Equity Minimum-Variance
2023-09-21,-0.01156982078393683,-0.011569820783936868,0.0,0.0,1.1603119044146446,-0.052667613792983015,1.1579635369077583,-0.05323003357406619,Base Equity Minimum-Variance
2023-09-22,-0.0001114760582305624,-0.00011147605823058626,0.0,0.0,1.1601825574172224,-0.05277321867323159,1.157834451697089,-0.05333557575797443,Base Equity Minimum-Variance
2023-09-25,-0.00030134928928296197,-0.00030134928928293725,0.0,0.0,1.1598329372281062,-0.053058664790574195,1.1574855391079628,-0.05362085240940928,Base Equity Minimum-Variance
2023-09-26,-0.005967008799264081,-0.00596700879926404,0.0,0.0,1.1529122038859898,-0.05870907207015574,1.1505788127110848,-0.05926790511052227,Base Equity Minimum-Variance
2023-09-27,-0.009125151864630815,-0.00912515186463081,0.0,0.0,1.142391704938944,-0.06729849473631477,1.1400796063128695,-0.06785222834032101,Base Equity Minimum-Variance
2023-09-28,0.001625181175310418,0.0016251811753105194,0.0,0.0,1.1442482984326416,-0.06578268580777646,1.1419324422274046,-0.06633731932921205,Base Equity Minimum-Variance
2023-09-29,-0.006867099261406515,-0.006867099261406495,0.0,0.0,1.1363906317876091,-0.07219804883605907,1.1340906787968088,-0.07274887363404914,Base Equity Minimum-Variance
2023-10-02,-0.00966020639226814,-0.009673338328735626,0.013260031104673269,1.3260031104673269e-05,1.1254128637423009,-0.08116080717545182,1.1231202359653418,-0.08171848749508814,Base Equity Minimum-Variance
2023-10-03,-0.008329169177600126,-0.008329169177600182,0.0,0.0,1.1160391096055438,-0.08881397425949711,1.1137655775132003,-0.08936700956540422,Base Equity Minimum-Variance
2023-10-04,0.007517853981184425,0.00751785398118443,0.0,0.0,1.1244293286688494,-0.08196381076828418,1.1221387044942142,-0.08252100371286752,Base Equity Minimum-Variance
2023-10-05,-0.00328369957765094,-0.003283699577650956,0.0,0.0,1.120737040557201,-0.08497836581513274,1.1184539381042007,-0.08553372910547918,Base Equity Minimum-Variance
2023-10-06,0.005459499090990123,0.005459499090990194,0.0,0.0,1.1268557034113622,-0.07998280603506402,1.124560136362595,-0.08054120133078935,Base Equity Minimum-Variance
2023-10-09,0.004417357400398955,0.004417357400398947,0.0,0.0,1.1318334277920081,-0.07591876127480879,1.12952772040315,-0.07647962320212598,Base Equity Minimum-Variance
2023-10-10,0.011176616057234055,0.011176616057233968,0.0,0.0,1.1444834954551824,-0.06559066006388425,1.1421520180600988,-0.066157790529624,Base Equity Minimum-Variance
2023-10-11,0.004864048262086573,0.004864048262086529,0.0,0.0,1.150050318412238,-0.06104564793789047,1.1477075005985826,-0.06161553695358657,Base Equity Minimum-Variance
2023-10-12,-0.002132723857150174,-0.0021327238571501317,0.0,0.0,1.1475975786612371,-0.06304817828530818,1.145259757431026,-0.06361685188510469,Base Equity Minimum-Variance
2023-10-13,0.0035991655468784406,0.0035991655468783357,0.0,0.0,1.1517279723280356,-0.059675933569507844,1.149381736892198,-0.06024665391973205,Base Equity Minimum-Variance
2023-10-16,0.007329722551491842,0.007329722551491891,0.0,0.0,1.1601698188199925,-0.05278361905408169,1.1578063861293695,-0.053358522626127614,Base Equity Minimum-Variance
2023-10-17,0.00597648668112228,0.005976486681122273,0.0,0.0,1.1671035582900102,-0.0471225929692175,1.1647260005753899,-0.04770093244480478,Base Equity Minimum-Variance
2023-10-18,-0.00877197430376834,-0.008771974303768304,0.0,0.0,1.1568657558668538,-0.05548120909833287,1.1545090540274117,-0.056054475394901604,Base Equity Minimum-Variance
2023-10-19,-0.010761548750544886,-0.010761548750544914,0.0,0.0,1.1444160886372567,-0.06564569411242682,1.1420847485595502,-0.06621279117579804,Base Equity Minimum-Variance
2023-10-20,-0.003399184852700974,-0.003399184852700965,0.0,0.0,1.1405260068035736,-0.06882173711605577,1.1382025913817457,-0.06938690651167922,Base Equity Minimum-Variance
2023-10-23,-0.0024626859755543834,-0.002462685975554435,0.0,0.0,1.1377172494018635,-0.07111493676480118,1.1353995558226102,-0.07167871432568018,Base Equity Minimum-Variance
2023-10-24,0.011084097325153568,0.011084097325153586,0.0,0.0,1.1503278181227397,-0.06081908432002081,1.147984435002284,-0.061389110846254424,Base Equity Minimum-Variance
2023-10-25,-0.00830618886377477,-0.008306188863774766,0.0,0.0,1.1407729780101583,-0.06862009838291161,1.1384490594724814,-0.06918539016116088,Base Equity Minimum-Variance
2023-10-26,-0.0016966706636908615,-0.0016966706636908357,0.0,0.0,1.1388374619644372,-0.07020034333873659,1.136517486351168,-0.07076467600300929,Base Equity Minimum-Variance
2023-10-27,-0.011326053901247444,-0.011326053901247413,0.0,0.0,1.1259389274854683,-0.08073130436744336,1.1236452280410445,-0.0812892453695423,Base Equity Minimum-Variance
2023-10-30,0.008158870159664114,0.008158870159664211,0.0,0.0,1.1351253170025337,-0.07323111043793351,1.1328129035621577,-0.07379360360822529,Base Equity Minimum-Variance
2023-10-31,0.00232230975572876,0.0023223097557287797,0.0,0.0,1.1377614296001834,-0.07107886600439761,1.1354436460195156,-0.07164266545806619,Base Equity Minimum-Variance
2023-11-01,0.005619162552413551,0.005599870420195607,0.019184332336029397,1.9184332336029398e-05,1.1441546960189732,-0.06585910715410404,1.1418019833066593,-0.06644398468099322,Base Equity Minimum-Variance
2023-11-02,0.012587842518874784,0.012587842518874792,0.0,0.0,1.158557135149691,-0.054100288704518884,1.1561748068602624,-0.05469252857760931,Base Equity Minimum-Variance
2023-11-03,0.003773749099674326,0.0037737490996743173,0.0,0.0,1.1629292390953834,-0.05053070052063535,1.1605379204967174,-0.051125175358413655,Base Equity Minimum-Variance
2023-11-06,-0.004290064001501251,-0.004290064001501226,0.0,0.0,1.1579401982304471,-0.05460398458286231,1.1555591385416173,-0.055195909085539396,Base Equity Minimum-Variance
2023-11-07,-0.0008329549768996954,-0.0008329549768997246,0.0,0.0,1.1569756861793787,-0.05539145689904523,1.1545966098060672,-0.05598288835526177,Base Equity Minimum-Variance
2023-11-08,-0.006644759167214086,-0.006644759167214076,0.0,0.0,1.1492878613823945,-0.0616681531752441,1.146924593398624,-0.06225565471187,Base Equity Minimum-Variance
2023-11-09,-0.01279605320053822,-0.012796053200538227,0.0,0.0,1.1345815127654126,-0.07367509740697287,1.1322484852844896,-0.07425508124268076,Base Equity Minimum-Variance
2023-11-10,0.0057152596552162704,0.005715259655216354,0.0,0.0,1.1410659407108752,-0.06838091006356073,1.1387195793721159,-0.06896420865748554,Base Equity Minimum-Variance
2023-11-13,0.0028139058494176883,0.0028139058494176528,0.0,0.0,1.1442767928360127,-0.06575942165695947,1.1419238290573575,-0.06634436159820967,Base Equity Minimum-Variance
2023-11-14,0.010025672062138169,0.010025672062138113,0.0,0.0,1.1557489367093017,-0.05639303199134993,1.1533723828874276,-0.05698383634862714,Base Equity Minimum-Variance
2023-11-15,0.0041526958716540125,0.004152695871654011,0.0,0.0,1.1605484105474428,-0.05247451923083657,1.158161987620324,-0.05306777701892906,Base Equity Minimum-Variance
2023-11-16,-0.015994630133921644,-0.01599463013392166,0.0,0.0,1.1419858679682258,-0.06762983883820561,1.1396376149931693,-0.06821360768740359,Base Equity Minimum-Variance
2023-11-17,-0.00044208771293664936,-0.00044208771293663407,0.0,0.0,1.1414810100476498,-0.06804202823036398,1.1391337952063805,-0.06862553900252644,Base Equity Minimum-Variance
2023-11-20,0.004739391274140917,0.004739391274140914,0.0,0.0,1.1468909351862673,-0.06362511475109278,1.1445325959754606,-0.06421139100911732,Base Equity Minimum-Variance
2023-11-21,0.0016699235262706933,0.0016699235262707113,0.0,0.0,1.1488061553410014,-0.062061440300806625,1.1464438778840638,-0.06264869559534725,Base Equity Minimum-Variance
2023-11-22,0.0005611071834848648,0.000561107183484788,0.0,0.0,1.1494507587271947,-0.06153515623729211,1.1470871557794067,-0.06212274104499704,Base Equity Minimum-Variance
2023-11-24,0.0027373826461835546,0.002737382646183617,0.0,0.0,1.1525972452867772,-0.05896621885992259,1.1502271722532973,-0.05955541211208337,Base Equity Minimum-Variance
2023-11-27,0.002241246738824115,0.0022412467388241986,0.0,0.0,1.155180500103954,-0.05685712996681902,1.152805115152017,-0.05744764374643474,Base Equity Minimum-Variance
2023-11-28,0.005105466466391206,0.005105466466391206,0.0,0.0,1.1610782354098637,-0.05204194567084863,1.1586907230097097,-0.05263547429876425,Base Equity Minimum-Variance
2023-11-29,0.0006390814448746737,0.0006390814448746784,0.0,0.0,1.161820258966162,-0.05143612326780744,1.1594312207511337,-0.052030031208856076,Base Equity Minimum-Variance
2023-11-30,0.008650558508476236,0.00865055850847618,0.0,0.0,1.1718706530926817,-0.04323051595310856,1.1694609483627953,-0.043829561529549865,Base Equity Minimum-Variance
2023-12-01,0.006133873431265317,0.006103432421672439,0.030255426635126398,3.0255426635126398e-05,1.1790587593565665,-0.037361813035067915,1.1765986742309127,-0.03799363987474458,Base Equity Minimum-Variance
2023-12-04,0.0040881199304571205,0.0040881199304572124,0.0,0.0,1.1838788929698723,-0.03342643267711731,1.1814087507211857,-0.03406084250068986,Base Equity Minimum-Variance
2023-12-05,0.0030269685233926752,0.0030269685233925703,0.0,0.0,1.1874624571144008,-0.030500644913287744,1.1849848378228793,-0.03113697507542701,Base Equity Minimum-Variance
2023-12-06,-0.0013326066652467592,-0.001332606665246705,0.0,0.0,1.1858800367293199,-0.03179260621582869,1.1834057191297802,-0.032428088400152655,Base Equity Minimum-Variance
2023-12-07,-0.004131256876493529,-0.0041312568764935165,0.0,0.0,1.1809808616728854,-0.03579251966927155,1.1785167661149436,-0.03642537651345146,Base Equity Minimum-Variance
2023-12-08,-9.491671949518186e-05,-9.491671949513059e-05,0.0,0.0,1.1808687668437088,-0.0358840390802172,1.178404905169634,-0.036516835855701535,Base Equity Minimum-Variance
2023-12-11,0.004903580844864517,0.00490358084486453,0.0,0.0,1.1866592523091024,-0.03115641852202289,1.1841833088901181,-0.03179231826765416,Base Equity Minimum-Variance
2023-12-12,0.0027114056197040767,0.002711405619704177,0.0,0.0,1.1898767668744872,-0.02852949059058918,1.1873941101686027,-0.02916711451836429,Base Equity Minimum-Variance
2023-12-13,0.021239255047565086,0.021239255047565075,0.0,0.0,1.2151488630013065,-0.007896180670054709,1.2126134765164502,-0.008547347255056237,Base Equity Minimum-Variance
2023-12-14,0.00015012266899027917,0.00015012266899017135,0.0,0.0,1.2153312843918407,-0.007747243396781567,1.2127955172879983,-0.008398507736648853,Base Equity Minimum-Variance
2023-12-15,-0.006677893731494942,-0.006677893731494966,0.0,0.0,1.2072154312261107,-0.014373401860160784,1.2046965977055155,-0.015020317125975402,Base Equity Minimum-Variance
2023-12-18,0.0017057932955223424,0.0017057932955224508,0.0,0.0,1.2092746912149475,-0.012692126617165234,1.2067515610850204,-0.013340145386703028,Base Equity Minimum-Variance
2023-12-19,0.004371240954983012,0.00437124095498298,0.0,0.0,1.2145607222710106,-0.008376366005857006,1.212026562931325,-0.009027217421579747,Base Equity Minimum-Variance
2023-12-20,-0.013476415554685206,-0.01347641555468515,0.0,0.0,1.198192797261288,-0.02173989817140909,1.1956927893059457,-0.02238197844298917,Base Equity Minimum-Variance
2023-12-21,0.00826636387900542,0.008266363879005478,0.0,0.0,1.2080974949206533,-0.01365324420138092,1.2055768209898516,-0.014300632142125513,Base Equity Minimum-Variance
2023-12-22,0.009353943415569353,0.009353943415569388,0.0,0.0,1.2193979705286322,-0.004427012459510271,1.2168537183565127,-0.00508045603042051,Base Equity Minimum-Variance
2023-12-26,0.0010023470476960485,0.0010023470476960838,0.0,0.0,1.220620230484358,-0.003429102814683116,1.2180734280885854,-0.00408320136282736,Base Equity Minimum-Variance
2023-12-27,0.004382133446656428,0.0043821334466565,0.0,0.0,1.2259691512220292,0.0,1.2234111883982959,0.0,Base Equity Minimum-Variance
2023-12-28,0.0015656124311591983,0.001565612431159158,0.0,0.0,1.2278885437654001,0.0,1.2253265761632715,0.0,Base Equity Minimum-Variance
2023-12-29,-0.0005356735023538243,-0.0005356735023538395,0.0,0.0,1.227230796408661,-0.0005356735023539505,1.2246702011846908,-0.0005356735023538395,Base Equity Minimum-Variance
2021-01-04,0.0018614221460903203,0.0008595607239443304,1.0,0.001,1.0018614221460904,0.0,1.0008595607239443,0.0,A-priori +0.25 Finance-Sentiment Tilt
2021-01-05,0.0018122026418729658,0.0018122026418729842,0.0,0.0,1.003676998062094,0.0,1.0026733210640322,0.0,A-priori +0.25 Finance-Sentiment Tilt
2021-01-06,0.005589381510446257,0.00558938151044619,0.0,0.0,1.0092869317175226,0.0,1.008277644785805,0.0,A-priori +0.25 Finance-Sentiment Tilt
2021-01-07,0.006676249102252339,0.006676249102252285,0.0,0.0,1.0160251826893167,0.0,1.0150091575066273,0.0,A-priori +0.25 Finance-Sentiment Tilt
2021-01-08,-0.0038672817832171844,-0.003867281783217158,0.0,0.0,1.0120959270090124,-0.003867281783217158,1.0110838310820034,-0.003867281783217158,A-priori +0.25 Finance-Sentiment Tilt
2021-01-11,0.00025284826526723826,0.0002528482652672803,0.0,0.0,1.0123518337084407,-0.0036154113534401233,1.0113394818747323,-0.0036154113534400123,A-priori +0.25 Finance-Sentiment Tilt
2021-01-12,0.00017515081414905183,0.00017515081414898326,0.0,0.0,1.0125291479563199,-0.0034408937815332274,1.0115166188083637,-0.0034408937815330054,A-priori +0.25 Finance-Sentiment Tilt
2021-01-13,-0.0017749207231093989,-0.0017749207231093633,0.0,0.0,1.01073198898886,-0.005209707190963697,1.0097212569998713,-0.005209707190963475,A-priori +0.25 Finance-Sentiment Tilt
2021-01-14,0.004262405645670569,0.004262405645670597,0.0,0.0,1.0150401387249859,-0.000969507430636285,1.014025098586261,-0.0009695074306359519,A-priori +0.25 Finance-Sentiment Tilt
2021-01-15,-0.005278274980022788,-0.005278274980022757,0.0,0.0,1.009682477757035,-0.006242665083844856,1.0086727952792782,-0.006242665083844523,A-priori +0.25 Finance-Sentiment Tilt
2021-01-19,0.009427776508364112,0.009427776508364127,0.0,0.0,1.0192015385017397,0.0,1.0181823369632381,0.0,A-priori +0.25 Finance-Sentiment Tilt
2021-01-20,0.015211182230197347,0.01521118223019724,0.0,0.0,1.034704798833187,0.0,1.033670094034354,0.0,A-priori +0.25 Finance-Sentiment Tilt
2021-01-21,-0.0095060891787092,-0.00950608917870921,0.0,0.0,1.0248688027418404,-0.009506089178709098,1.0238439339390986,-0.00950608917870932,A-priori +0.25 Finance-Sentiment Tilt
2021-01-22,-0.0012693324620729322,-0.0012693324620729474,0.0,0.0,1.0235679035011545,-0.010763355253200158,1.0225443355976531,-0.01076335525320038,A-priori +0.25 Finance-Sentiment Tilt
2021-01-25,0.0031468471498517416,0.0031468471498516948,0.0,0.0,1.0267889152409668,-0.007650378737149688,1.0257621263257255,-0.007650378737150132,A-priori +0.25 Finance-Sentiment Tilt
2021-01-26,-0.0022616061081852695,-0.0022616061081852656,0.0,0.0,1.024466723158441,-0.00989468270205307,1.023442256435282,-0.009894682702053625,A-priori +0.25 Finance-Sentiment Tilt
2021-01-27,-0.02125636578093023,-0.021256365780930264,0.0,0.0,1.0026902837605942,-0.03094072348818211,1.001687593476833,-0.030940723488182886,A-priori +0.25 Finance-Sentiment Tilt
2021-01-28,0.0009568709589140836,0.0009568709589140578,0.0,0.0,1.00364972897391,-0.030013458809021842,1.0026460792449354,-0.03001345880902251,A-priori +0.25 Finance-Sentiment Tilt
2021-01-29,-0.010288493521411791,-0.010288493521411812,0.0,0.0,0.9933236852395951,-0.03999315905392187,0.992330361554355,-0.03999315905392253,A-priori +0.25 Finance-Sentiment Tilt
2021-02-01,0.0013162184365817938,0.0011997315465905878,0.11633376933929995,0.00011633376933929996,0.9946311161876009,-0.038729580350623904,0.9935208915937513,-0.03884140856189677,A-priori +0.25 Finance-Sentiment Tilt
2021-02-02,0.00516689494799166,0.005166894947991718,0.0,0.0,0.999770270676946,-0.03376279707568364,0.9986543096692513,-0.033875203091576434,A-priori +0.25 Finance-Sentiment Tilt
2021-02-03,-0.0005656055794439484,-0.0005656055794439618,0.0,0.0,0.999204795033689,-0.03430930622872397,0.9980894652197666,-0.03442164866714703,A-priori +0.25 Finance-Sentiment Tilt
2021-02-04,0.003177000716921686,0.0031770007169216186,0.0,0.0,1.0023792693838625,-0.031241306202288155,1.0012603961663218,-0.0313540055527185,A-priori +0.25 Finance-Sentiment Tilt
2021-02-05,0.013557818511666986,0.01355781851166693,0.0,0.0,1.015969345598026,-0.01810705165017934,1.0148353029004644,-0.018221278957949227,A-priori +0.25 Finance-Sentiment Tilt
2021-02-08,0.003151484725629651,0.0031514847256297607,0.0,0.0,1.0191711574723863,-0.015012631021251277,1.018033540856585,-0.015127218314636925,A-priori +0.25 Finance-Sentiment Tilt
2021-02-09,-0.0012616093417619975,-0.0012616093417620045,0.0,0.0,1.0178853616192647,-0.016255300287472574,1.0167491802312134,-0.016369743016458216,A-priori +0.25 Finance-Sentiment Tilt
2021-02-10,-0.006985691112993067,-0.0069856911129930754,0.0,0.0,1.0107747288945552,-0.023127436893708442,1.0096464845187292,-0.023241080161139238,A-priori +0.25 Finance-Sentiment Tilt
2021-02-11,-0.0056376598525506695,-0.005637659852550714,0.0,0.0,1.0050763247854935,-0.028634712123791095,1.003954441067689,-0.028747714709135508,A-priori +0.25 Finance-Sentiment Tilt
2021-02-12,0.003729240826659351,0.0037292408266593746,0.0,0.0,1.0088244964497923,-0.02501225703464338,1.0076984289574247,-0.025125681033842606,A-priori +0.25 Finance-Sentiment Tilt
2021-02-16,-0.009339931732611528,-0.009339931732611495,0.0,0.0,0.9994021445227651,-0.03411857599407275,0.9982865944239024,-0.03423094062086263,A-priori +0.25 Finance-Sentiment Tilt
2021-02-17,0.007661917526672078,0.007661917526672113,0.0,0.0,1.0070594813300777,-0.02671807218279476,1.0059353839783607,-0.026831297738088122,A-priori +0.25 Finance-Sentiment Tilt
2021-02-18,-0.01064985642246915,-0.010649856422469184,0.0,0.0,0.9963344424450261,-0.03708338497263208,0.9952223165687097,-0.0371954046920181,A-priori +0.25 Finance-Sentiment Tilt
2021-02-19,-0.007068665520113068,-0.007068665520113093,0.0,0.0,0.9892916875252139,-0.04388992044801998,0.9881874228947334,-0.044001148337478146,A-priori +0.25 Finance-Sentiment Tilt
2021-02-22,0.002864176341733175,0.0028641763417331934,0.0,0.0,0.9921251933716969,-0.04115145257807462,0.9910177659325867,-0.041262999043822246,A-priori +0.25 Finance-Sentiment Tilt
2021-02-23,-0.005331763690846376,-0.005331763690846425,0.0,0.0,0.9868354162889037,-0.046263806448239686,0.9857338933912037,-0.04637475817459136,A-priori +0.25 Finance-Sentiment Tilt
2021-02-24,0.00040141814039006823,0.00040141814038996415,0.0,0.0,0.9872315499265814,-0.0458809594390015,0.9861295848576082,-0.045991955703388876,A-priori +0.25 Finance-Sentiment Tilt
2021-02-25,-0.007926149954382272,-0.007926149954382233,0.0,0.0,0.9794066046221661,-0.05344345002881923,0.9783133738935741,-0.05355356652017074,A-priori +0.25 Finance-Sentiment Tilt
2021-02-26,-0.0186856261391461,-0.01868562613914615,0.0,0.0,0.9611057789699858,-0.07113045184114064,0.960032975942072,-0.07123851073690302,A-priori +0.25 Finance-Sentiment Tilt
2021-03-01,0.009003289940460778,0.008873201421852883,0.12892774474071872,0.00012892774474071873,0.9697588929615051,-0.06276756998220168,0.9685515419092269,-0.06299742296981159,A-priori +0.25 Finance-Sentiment Tilt
2021-03-02,0.004948520406278191,0.004948520406278245,0.0,0.0,0.9745577646324949,-0.058129656176832856,0.973344438978897,-0.05836064659664231,A-priori +0.25 Finance-Sentiment Tilt
2021-03-03,-0.012107714882170374,-0.012107714882170328,0.0,0.0,0.9627580970821193,-0.06953355375581549,0.9615594620295945,-0.06976174740948138,A-priori +0.25 Finance-Sentiment Tilt
2021-03-04,-0.004384595508447663,-0.0043845955084476085,0.0,0.0,0.9585367922539315,-0.07361327275677898,0.9573434127312742,-0.07384046587357596,A-priori +0.25 Finance-Sentiment Tilt
2021-03-05,0.014557867838798382,0.01455786783879831,0.0,0.0,0.97249104419419,-0.06012705721395517,0.9712802916101603,-0.06035755777812046,A-priori +0.25 Finance-Sentiment Tilt
2021-03-08,-0.005020363954874384,-0.005020363954874374,0.0,0.0,0.9676087852094793,-0.06484556145807996,0.9664041110440807,-0.06507490482552125,A-priori +0.25 Finance-Sentiment Tilt
2021-03-09,0.006603690007802483,0.006603690007802587,0.0,0.0,0.9739985736758292,-0.05867009143652835,0.9727859442156819,-0.058900949316473716,A-priori +0.25 Finance-Sentiment Tilt
2021-03-10,0.007800357555298421,0.007800357555298509,0.0,0.0,0.9815961108088515,-0.05132738157223682,0.9803740224053329,-0.05156004022619021,A-priori +0.25 Finance-Sentiment Tilt
2021-03-11,-0.00010880241823310676,-0.00010880241823307824,0.0,0.0,0.9814893107782673,-0.05143059944723327,0.9802673553409224,-0.0516632327873624,A-priori +0.25 Finance-Sentiment Tilt
2021-03-12,0.0037430925491423075,0.0037430925491424016,0.0,0.0,0.9851631161045044,-0.047880016391679714,0.9839365867748665,-0.048113520499930895,A-priori +0.25 Finance-Sentiment Tilt
2021-03-15,0.015365329786308687,0.015365329786308779,0.0,0.0,1.0003004722767577,-0.033250378847403006,0.9990550969194774,-0.03348747082328396,A-priori +0.25 Finance-Sentiment Tilt
2021-03-16,0.005776136755092827,0.005776136755092809,0.0,0.0,1.0060783446008121,-0.027666300827691392,1.0048257757851569,-0.02790476227924854,A-priori +0.25 Finance-Sentiment Tilt
2021-03-17,-0.009763838970872171,-0.009763838970872185,0.0,0.0,0.9962551576520482,-0.03716001049236228,0.9950148187166089,-0.03739614364470556,A-priori +0.25 Finance-Sentiment Tilt
2021-03-18,-0.007219576832647985,-0.007219576832647956,0.0,0.0,0.9890626169964575,-0.044111307774158504,0.9878312327832611,-0.04434573614506576,A-priori +0.25 Finance-Sentiment Tilt
2021-03-19,-0.0015222230774831107,-0.0015222230774830647,0.0,0.0,0.9875570430557897,-0.04556638360096976,0.9863275332840599,-0.04580045511960096,A-priori +0.25 Finance-Sentiment Tilt
2021-03-22,0.009695399386324011,0.009695399386324022,0.0,0.0,0.9971318030049928,-0.03631276850224763,0.9958903726449766,-0.036549109437736815,A-priori +0.25 Finance-Sentiment Tilt
2021-03-23,-0.0023309618983811007,-0.002330961898381112,0.0,0.0,0.9948075267645241,-0.0385590867208252,0.9935689901313766,-0.03879487675459892,A-priori +0.25 Finance-Sentiment Tilt
2021-03-24,-0.006382921853252824,-0.006382921853252843,0.0,0.0,0.9884577480621585,-0.044695888936806205,0.9872271169115526,-0.044930173941220564,A-priori +0.25 Finance-Sentiment Tilt
2021-03-25,0.0019161869131181716,0.001916186913118123,0.0,0.0,0.9903518178631654,-0.04286534770113892,0.9891188285932538,-0.0431000816394127,A-priori +0.25 Finance-Sentiment Tilt
2021-03-26,0.01784062255323978,0.017840622553239704,0.0,0.0,1.008020310840577,-0.025789469636848583,1.0067653242744887,-0.026028391374715576,A-priori +0.25 Finance-Sentiment Tilt
2021-03-29,0.010922339728346588,0.010922339728346664,0.0,0.0,1.0190302511286513,-0.015148811257289507,1.0177615571729337,-0.015390342579545968,A-priori +0.25 Finance-Sentiment Tilt
2021-03-30,-0.00939457929246791,-0.009394579292467897,0.0,0.0,1.0094568906329997,-0.02440107384121426,1.008200115523247,-0.024640336078312175,A-priori +0.25 Finance-Sentiment Tilt
2021-03-31,0.0010777931405626926,0.0010777931405627772,0.0,0.0,1.0105448763454177,-0.02334958001066001,1.0092867466920725,-0.023589100122955675,A-priori +0.25 Finance-Sentiment Tilt
2021-04-01,0.012210024261051946,0.012093454125496894,0.11516398055830063,0.00011516398055830063,1.0228836538024768,-0.011424654688023672,1.021492509662665,-0.0117809196976576,A-priori +0.25 Finance-Sentiment Tilt
2021-04-05,0.010219377902075936,0.010219377902075832,0.0,0.0,1.0333368884105405,-0.0013220296496054829,1.0319315276430476,-0.0016819354660061459,A-priori +0.25 Finance-Sentiment Tilt
2021-04-06,-0.0006984453251166382,-0.0006984453251166478,0.0,0.0,1.0326151590915595,-0.0020195516092936794,1.031210779891725,-0.002379206051159377,A-priori +0.25 Finance-Sentiment Tilt
2021-04-07,-0.002348432734050253,-0.0023484327340502764,0.0,0.0,1.0301901318502724,-0.004363241562236553,1.0287890507405217,-0.004722051379838055,A-priori +0.25 Finance-Sentiment Tilt
2021-04-08,-0.0008301497808621292,-0.000830149780862155,0.0,0.0,1.0293349197380706,-0.005189769199071992,1.027935001735496,-0.005548281150782097,A-priori +0.25 Finance-Sentiment Tilt
2021-04-09,0.0027586566860131364,0.002758656686013161,0.0,0.0,1.0321745013965529,-0.0024454293045585995,1.0307707215008206,-0.0028049302676613763,A-priori +0.25 Finance-Sentiment Tilt
2021-04-12,0.00010394836433331395,0.00010394836433325061,0.0,0.0,1.0322817942476796,-0.002341735138601586,1.0308778684313231,-0.0027012734712416053,A-priori +0.25 Finance-Sentiment Tilt
2021-04-13,0.006398752665139092,0.006398752665139007,0.0,0.0,1.0388871101297965,0.0,1.037474200939381,0.0,A-priori +0.25 Finance-Sentiment Tilt
2021-04-14,-0.003557168684228637,-0.0035571686842286176,0.0,0.0,1.035191613435194,-0.0035571686842287287,1.0337837302011041,-0.0035571686842287287,A-priori +0.25 Finance-Sentiment Tilt
2021-04-15,0.013137943691719715,0.013137943691719611,0.0,0.0,1.048791902562646,0.0,1.0473655226379022,0.0,A-priori +0.25 Finance-Sentiment Tilt
2021-04-16,0.003659479593842557,0.003659479593842496,0.0,0.0,1.0526299351282613,0.0,1.0511983353952898,0.0,A-priori +0.25 Finance-Sentiment Tilt
2021-04-19,-0.002896714687316078,-0.0028967146873161154,0.0,0.0,1.0495807665348666,-0.0028967146873161154,1.048153313737868,-0.0028967146873161154,A-priori +0.25 Finance-Sentiment Tilt
2021-04-20,0.008056439322964147,0.00805643932296407,0.0,0.0,1.058036650295005,0.0,1.0565976973111608,0.0,A-priori +0.25 Finance-Sentiment Tilt
2021-04-21,0.0067546184145644205,0.006754618414564373,0.0,0.0,1.0651832841363715,0.0,1.063734611574205,0.0,A-priori +0.25 Finance-Sentiment Tilt
2021-04-22,-0.006572493929290895,-0.006572493929290935,0.0,0.0,1.058182373467803,-0.006572493929290935,1.0567432222972568,-0.006572493929291046,A-priori +0.25 Finance-Sentiment Tilt
2021-04-23,0.003312994382753979,0.0033129943827538977,0.0,0.0,1.0616881257270312,-0.0032812741820053004,1.0602442066567408,-0.0032812741820056335,A-priori +0.25 Finance-Sentiment Tilt
2021-04-26,-0.0047972447247065664,-0.004797244724706551,0.0,0.0,1.0565949479666037,-0.008062777831451928,1.0551579557294561,-0.00806277783145215,A-priori +0.25 Finance-Sentiment Tilt
2021-04-27,-0.005255898949253293,-0.005255898949253268,0.0,0.0,1.0510415916897997,-0.01327629963517274,1.0496121521386415,-0.013276299635173072,A-priori +0.25 Finance-Sentiment Tilt
2021-04-28,-0.00038886694745156813,-0.00038886694745154937,0.0,0.0,1.0506328763543946,-0.013660003868511739,1.0492039926650312,-0.013660003868512072,A-priori +0.25 Finance-Sentiment Tilt
2021-04-29,-0.00022534784979580912,-0.00022534784979577616,0.0,0.0,1.0503961184947834,-0.013882273465807615,1.048967556801287,-0.013882273465807837,A-priori +0.25 Finance-Sentiment Tilt
2021-04-30,-0.0023925435535088677,-0.002392543553508819,0.0,0.0,1.047883000032848,-0.016241603075427657,1.0464578562354223,-0.01624160307542788,A-priori +0.25 Finance-Sentiment Tilt
2021-05-03,0.014960611959931494,0.01487191940603294,0.08738521756750726,8.738521756750727e-05,1.0635599709757484,-0.0015239754367148972,1.0620206931351655,-0.0016112274813575578,A-priori +0.25 Finance-Sentiment Tilt
2021-05-04,-0.005907789000011669,-0.005907789000011654,0.0,0.0,1.057276683078365,-0.007422761111405274,1.0557464989664769,-0.007509497689378253,A-priori +0.25 Finance-Sentiment Tilt
2021-05-05,0.006498963270367122,0.006498963270367142,0.0,0.0,1.064147885408307,-0.0009720380928658345,1.0626077566860788,-0.0010593383686732238,A-priori +0.25 Finance-Sentiment Tilt
2021-05-06,0.008170785759698002,0.008170785759697985,0.0,0.0,1.072842809796614,0.0,1.071290097012554,0.0,A-priori +0.25 Finance-Sentiment Tilt
2021-05-07,0.002040248583978239,0.0020402485839783324,0.0,0.0,1.075031675820133,0.0,1.0734757951160139,0.0,A-priori +0.25 Finance-Sentiment Tilt
2021-05-10,0.005142603631933917,0.005142603631933973,0.0,0.0,1.0805601376206497,0.0,1.0789962556387707,0.0,A-priori +0.25 Finance-Sentiment Tilt
2021-05-11,-0.007051751532376102,-0.007051751532376138,0.0,0.0,1.0729402960143588,-0.007051751532376027,1.0713874421396419,-0.007051751532376138,A-priori +0.25 Finance-Sentiment Tilt
2021-05-12,-0.01180953907542575,-0.011809539075425701,0.0,0.0,1.0602693656629785,-0.018778012672529987,1.0587348502767733,-0.018778012672530098,A-priori +0.25 Finance-Sentiment Tilt
2021-05-13,0.014308309475278357,0.01430830947527828,0.0,0.0,1.0754400278740412,-0.0047383848139009865,1.0738835561667959,-0.0047383848139009865,A-priori +0.25 Finance-Sentiment Tilt
2021-05-14,0.003831455875843986,0.003831455875843881,0.0,0.0,1.079560528887957,-0.0009250838503942482,1.0779980936280433,-0.0009250838503942482,A-priori +0.25 Finance-Sentiment Tilt
2021-05-17,0.007841237443751634,0.007841237443751536,0.0,0.0,1.0880256193298696,0.0,1.0864509326440923,0.0,A-priori +0.25 Finance-Sentiment Tilt
2021-05-18,0.002582386319986049,0.0025823863199860853,0.0,0.0,1.0908353218050215,0.0,1.0892565686698885,0.0,A-priori +0.25 Finance-Sentiment Tilt
2021-05-19,-0.000819958496753908,-0.0008199584967538698,0.0,0.0,1.0899408821143481,-0.0008199584967539808,1.0883634234912627,-0.0008199584967538698,A-priori +0.25 Finance-Sentiment Tilt
2021-05-20,0.008579473190338457,0.00857947319033836,0.0,0.0,1.099292000691502,0.0,1.097701008304451,0.0,A-priori +0.25 Finance-Sentiment Tilt
2021-05-21,-0.0062708412644899075,-0.006270841264489957,0.0,0.0,1.0923985150518418,-0.006270841264490068,1.090817499525503,-0.006270841264489957,A-priori +0.25 Finance-Sentiment Tilt
2021-05-24,0.0007584511566903653,0.0007584511566902652,0.0,0.0,1.0932270459691495,-0.005517146234610304,1.0916448313197562,-0.005517146234610193,A-priori +0.25 Finance-Sentiment Tilt
2021-05-25,-0.005561702981357826,-0.00556170298135783,0.0,0.0,1.087146841848282,-0.0110481644873065,1.0855734270068214,-0.011048164487306278,A-priori +0.25 Finance-Sentiment Tilt
2021-05-26,0.0010841445003178392,0.0010841445003177963,0.0,0.0,1.0883254661179096,-0.009975997793756242,1.086750345467402,-0.00997599779375613,A-priori +0.25 Finance-Sentiment Tilt
2021-05-27,-0.005572871855404456,-0.005572871855404449,0.0,0.0,1.0822603677582612,-0.015493274691826264,1.0806940250532955,-0.015493274691826264,A-priori +0.25 Finance-Sentiment Tilt
2021-05-28,0.0035023075822410805,0.0035023075822411265,0.0,0.0,1.08605077645022,-0.012045229323011997,1.0844789479313224,-0.012045229323011997,A-priori +0.25 Finance-Sentiment Tilt
2021-06-01,-0.000521732167030173,-0.000675748470037929,0.1540967002130315,0.00015409670021303152,1.085484148825118,-0.01256067710644515,1.0837461129414694,-0.012712838247763703,A-priori +0.25 Finance-Sentiment Tilt
2021-06-02,-0.003081710475572694,-0.0030817104755727076,0.0,0.0,1.0821390009526155,-0.015603679211798505,1.0804063211923565,-0.015755371436533938,A-priori +0.25 Finance-Sentiment Tilt
2021-06-03,0.0006423878063848243,0.0006423878063848143,0.0,0.0,1.0828341538516408,-0.014971315018674214,1.0811003610390315,-0.015123104688645084,A-priori +0.25 Finance-Sentiment Tilt
2021-06-04,0.0073613745408495045,0.007361374540849397,0.0,0.0,1.0908053016237664,-0.007720149935046328,1.0890587457128873,-0.007873056985629234,A-priori +0.25 Finance-Sentiment Tilt
2021-06-07,-0.000554367409984525,-0.0005543674099844909,0.0,0.0,1.090200594713908,-0.008270237545506598,1.0884550070367054,-0.008423059829404056,A-priori +0.25 Finance-Sentiment Tilt
2021-06-08,-0.005135016926806194,-0.00513501692680618,0.0,0.0,1.084602396206438,-0.013362786662527881,1.082865772151505,-0.013514824201410813,A-priori +0.25 Finance-Sentiment Tilt
2021-06-09,0.003856894772385621,0.0038568947723855995,0.0,0.0,1.0887855935184834,-0.00955743075216553,1.0870422714873114,-0.009710054683837344,A-priori +0.25 Finance-Sentiment Tilt
2021-06-10,0.010660079540850059,0.01066007954085002,0.0,0.0,1.100392134548322,0.0,1.0986302285656324,0.0,A-priori +0.25 Finance-Sentiment Tilt
2021-06-11,-0.0015391677133421379,-0.001539167713342171,0.0,0.0,1.0986984465028096,-0.001539167713342171,1.0969392523889225,-0.00153916771334206,A-priori +0.25 Finance-Sentiment Tilt
2021-06-14,-0.00028270531709363646,-0.00028270531709362334,0.0,0.0,1.0983878386101007,-0.0018214378995393687,1.0966291418297436,-0.0018214378995391467,A-priori +0.25 Finance-Sentiment Tilt
2021-06-15,-0.007040171279751633,-0.00704017127975165,0.0,0.0,1.0906550000946893,-0.00884878594450289,1.088908684840895,-0.008848785944502668,A-priori +0.25 Finance-Sentiment Tilt
2021-06-16,-0.009718294849485984,-0.009718294849485942,0.0,0.0,1.080055693224703,-0.018481085683120235,1.0783263491774453,-0.018481085683120013,A-priori +0.25 Finance-Sentiment Tilt
2021-06-17,-0.011124874550232592,-0.011124874550232589,0.0,0.0,1.0680402091303136,-0.02940036047357608,1.066330103818636,-0.02940036047357575,A-priori +0.25 Finance-Sentiment Tilt
2021-06-18,-0.00912888240486498,-0.00912888240486498,0.0,0.0,1.0582901956574955,-0.03826085044501715,1.056595701696108,-0.038260850445016814,A-priori +0.25 Finance-Sentiment Tilt
2021-06-21,0.011581397043406109,0.011581397043406216,0.0,0.0,1.070546674600549,-0.027122567501833172,1.068832556031807,-0.02712256750183284,A-priori +0.25 Finance-Sentiment Tilt
2021-06-22,-0.002054818308211233,-0.0020548183082111926,0.0,0.0,1.0683468956937852,-0.029121653861775898,1.0666362993272607,-0.029121653861775565,A-priori +0.25 Finance-Sentiment Tilt
2021-06-23,-0.00632411192307323,-0.00632411192307325,0.0,0.0,1.0615905503527499,-0.03526159718644217,1.0598907719891024,-0.03526159718644195,A-priori +0.25 Finance-Sentiment Tilt
2021-06-24,0.0027248579588319685,0.0027248579588319277,0.0,0.0,1.0644832338128993,-0.03263282207134488,1.0627788237946494,-0.03263282207134466,A-priori +0.25 Finance-Sentiment Tilt
2021-06-25,0.003781534468071915,0.0037815344680718344,0.0,0.0,1.0685086138522475,-0.028974689744726168,1.0667977585487658,-0.028974689744726057,A-priori +0.25 Finance-Sentiment Tilt
2021-06-28,0.0035000960679970883,0.0035000960679971715,0.0,0.0,1.0722484966502128,-0.025576007874375972,1.0705316531888105,-0.02557600787437586,A-priori +0.25 Finance-Sentiment Tilt
2021-06-29,-0.0010872529884357746,-0.0010872529884358162,0.0,0.0,1.0710826912678841,-0.026635453271818044,1.0693677144496658,-0.026635453271817933,A-priori +0.25 Finance-Sentiment Tilt
2021-06-30,0.006597709715856295,0.00659770971585627,0.0,0.0,1.0781493839465477,-0.020213476544799547,1.0764230922091134,-0.020213476544799436,A-priori +0.25 Finance-Sentiment Tilt
2021-07-01,-0.0004046021500160464,-0.0005868633996176653,0.18233502274385954,0.00018233502274385955,1.0777131623877645,-0.020609900278746207,1.0757913788937925,-0.02078847739485401,A-priori +0.25 Finance-Sentiment Tilt
2021-07-02,0.005468056930964046,0.0054680569309639715,0.0,0.0,1.08360615931495,-0.015254539455847982,1.081673867399424,-0.015434093041793218,A-priori +0.25 Finance-Sentiment Tilt
2021-07-06,-0.002494824119460139,-0.002494824119460115,0.0,0.0,1.0809027525326955,-0.01771130618234229,1.0789752813456461,-0.01789041181367068,A-priori +0.25 Finance-Sentiment Tilt
2021-07-07,0.0029385081659939133,0.002938508165993836,0.0,0.0,1.084078994097658,-0.014824842834195717,1.0821458590207857,-0.015004474768884335,A-priori +0.25 Finance-Sentiment Tilt
2021-07-08,-0.0071466153585592225,-0.007146615358559205,0.0,0.0,1.0763314985085484,-0.021865510743267813,1.0744121788045065,-0.02204385891761318,A-priori +0.25 Finance-Sentiment Tilt
2021-07-09,0.006757786461083939,0.006757786461083937,0.0,0.0,1.0836051169368077,-0.01525548673464927,1.0816728268800553,-0.01543504014787278,A-priori +0.25 Finance-Sentiment Tilt
2021-07-12,-0.00029883741926138737,-0.0002988374192613996,0.0,0.0,1.0832812951801638,-0.01554976524362539,1.0813495825639852,-0.01572926499957028,A-priori +0.25 Finance-Sentiment Tilt
2021-07-13,0.0014489325067119372,0.001448932506711964,0.0,0.0,1.0848508966626633,-0.014123363297246727,1.0829163851252814,-0.01430312313622295,A-priori +0.25 Finance-Sentiment Tilt
2021-07-14,0.004263711704215474,0.004263711704215467,0.0,0.0,1.0894763881280927,-0.00991986954242452,1.0875336283912267,-0.01010039582553035,A-priori +0.25 Finance-Sentiment Tilt
2021-07-15,-8.827541063010249e-05,-8.82754106300565e-05,0.0,0.0,1.0893802141525588,-0.010007269272497399,1.0874376259136065,-0.010187779619571291,A-priori +0.25 Finance-Sentiment Tilt
2021-07-16,-0.0021367223817391947,-0.002136722381739231,0.0,0.0,1.0870525110667553,-0.012122608898001874,1.0851140735995715,-0.012302733544577227,A-priori +0.25 Finance-Sentiment Tilt
2021-07-19,-0.010437914421824143,-0.01043791442182418,0.0,0.0,1.0757059499842114,-0.022433988565579432,1.0737877457614222,-0.022612233086508504,A-priori +0.25 Finance-Sentiment Tilt
2021-07-20,0.00476228802615436,0.004762288026154415,0.0,0.0,1.0808287715494842,-0.017778537654549842,1.0789014322856931,-0.017957631027226584,A-priori +0.25 Finance-Sentiment Tilt
2021-07-21,-0.0018883024381228844,-0.0018883024381228797,0.0,0.0,1.078787839944974,-0.01963326883667338,1.0768641400806138,-0.019812024026897856,A-priori +0.25 Finance-Sentiment Tilt
2021-07-22,0.0015719712076924502,0.0015719712076924797,0.0,0.0,1.0804836633685762,-0.018092160562305115,1.0785569395034171,-0.018271196750541674,A-priori +0.25 Finance-Sentiment Tilt
2021-07-23,0.00855127910657691,0.008551279106576937,0.0,0.0,1.0897231807441377,-0.009695592570337364,1.0877799809254463,-0.009876159746989854,A-priori +0.25 Finance-Sentiment Tilt
2021-07-26,-0.00023687468376509458,-0.00023687468376509813,0.0,0.0,1.0894650529103074,-0.009930170613678513,1.0875223133864584,-0.010110695018538118,A-priori +0.25 Finance-Sentiment Tilt
2021-07-27,-0.00238101886852186,-0.0023810188685218225,0.0,0.0,1.0868710160627328,-0.012287545558601454,1.0849329022383467,-0.012467640131447078,A-priori +0.25 Finance-Sentiment Tilt
2021-07-28,0.003499265149943374,0.0034992651499434757,0.0,0.0,1.0906742659317248,-0.008831277788609593,1.0887293701331764,-0.009012002560117582,A-priori +0.25 Finance-Sentiment Tilt
2021-07-29,-0.001623387555577163,-0.001623387555577116,0.0,0.0,1.088903678901223,-0.010440328757724826,1.086961940422311,-0.010620760142887709,A-priori +0.25 Finance-Sentiment Tilt
2021-07-30,-0.0037166359006829404,-0.003716635900682941,0.0,0.0,1.084856620395833,-0.01411816175773195,1.0829220986518615,-0.014297922545130959,A-priori +0.25 Finance-Sentiment Tilt
2021-08-02,-0.004361408344675915,-0.004442465998272693,0.08141272774697252,8.141272774697252e-05,1.0801251176788618,-0.018417995033906065,1.0781112540498226,-0.018676870508650856,A-priori +0.25 Finance-Sentiment Tilt
2021-08-03,0.0038143091221537525,0.0038143091221538583,0.0,0.0,1.0842450487682918,-0.014673937838221796,1.0822235036408416,-0.014933800744051373,A-priori +0.25 Finance-Sentiment Tilt
2021-08-04,-0.0096662166326916,-0.009666216632691627,0.0,0.0,1.073764501243974,-0.024198313008914618,1.0717624968096586,-0.024455664023601664,A-priori +0.25 Finance-Sentiment Tilt
2021-08-05,0.0018677649279870757,0.0018677649279870145,0.0,0.0,1.075770040920315,-0.02237574484128213,1.0737642972123316,-0.022633576527168464,A-priori +0.25 Finance-Sentiment Tilt
2021-08-06,-0.005612819713150676,-0.005612819713150641,0.0,0.0,1.0697319376278207,-0.02786297353269107,1.0677374517976608,-0.028119358055808452,A-priori +0.25 Finance-Sentiment Tilt
2021-08-09,-0.000857168168285254,-0.0008571681682852939,0.0,0.0,1.068814997462288,-0.02869625844699042,1.0668222212418939,-0.028952423205455546,A-priori +0.25 Finance-Sentiment Tilt
2021-08-10,0.006922496728060452,0.0069224967280605565,0.0,0.0,1.0762138657851228,-0.021972411474136644,1.0742072945778631,-0.022230349532304183,A-priori +0.25 Finance-Sentiment Tilt
2021-08-11,0.0055901056085932346,0.005590105608593188,0.0,0.0,1.0822300149522939,-0.01650513396615949,1.0802122268000744,-0.01676451392531264,A-priori +0.25 Finance-Sentiment Tilt
2021-08-12,0.004727345119754318,0.004727345119754256,0.0,0.0,1.0873460897319303,-0.011855814310910984,1.0853187627987366,-0.012116420448648357,A-priori +0.25 Finance-Sentiment Tilt
2021-08-13,0.003190182375988322,0.0031901823759883374,0.0,0.0,1.0908149220639929,-0.008703454144790235,1.0887811275881467,-0.008964891663635233,A-priori +0.25 Finance-Sentiment Tilt
2021-08-16,0.009857701219263468,0.009857701219263548,0.0,0.0,1.101567849651214,0.0,1.0995140066370834,0.0,A-priori +0.25 Finance-Sentiment Tilt
2021-08-17,0.00463103135986692,0.004631031359866977,0.0,0.0,1.10666924490797,0.0,1.1046058904824327,0.0,A-priori +0.25 Finance-Sentiment Tilt
2021-08-18,-0.013894070322901002,-0.01389407032290102,0.0,0.0,1.091293104595027,-0.01389407032290102,1.089258418560979,-0.01389407032290113,A-priori +0.25 Finance-Sentiment Tilt
2021-08-19,0.002671291121228772,0.0026712911212287693,0.0,0.0,1.0942082661759898,-0.011259894308363605,1.0921681449032046,-0.011259894308363716,A-priori +0.25 Finance-Sentiment Tilt
2021-08-20,0.004437992385525899,0.004437992385526002,0.0,0.0,1.0990643541294585,-0.006871873248039839,1.097015178813999,-0.006871873248040061,A-priori +0.25 Finance-Sentiment Tilt
2021-08-23,0.0025828236381796174,0.002582823638179521,0.0,0.0,1.1019030435231845,-0.0043067984465240405,1.0998485755492815,-0.004306798446524263,A-priori +0.25 Finance-Sentiment Tilt
2021-08-24,-0.004515666583787259,-0.0045156665837872145,0.0,0.0,1.0969272167709734,-0.008803016964483157,1.0948820260894476,-0.008803016964483379,A-priori +0.25 Finance-Sentiment Tilt
2021-08-25,-0.003279321793897073,-0.0032793217938971164,0.0,0.0,1.0933300394426975,-0.012053470832996571,1.0912915555995462,-0.012053470832996904,A-priori +0.25 Finance-Sentiment Tilt
2021-08-26,-0.0033915707667498208,-0.003391570766749785,0.0,0.0,1.0896219332425143,-0.015404161400431216,1.0875903630615738,-0.01540416140043166,A-priori +0.25 Finance-Sentiment Tilt
2021-08-27,0.0011165478074155566,0.0011165478074155466,0.0,0.0,1.090838548222988,-0.014304813075652456,1.0888047096968165,-0.01430481307565279,A-priori +0.25 Finance-Sentiment Tilt
2021-08-30,0.00486250996559465,0.004862509965594564,0.0,0.0,1.0961427615345771,-0.009511860406194117,1.0940990334483036,-0.009511860406194561,A-priori +0.25 Finance-Sentiment Tilt
2021-08-31,0.004567492757702796,0.004567492757702851,0.0,0.0,1.1011493856592947,-0.004987813002008901,1.0990963228597885,-0.004987813002009234,A-priori +0.25 Finance-Sentiment Tilt
2021-09-01,-0.007005198082586736,-0.007106697006705187,0.10221496016137945,0.00010221496016137945,1.0934356160942327,-0.011958070466517645,1.0912853783120402,-0.012059063132982994,A-priori +0.25 Finance-Sentiment Tilt
2021-09-02,0.0047513893849573784,0.0047513893849573385,0.0,0.0,1.0986309544736772,-0.007263498530639345,1.0964705000745112,-0.007364971052588265,A-priori +0.25 Finance-Sentiment Tilt
2021-09-03,0.0015831402410852184,0.0015831402410853013,0.0,0.0,1.1003702413478065,-0.005691857426368907,1.098206366646342,-0.005793490593550832,A-priori +0.25 Finance-Sentiment Tilt
2021-09-07,-0.01734201021588261,-0.017342010215882553,0.0,0.0,1.0812876093810997,-0.022935159392616034,1.079161260616814,-0.023035030036374304,A-priori +0.25 Finance-Sentiment Tilt
2021-09-08,0.004100642302116287,0.004100642302116375,0.0,0.0,1.0857215830928821,-0.018928565975310785,1.0835865149329045,-0.019028846152855605,A-priori +0.25 Finance-Sentiment Tilt
2021-09-09,-0.015151705629073435,-0.01515170562907342,0.0,0.0,1.0692710492707271,-0.03379347154474588,1.0671683310350075,-0.03389223230656002,A-priori +0.25 Finance-Sentiment Tilt
2021-09-10,-0.0017729045558330255,-0.0017729045558330103,0.0,0.0,1.0673753337560548,-0.035506463500919794,1.0652763434390748,-0.035605049169329384,A-priori +0.25 Finance-Sentiment Tilt
2021-09-13,-0.0014336272263812692,-0.0014336272263812955,0.0,0.0,1.0658451154168143,-0.03688918769451366,1.0637491342695007,-0.036987632027824846,A-priori +0.25 Finance-Sentiment Tilt
2021-09-14,-0.004430862669815248,-0.004430862669815294,0.0,0.0,1.061122502083109,-0.04115659943965344,1.0590358079404176,-0.041254607579643165,A-priori +0.25 Finance-Sentiment Tilt
2021-09-15,0.0025119319732980865,0.0025119319732980205,0.0,0.0,1.0637879696236776,-0.03874805004440007,1.0616960338472508,-0.03884630437417025,A-priori +0.25 Finance-Sentiment Tilt
2021-09-16,-0.007580767626560996,-0.0075807676265610136,0.0,0.0,1.0557236402220294,-0.046035077707592076,1.0536475629246134,-0.046132587194119945,A-priori +0.25 Finance-Sentiment Tilt
2021-09-17,-0.006906863930936768,-0.0069068639309367574,0.0,0.0,1.0484319006903426,-0.05262398362075238,1.04637016257633,-0.05272081962252484,A-priori +0.25 Finance-Sentiment Tilt
2021-09-20,-0.009793461862313677,-0.009793461862313668,0.0,0.0,1.0381641228556988,-0.06190207450643315,1.0361225762952757,-0.061997962148515384,A-priori +0.25 Finance-Sentiment Tilt
2021-09-21,-0.0007422018332657882,-0.0007422018332657876,0.0,0.0,1.0373935955404845,-0.06259833250651725,1.0353535642196612,-0.06269414898061587,A-priori +0.25 Finance-Sentiment Tilt
2021-09-22,-0.0029676445820096347,-0.0029676445820095987,0.0,0.0,1.0343149800572673,-0.06538020748622109,1.0322810028243403,-0.06547573961107955,A-priori +0.25 Finance-Sentiment Tilt
2021-09-23,0.001855338571124395,0.0018553385711244097,0.0,0.0,1.0362339845344593,-0.06364617133583406,1.0341962335851194,-0.06374188070512843,A-priori +0.25 Finance-Sentiment Tilt
2021-09-24,0.00029168908188317264,0.0002916890818831508,0.0,0.0,1.0365362426740243,-0.06337304714723313,1.0344978973349808,-0.06346878443390569,A-priori +0.25 Finance-Sentiment Tilt
2021-09-27,-0.004106254177095861,-0.004106254177095869,0.0,0.0,1.0322799613978328,-0.06721907548476547,1.030249986022852,-0.06731441964980478,A-priori +0.25 Finance-Sentiment Tilt
2021-09-28,-0.0003051954487248904,-0.0003051954487248709,0.0,0.0,1.0319649142518044,-0.06750375597758485,1.029935558416069,-0.06759907104401897,A-priori +0.25 Finance-Sentiment Tilt
2021-09-29,0.00905963386977903,0.009059633869779038,0.0,0.0,1.0413141385413835,-0.059055681421797734,1.0392663974847849,-0.05915186000783601,A-priori +0.25 Finance-Sentiment Tilt
2021-09-30,-0.0051232062410770446,-0.005123206241077094,0.0,0.0,1.0359792714478866,-0.06387633322724351,1.033942021391049,-0.06397201907054961,A-priori +0.25 Finance-Sentiment Tilt
2021-10-01,0.0030288933062694555,0.002898014145297223,0.13048393904255665,0.00013048393904255664,1.039117142128609,-0.061040914519115086,1.0369383999944575,-0.06125939674142211,A-priori +0.25 Finance-Sentiment Tilt
2021-10-04,-0.00037847366002822136,-0.00037847366002818905,0.0,0.0,1.0387238636606295,-0.0613962858008138,1.0365459461229878,-0.06161468533335457,A-priori +0.25 Finance-Sentiment Tilt
2021-10-05,0.00037939480693487885,0.00037939480693482963,0.0,0.0,1.0391179501003416,-0.06104018442587689,1.0369392062720961,-0.06125866681806613,A-priori +0.25 Finance-Sentiment Tilt
2021-10-06,0.0014046400003210667,0.0014046400003211446,0.0,0.0,1.0405775367381043,-0.05972128391022735,1.038395732559127,-0.05994007319152406,A-priori +0.25 Finance-Sentiment Tilt
2021-10-07,0.009453820811951296,0.00945382081195123,0.0,0.0,1.0504149703113679,-0.05083205741502306,1.048212539746636,-0.051052915090980755,A-priori +0.25 Finance-Sentiment Tilt
2021-10-08,-0.00038626380026293434,-0.0003862638002629648,0.0,0.0,1.0500092330330824,-0.051198686631613644,1.0478076531875502,-0.05141945899824607,A-priori +0.25 Finance-Sentiment Tilt
2021-10-11,-0.0026221991324954486,-0.0026221991324953953,0.0,0.0,1.047255899733111,-0.05368663261243867,1.0450600928683398,-0.05390682606996289,A-priori +0.25 Finance-Sentiment Tilt
2021-10-12,0.000143482028539882,0.00014348202853997627,0.0,0.0,1.0474061621340052,-0.05355085365085133,1.0452100402104108,-0.053771078702179564,A-priori +0.25 Finance-Sentiment Tilt
2021-10-13,0.004691692149419621,0.004691692149419557,0.0,0.0,1.052320269402143,-0.04911040562110014,1.0501138439505604,-0.049331663900572864,A-priori +0.25 Finance-Sentiment Tilt
2021-10-14,0.012804176413495565,0.012804176413495627,0.0,0.0,1.0657943637750653,-0.036935047504915386,1.0635596868627575,-0.037159138814431336,A-priori +0.25 Finance-Sentiment Tilt
2021-10-15,-0.0023436820919294607,-0.0023436820919294776,0.0,0.0,1.0632964806110063,-0.039192165587442984,1.061067041070959,-0.03941573169816992,A-priori +0.25 Finance-Sentiment Tilt
2021-10-18,-0.003573144238530988,-0.0035731442385309453,0.0,0.0,1.0594971689174608,-0.042625270565309736,1.0572756954864613,-0.042848037842076137,A-priori +0.25 Finance-Sentiment Tilt
2021-10-19,0.010971294892193194,0.010971294892193173,0.0,0.0,1.071121224795098,-0.03212163008634805,1.068875378923992,-0.03234684140860011,A-priori +0.25 Finance-Sentiment Tilt
2021-10-20,0.0074719680421294725,0.007471968042129573,0.0,0.0,1.0791246083560138,-0.02488967383768481,1.0768619815963312,-0.025116567931739442,A-priori +0.25 Finance-Sentiment Tilt
2021-10-21,0.004561875843774029,0.004561875843773988,0.0,0.0,1.084047440839295,-0.020441341595750395,1.081774492257254,-0.02066927075249181,A-priori +0.25 Finance-Sentiment Tilt
2021-10-22,0.005068544241868676,0.005068544241868755,0.0,0.0,1.0895419832534736,-0.015476405198122878,1.087257514130985,-0.015705489623879187,A-priori +0.25 Finance-Sentiment Tilt
2021-10-25,0.0065741991433943435,0.006574199143394299,0.0,0.0,1.0967048492264708,-0.009003951024524781,1.094405361549034,-0.009234541496916826,A-priori +0.25 Finance-Sentiment Tilt
2021-10-26,-0.0007750437238020669,-0.0007750437238021046,0.0,0.0,1.0958548550162146,-0.009772016292595831,1.09355714954227,-0.010002428047289569,A-priori +0.25 Finance-Sentiment Tilt
2021-10-27,-0.01053412668967193,-0.010534126689671908,0.0,0.0,1.0843109811399818,-0.020203203324627994,1.0820374799865953,-0.020431187892706926,A-priori +0.25 Finance-Sentiment Tilt
2021-10-28,0.007659182692725322,0.007659182692725253,0.0,0.0,1.0926159170402612,-0.012698760657144259,1.0903250027261886,-0.012928491400681419,A-priori +0.25 Finance-Sentiment Tilt
2021-10-29,0.0027331102133276173,0.002733110213327672,0.0,0.0,1.0956021567623684,-0.01000035755626516,1.0933049811269862,-0.01023071617924376,A-priori +0.25 Finance-Sentiment Tilt
2021-11-01,0.003772880697005158,0.0036860511020484488,0.0865032285952774,8.65032285952774e-05,1.0997357329912143,-0.006265207015247243,1.0973349591575443,-0.006582376019842573,A-priori +0.25 Finance-Sentiment Tilt
2021-11-02,0.005841455058492824,0.005841455058492873,0.0,0.0,1.1061597898517013,-0.00046034988196597126,1.1037449920055762,-0.0007793716150477081,A-priori +0.25 Finance-Sentiment Tilt
2021-11-03,0.0025667359826466885,0.002566735982646673,0.0,0.0,1.1089990099868705,0.0,1.106578013992223,0.0,A-priori +0.25 Finance-Sentiment Tilt
2021-11-04,0.004282157853971358,0.004282157853971347,0.0,0.0,1.1137479188075323,0.0,1.1113165557258717,0.0,A-priori +0.25 Finance-Sentiment Tilt
2021-11-05,-0.01297296372967518,-0.012972963729675158,0.0,0.0,1.099299307452841,-0.012972963729675158,1.0968994863562525,-0.012972963729675158,A-priori +0.25 Finance-Sentiment Tilt
2021-11-08,-0.00400209503597926,-0.004002095035979258,0.0,0.0,1.0948998071514284,-0.016923139731910064,1.092509590366938,-0.016923139731909953,A-priori +0.25 Finance-Sentiment Tilt
2021-11-09,0.003986376990741709,0.00398637699074178,0.0,0.0,1.0992644905498246,-0.0130042247560066,1.0968647454601415,-0.013004224756006488,A-priori +0.25 Finance-Sentiment Tilt
2021-11-10,0.0048667589973397105,0.004866758997339682,0.0,0.0,1.104614345899664,-0.008200754186501569,1.1022029218289744,-0.008200754186501458,A-priori +0.25 Finance-Sentiment Tilt
2021-11-11,0.005845960235666997,0.00584596023566708,0.0,0.0,1.111071877441541,-0.0024027352337112617,1.1086463562816227,-0.0024027352337111507,A-priori +0.25 Finance-Sentiment Tilt
2021-11-12,0.0016816648864718955,0.001681664886471923,0.0,0.0,1.1129403280041807,-0.0007251109427133251,1.1105107279304964,-0.0007251109427133251,A-priori +0.25 Finance-Sentiment Tilt
2021-11-15,-0.006236678896399336,-0.006236678896399339,0.0,0.0,1.1059992765475652,-0.006957267554998814,1.1035848291093873,-0.006957267554998703,A-priori +0.25 Finance-Sentiment Tilt
2021-11-16,-0.00962351371364728,-0.009623513713647336,0.0,0.0,1.0953556773424258,-0.016513827908920975,1.0929644653722799,-0.016513827908920975,A-priori +0.25 Finance-Sentiment Tilt
2021-11-17,-0.0017220856565603963,-0.0017220856565604015,0.0,0.0,1.0934693810416425,-0.018207475339304446,1.091082286943332,-0.018207475339304557,A-priori +0.25 Finance-Sentiment Tilt
2021-11-18,-0.0011166774234668657,-0.001116677423466883,0.0,0.0,1.092248328470581,-0.019303820886121592,1.089863899986358,-0.019303820886121592,A-priori +0.25 Finance-Sentiment Tilt
2021-11-19,-0.009546242686251526,-0.009546242686251483,0.0,0.0,1.0818214608533483,-0.028665784613422285,1.0794597947021036,-0.028665784613422285,A-priori +0.25 Finance-Sentiment Tilt
2021-11-22,-0.002126522662998595,-0.00212652266299862,0.0,0.0,1.0795209429995254,-0.030731348835787764,1.0771642989848738,-0.030731348835787764,A-priori +0.25 Finance-Sentiment Tilt
2021-11-23,0.008263764893795003,0.0082637648937951,0.0,0.0,1.0884418502704014,-0.022721540583640842,1.0860657315036744,-0.022721540583640842,A-priori +0.25 Finance-Sentiment Tilt
2021-11-24,-0.0013154043532693839,-0.0013154043532693782,0.0,0.0,1.0870101091222752,-0.02400705692351346,1.0846371159125177,-0.02400705692351357,A-priori +0.25 Finance-Sentiment Tilt
2021-11-26,-0.01030479884573269,-0.010304798845732654,0.0,0.0,1.0758086886044922,-0.03406446787677131,1.0734601486124236,-0.03406446787677142,A-priori +0.25 Finance-Sentiment Tilt
2021-11-29,-0.005243359445488998,-0.0052433594454890375,0.0,0.0,1.0701678369555587,-0.039129215072863044,1.0678316112028405,-0.039129215072863155,A-priori +0.25 Finance-Sentiment Tilt
2021-11-30,-0.01538103183049797,-0.015381031830497993,0.0,0.0,1.05370755139137,-0.05390839920082302,1.0514072592013177,-0.05390839920082302,A-priori +0.25 Finance-Sentiment Tilt
2021-12-01,-0.011473455577414391,-0.011582261345505551,0.11006863569315548,0.00011006863569315548,1.041617884608895,-0.0647633391547573,1.0392295855446865,-0.06486627937806677,A-priori +0.25 Finance-Sentiment Tilt
2021-12-02,0.005333797585197536,0.005333797585197475,0.0,0.0,1.0471736635665205,-0.05977497611155269,1.0447726257985306,-0.05987846539717667,A-priori +0.25 Finance-Sentiment Tilt
2021-12-03,0.011399765072691522,0.011399765072691581,0.0,0.0,1.0591111973214886,-0.049056631723758626,1.056682788287013,-0.04916130076292624,A-priori +0.25 Finance-Sentiment Tilt
2021-12-06,0.012545888439824368,0.012545888439824404,0.0,0.0,1.0723986882484529,-0.03712620231277397,1.0699398126651443,-0.03723218451803023,A-priori +0.25 Finance-Sentiment Tilt
2021-12-07,0.001697774921935121,0.0016977749219351246,0.0,0.0,1.0742193798476771,-0.03549145932607234,1.0717563296470671,-0.03559762146525869,A-priori +0.25 Finance-Sentiment Tilt
2021-12-08,0.0023996075411865346,0.0023996075411865103,0.0,0.0,1.0767970847724484,-0.03317701735833223,1.0743281242180025,-0.033283434244988586,A-priori +0.25 Finance-Sentiment Tilt
2021-12-09,0.00318832388552665,0.0031883238855265894,0.0,0.0,1.0802302626376938,-0.03009447254969977,1.0777534302373397,-0.030201228727857687,A-priori +0.25 Finance-Sentiment Tilt
2021-12-10,0.008786438915423292,0.0087864389154233,0.0,0.0,1.0897216398549516,-0.021572456879026203,1.087223044918008,-0.021680151063822373,A-priori +0.25 Finance-Sentiment Tilt
2021-12-13,0.012642533738067778,0.012642533738067785,0.0,0.0,1.1034984824519205,-0.009202653654864501,1.1009682989441887,-0.009311709367025411,A-priori +0.25 Finance-Sentiment Tilt
2021-12-14,0.001022851104111321,0.0010228511041112665,0.0,0.0,1.1046271970930817,-0.008189215495204683,1.1020944255843552,-0.008298382755121403,A-priori +0.25 Finance-Sentiment Tilt
2021-12-15,0.007504654012304205,0.007504654012304268,0.0,0.0,1.1129170420198466,-0.0007460187118242256,1.1103652629372551,-0.0008560052342558855,A-priori +0.25 Finance-Sentiment Tilt
2021-12-16,0.01563812154915641,0.015638121549156336,0.0,0.0,1.1303209739970805,0.0,1.127729289883029,0.0,A-priori +0.25 Finance-Sentiment Tilt
2021-12-17,-0.010530437888322686,-0.010530437888322641,0.0,0.0,1.1184181991865358,-0.010530437888322752,1.1158538066410735,-0.010530437888322641,A-priori +0.25 Finance-Sentiment Tilt
2021-12-20,0.003730982417925548,0.003730982417925466,0.0,0.0,1.1225909978235886,-0.006838744349011661,1.1200170375746266,-0.00683874434901155,A-priori +0.25 Finance-Sentiment Tilt
2021-12-21,-0.003231778416840556,-0.003231778416840525,0.0,0.0,1.1189630324658828,-0.010048421459466828,1.1163973906860991,-0.010048421459466716,A-priori +0.25 Finance-Sentiment Tilt
2021-12-22,0.005849555666784106,0.005849555666784134,0.0,0.0,1.1255084690133657,-0.004257644593373078,1.12292781936917,-0.004257644593372967,A-priori +0.25 Finance-Sentiment Tilt
2021-12-23,0.0030842453839757793,0.00308424538397567,0.0,0.0,1.1289798133135456,-0.001186530830081245,1.1263912043125972,-0.001186530830081134,A-priori +0.25 Finance-Sentiment Tilt
2021-12-27,0.010415472593401743,0.010415472593401809,0.0,0.0,1.1407386716176167,0.0,1.138123101030564,0.0,A-priori +0.25 Finance-Sentiment Tilt
2021-12-28,0.004601685973224788,0.004601685973224745,0.0,0.0,1.1459879927619145,0.0,1.1433603861403794,0.0,A-priori +0.25 Finance-Sentiment Tilt
2021-12-29,0.00412486233842471,0.004124862338424684,0.0,0.0,1.1507150354735451,0.0,1.1480765903364165,0.0,A-priori +0.25 Finance-Sentiment Tilt
2021-12-30,0.003447957388515155,0.0034479573885151105,0.0,0.0,1.1546826518821816,0.0,1.1520351094986483,0.0,A-priori +0.25 Finance-Sentiment Tilt
2021-12-31,0.000742687994637322,0.0007426879946372811,0.0,0.0,1.1555402208253505,0.0,1.1528907121438736,0.0,A-priori +0.25 Finance-Sentiment Tilt
2022-01-03,-0.003936828572426199,-0.0040355917502934435,0.09915352831060281,9.915352831060282e-05,1.1509910570674176,-0.003936828572426165,1.148238115896956,-0.0040355917502934435,A-priori +0.25 Finance-Sentiment Tilt
2022-01-04,-0.0027693388942320865,-0.002769338894232032,0.0,0.0,1.1478035727661675,-0.006695265054172728,1.1450582554227628,-0.006793754723329992,A-priori +0.25 Finance-Sentiment Tilt
2022-01-05,-7.69488521233791e-05,-7.694885212339297e-05,0.0,0.0,1.14771525059878,-0.0067716987133354944,1.1449701445043936,-0.006870180803825954,A-priori +0.25 Finance-Sentiment Tilt
2022-01-06,-0.008117591364591715,-0.00811759136459167,0.0,0.0,1.1383985671915091,-0.014834320194928252,1.1356757447466495,-0.014932002848051296,A-priori +0.25 Finance-Sentiment Tilt
2022-01-07,0.0017795196462134658,0.0017795196462133678,0.0,0.0,1.1404243698070475,-0.013081198512939984,1.1376967020461541,-0.013179054994263306,A-priori +0.25 Finance-Sentiment Tilt
2022-01-10,-8.626140044083443e-05,-8.626140044087904e-05,0.0,0.0,1.1403259952038112,-0.013166331510877649,1.1375985627353586,-0.013264179550963928,A-priori +0.25 Finance-Sentiment Tilt
2022-01-11,0.004438319225619222,0.004438319225619214,0.0,0.0,1.1453871259917976,-0.008786448667533975,1.1426475883073837,-0.008884730988457878,A-priori +0.25 Finance-Sentiment Tilt
2022-01-12,0.004284471560637718,0.004284471560637826,0.0,0.0,1.15029450455903,-0.004539622396331322,1.147543229403318,-0.004638325805063959,A-priori +0.25 Finance-Sentiment Tilt
2022-01-13,-0.001840273107299317,-0.001840273107299284,0.0,0.0,1.1481776485168158,-0.006371541358617394,1.1454314364587839,-0.006470063126121306,A-priori +0.25 Finance-Sentiment Tilt
2022-01-14,-0.0016629237756994402,-0.001662923775699432,0.0,0.0,1.1462683166063705,-0.008023869746703771,1.143526671289663,-0.008122227680018024,A-priori +0.25 Finance-Sentiment Tilt
2022-01-18,-0.003944458831401418,-0.003944458831401376,0.0,0.0,1.1417469084217768,-0.011936678754220886,1.1390160774121514,-0.01203464871871629,A-priori +0.25 Finance-Sentiment Tilt
2022-01-19,0.007837346861757293,0.007837346861757188,0.0,0.0,1.1506951749714172,-0.0041928837842378774,1.1479429414919484,-0.004291621573327187,A-priori +0.25 Finance-Sentiment Tilt
2022-01-20,-0.01326658049275383,-0.013266580492753866,0.0,0.0,1.1354293848100354,-0.01740383904677134,1.1327136640575568,-0.01750126692303411,A-priori +0.25 Finance-Sentiment Tilt
2022-01-21,-0.0036438543815882664,-0.0036438543815883184,0.0,0.0,1.1312920454712112,-0.020984276373192667,1.1285862204096957,-0.021081349236461655,A-priori +0.25 Finance-Sentiment Tilt
2022-01-24,-0.003006409381192857,-0.0030064093811928982,0.0,0.0,1.1278909184528376,-0.023927598429039687,1.125193228209171,-0.02402437945154179,A-priori +0.25 Finance-Sentiment Tilt
2022-01-25,-0.00566654851923457,-0.005666548519234538,0.0,0.0,1.1214996698390207,-0.029458560050827254,1.1188172661880096,-0.029554792658969653,A-priori +0.25 Finance-Sentiment Tilt
2022-01-26,-0.011574852027775999,-0.011574852027775973,0.0,0.0,1.1085184771114345,-0.04069243360506347,1.1058671218857625,-0.040787552335006416,A-priori +0.25 Finance-Sentiment Tilt
2022-01-27,0.0005555309120061881,0.0005555309120062191,0.0,0.0,1.1091342933919999,-0.0401595085978097,1.1064814652565413,-0.04025468016914746,A-priori +0.25 Finance-Sentiment Tilt
2022-01-28,0.010189603149581398,0.010189603149581394,0.0,0.0,1.1204359316812558,-0.030379114903522186,1.1177560722798727,-0.030475256235403037,A-priori +0.25 Finance-Sentiment Tilt
2022-01-31,0.007652182429995539,0.0076521824299955465,0.0,0.0,1.1290097118316027,-0.022959399002830172,1.1263093456571935,-0.0230562760257218,A-priori +0.25 Finance-Sentiment Tilt
2022-02-01,0.002745178736997451,0.002655721819100121,0.08921201497067127,8.921201497067127e-05,1.1321090452863865,-0.020277247919789576,1.1293005099615117,-0.020461785261930432,A-priori +0.25 Finance-Sentiment Tilt
2022-02-02,0.009097662321110596,0.009097662321110533,0.0,0.0,1.1424085910910768,-0.011364061153054661,1.1395745046601995,-0.011550277353619909,A-priori +0.25 Finance-Sentiment Tilt
2022-02-03,-0.00398915618026359,-0.003989156180263631,0.0,0.0,1.1378513447995395,-0.015307884318536802,1.1350285639820634,-0.01549335767359461,A-priori +0.25 Finance-Sentiment Tilt
2022-02-04,-0.00861767509811522,-0.008617675098115174,0.0,0.0,1.1280457116001037,-0.02379364104315529,1.1252472565905858,-0.023977516049099812,A-priori +0.25 Finance-Sentiment Tilt
2022-02-07,0.003096106416480648,0.003096106416480726,0.0,0.0,1.1315382611658724,-0.02077120227137963,1.1287311418418433,-0.020955646573909914,A-priori +0.25 Finance-Sentiment Tilt
2022-02-08,-0.00029995937610735764,-0.00029995937610738377,0.0,0.0,1.1311988456550115,-0.021064931130612696,1.1283925683527434,-0.02124932010734515,A-priori +0.25 Finance-Sentiment Tilt
2022-02-09,0.0013945186919336755,0.0013945186919337438,0.0,0.0,1.1327763235895714,-0.019699787878884822,1.1299661328811503,-0.019884433989492023,A-priori +0.25 Finance-Sentiment Tilt
2022-02-10,-0.01616169326480259,-0.016161693264802546,0.0,0.0,1.114468740110086,-0.03554309921460719,1.11170396684191,-0.03572476113141221,A-priori +0.25 Finance-Sentiment Tilt
2022-02-11,0.0013426458462721317,0.0013426458462721946,0.0,0.0,1.1159650769347949,-0.03424817516285916,1.1131965915552746,-0.034430080987282174,A-priori +0.25 Finance-Sentiment Tilt
2022-02-14,-0.004287277490428877,-0.004287277490428898,0.0,0.0,1.1111806249803475,-0.03838862122282416,1.1084240088658774,-0.038569747166500745,A-priori +0.25 Finance-Sentiment Tilt
2022-02-15,0.0020669701012252057,0.0020669701012252517,0.0,0.0,1.1134774021092426,-0.03640099925389384,1.1107150881516834,-0.036582499579480454,A-priori +0.25 Finance-Sentiment Tilt
2022-02-16,-0.0002502214423728093,-0.0002502214423728555,0.0,0.0,1.1131987861876373,-0.03664211238572945,1.1104371634202608,-0.03682356729604297,A-priori +0.25 Finance-Sentiment Tilt
2022-02-17,0.0027073484552608135,0.002707348455260883,0.0,0.0,1.1162126032018207,-0.03403396689683358,1.113443503759311,-0.034215913068818216,A-priori +0.25 Finance-Sentiment Tilt
2022-02-18,-0.0052318917663725685,-0.0052318917663726205,0.0,0.0,1.1103726996736076,-0.039087796632021776,1.1076180878596715,-0.039268790881327176,A-priori +0.25 Finance-Sentiment Tilt
2022-02-22,-0.004974440268774238,-0.0049744402687742495,0.0,0.0,1.1048492170030038,-0.043867796991211905,1.1021083078409997,-0.04404789089543526,A-priori +0.25 Finance-Sentiment Tilt
2022-02-23,0.0023249024732004166,0.0023249024732003853,0.0,0.0,1.1074178836801276,-0.04164488286773027,1.104670602171634,-0.04182539547271691,A-priori +0.25 Finance-Sentiment Tilt
2022-02-24,-0.0074185612849022725,-0.007418561284902259,0.0,0.0,1.0992024362420498,-0.048754499036875676,1.0964755356097937,-0.04893367249803959,A-priori +0.25 Finance-Sentiment Tilt
2022-02-25,0.02267533583083737,0.022675335830837362,0.0,0.0,1.1241272206299129,-0.02718468784496375,1.121338486610043,-0.027367924124531373,A-priori +0.25 Finance-Sentiment Tilt
2022-02-28,-0.011056424235520654,-0.011056424235520668,0.0,0.0,1.111698393183932,-0.03794054663896018,1.1089404925904658,-0.0381217569804857,A-priori +0.25 Finance-Sentiment Tilt
2022-03-01,0.0008522109166867724,0.0007449516386681676,0.1071679483231454,0.0001071679483231454,1.1126457946906665,-0.03712066907030409,1.1097665996276065,-0.0374052042071491,A-priori +0.25 Finance-Sentiment Tilt
2022-03-02,0.01113286184869179,0.011132861848691888,0.0,0.0,1.1250327266094857,-0.026401066502102943,1.1221214778655533,-0.026688769329317408,A-priori +0.25 Finance-Sentiment Tilt
2022-03-03,0.009408303464133825,0.009408303464133905,0.0,0.0,1.1356173759085098,-0.01724115228339751,1.1326787372529348,-0.017531561906118043,A-priori +0.25 Finance-Sentiment Tilt
2022-03-04,0.00913359907678805,0.009133599076788013,0.0,0.0,1.1459896497246922,-0.00826502697918785,1.1430241707218056,-0.008558089086970422,A-priori +0.25 Finance-Sentiment Tilt
2022-03-07,-0.006445490154086505,-0.006445490154086464,0.0,0.0,1.1386031847207068,-0.014657244983256712,1.1356568196835353,-0.014948418162109123,A-priori +0.25 Finance-Sentiment Tilt
2022-03-08,-0.015493263352523174,-0.015493263352523212,0.0,0.0,1.1209625057258072,-0.029923419779231852,1.1180617894980893,-0.03021008173534312,A-priori +0.25 Finance-Sentiment Tilt
2022-03-09,0.006248569352932409,0.006248569352932387,0.0,0.0,1.127966917684872,-0.023861828990066836,1.1250480761306318,-0.024150282173291737,A-priori +0.25 Finance-Sentiment Tilt
2022-03-10,0.0010199588507712833,0.0010199588507713298,0.0,0.0,1.1291173975259419,-0.022866208222969475,1.1261955788734246,-0.02315495561657166,A-priori +0.25 Finance-Sentiment Tilt
2022-03-11,-0.006179990859789565,-0.006179990859789597,0.0,0.0,1.1221394623296022,-0.02890488612494302,1.1192357004896514,-0.029191849062291997,A-priori +0.25 Finance-Sentiment Tilt
2022-03-14,-0.0019364774155641064,-0.0019364774155641307,0.0,0.0,1.1199664646036875,-0.03078538988132684,1.1170683258329601,-0.03107179712142838,A-priori +0.25 Finance-Sentiment Tilt
2022-03-15,0.008737095589344213,0.008737095589344213,0.0,0.0,1.1297517186617898,-0.022317269186131083,1.1268282585755913,-0.022606178793666887,A-priori +0.25 Finance-Sentiment Tilt
2022-03-16,0.0037394200281051014,0.0037394200281051226,0.0,0.0,1.13397633486534,-0.01866130280139311,1.1310419427339438,-0.018951292763301653,A-priori +0.25 Finance-Sentiment Tilt
2022-03-17,0.013170719825376974,0.013170719825376986,0.0,0.0,1.1489116194604592,-0.005736365766789819,1.1459385792724426,-0.006030175105238844,A-priori +0.25 Finance-Sentiment Tilt
2022-03-18,0.003948870240641451,0.003948870240641389,0.0,0.0,1.1534485223636737,-0.0018101476902143698,1.1504637420257344,-0.0021051172436163945,A-priori +0.25 Finance-Sentiment Tilt
2022-03-21,0.002550667124067372,0.002550667124067374,0.0,0.0,1.156390585588971,0.0,1.153398192069951,0.0,A-priori +0.25 Finance-Sentiment Tilt
2022-03-22,0.003852342241217047,0.0038523422412171104,0.0,0.0,1.160845397889181,0.0,1.1578414766462055,0.0,A-priori +0.25 Finance-Sentiment Tilt
2022-03-23,-0.007920390447674324,-0.007920390447674341,0.0,0.0,1.1516510490885128,-0.007920390447674452,1.1486709200746557,-0.007920390447674452,A-priori +0.25 Finance-Sentiment Tilt
2022-03-24,0.007327653651814388,0.007327653651814314,0.0,0.0,1.160089949103982,-0.000650774673847776,1.1570879827368736,-0.000650774673847776,A-priori +0.25 Finance-Sentiment Tilt
2022-03-25,0.007248321979367147,0.0072483219793670894,0.0,0.0,1.1684986545801153,0.0,1.1654749289942068,0.0,A-priori +0.25 Finance-Sentiment Tilt
2022-03-28,0.007632225804576053,0.007632225804576009,0.0,0.0,1.1774169001642139,0.0,1.1743700968218627,0.0,A-priori +0.25 Finance-Sentiment Tilt
2022-03-29,0.013383041827962247,0.01338304182796235,0.0,0.0,1.1931743197880613,0.0,1.1900867409491378,0.0,A-priori +0.25 Finance-Sentiment Tilt
2022-03-30,0.0034857057861404236,0.0034857057861403806,0.0,0.0,1.1973333744184207,0.0,1.1942350331880731,0.0,A-priori +0.25 Finance-Sentiment Tilt
2022-03-31,-0.009641165974989888,-0.009641165974989874,0.0,0.0,1.185789684628258,-0.009641165974989874,1.1827212150199593,-0.009641165974989874,A-priori +0.25 Finance-Sentiment Tilt
2022-04-01,0.009602208145657681,0.009485671934738038,0.11542784869062157,0.00011542784869062158,1.1971758839970323,-0.0001315343117908041,1.1939401204558935,-0.000246946977758955,A-priori +0.25 Finance-Sentiment Tilt
2022-04-04,0.0008071329787681976,0.0008071329787682213,0.0,0.0,1.1981421641343923,0.0,1.194903788901788,0.0,A-priori +0.25 Finance-Sentiment Tilt
2022-04-05,-0.004580314176570357,-0.004580314176570344,0.0,0.0,1.1926542965944609,-0.004580314176570344,1.1894307541378435,-0.004580314176570344,A-priori +0.25 Finance-Sentiment Tilt
2022-04-06,0.013526982362158784,0.01352698236215888,0.0,0.0,1.208787310228647,0.0,1.2055201629700754,0.0,A-priori +0.25 Finance-Sentiment Tilt
2022-04-07,0.00759023698999871,0.007590236989998722,0.0,0.0,1.2179622923837856,0.0,1.21467034670324,0.0,A-priori +0.25 Finance-Sentiment Tilt
2022-04-08,0.006357458720204381,0.006357458720204434,0.0,0.0,1.225705437380381,0.0,1.2223925632910624,0.0,A-priori +0.25 Finance-Sentiment Tilt
2022-04-11,-0.013708850911436303,-0.013708850911436254,0.0,0.0,1.2089024242779967,-0.013708850911436254,1.2056349658856569,-0.013708850911436143,A-priori +0.25 Finance-Sentiment Tilt
2022-04-12,-0.003199597558113193,-0.0031995975581131653,0.0,0.0,1.2050344230332797,-0.01686458566364868,1.2017774191928332,-0.01686458566364868,A-priori +0.25 Finance-Sentiment Tilt
2022-04-13,0.003916728657761947,0.0039167286577619365,0.0,0.0,1.2097542158915637,-0.013013911011856782,1.206484455250837,-0.013013911011856893,A-priori +0.25 Finance-Sentiment Tilt
2022-04-14,0.003119937283234823,0.003119937283234897,0.0,0.0,1.2135285731732743,-0.009934576314788557,1.2102486110844173,-0.009934576314788557,A-priori +0.25 Finance-Sentiment Tilt
2022-04-18,-0.006459685991369185,-0.006459685991369146,0.0,0.0,1.2056895596490207,-0.01633008806270697,1.2024307850853213,-0.01633008806270686,A-priori +0.25 Finance-Sentiment Tilt
2022-04-19,0.005428733084033348,0.005428733084033244,0.0,0.0,1.2122349264505607,-0.010990006668004981,1.208958460869574,-0.01099000666800487,A-priori +0.25 Finance-Sentiment Tilt
2022-04-20,0.005319213892785486,0.005319213892785557,0.0,0.0,1.2186830633126564,-0.00572925097136967,1.2153891695104322,-0.005729250971369559,A-priori +0.25 Finance-Sentiment Tilt
2022-04-21,-0.008266970039493622,-0.008266970039493615,0.0,0.0,1.2086082469406123,-0.013948857464734288,1.2053415836597645,-0.013948857464733955,A-priori +0.25 Finance-Sentiment Tilt
2022-04-22,-0.015941470187751414,-0.015941470187751383,0.0,0.0,1.1893412546033382,-0.029667962357058375,1.1861266667377954,-0.029667962357058042,A-priori +0.25 Finance-Sentiment Tilt
2022-04-25,-0.001242349881717556,-0.0012423498817175638,0.0,0.0,1.18786367663636,-0.03087345424925081,1.1846530824136716,-0.030873454249250587,A-priori +0.25 Finance-Sentiment Tilt
2022-04-26,-0.015484162818492825,-0.015484162818492853,0.0,0.0,1.169470602061149,-0.045879567475379024,1.166309721202149,-0.04587956747537869,A-priori +0.25 Finance-Sentiment Tilt
2022-04-27,-0.003636869757039647,-0.0036368697570396957,0.0,0.0,1.1652173897967657,-0.04934957922100147,1.1620680046497673,-0.04934957922100125,A-priori +0.25 Finance-Sentiment Tilt
2022-04-28,0.01343825260713545,0.013438252607135492,0.0,0.0,1.1808758754230817,-0.036574498725493676,1.1776841680429209,-0.03657449872549334,A-priori +0.25 Finance-Sentiment Tilt
2022-04-29,-0.031871183407814106,-0.03187118340781414,0.0,0.0,1.1432399638156097,-0.06728000957637859,1.1401499799267458,-0.06728000957637847,A-priori +0.25 Finance-Sentiment Tilt
2022-05-02,9.728875166106505e-05,-4.520847315869769e-05,0.14248336279119303,0.00014248336279119303,1.1433511882045384,-0.06718926641286094,1.1400984354869814,-0.06732217642303018,A-priori +0.25 Finance-Sentiment Tilt
2022-05-03,0.003701339983043014,0.003701339983043006,0.0,0.0,1.1475831196720996,-0.06373661674802322,1.1443183274108542,-0.0638700187033272,A-priori +0.25 Finance-Sentiment Tilt
2022-05-04,0.01921503640132967,0.01921503640132971,0.0,0.0,1.1696339710901504,-0.04574628175760442,1.1663064457267625,-0.04588224703633548,A-priori +0.25 Finance-Sentiment Tilt
2022-05-05,-0.014047605578859703,-0.014047605578859756,0.0,0.0,1.1532034143926406,-0.05915126161363382,1.1499226327931111,-0.059285316905757,A-priori +0.25 Finance-Sentiment Tilt
2022-05-06,-0.007830265494425505,-0.007830265494425559,0.0,0.0,1.144173525488868,-0.06651835702529452,1.1409184332802922,-0.06665136262888938,A-priori +0.25 Finance-Sentiment Tilt
2022-05-09,-0.01450093886137933,-0.014500938861379375,0.0,0.0,1.1275819351489451,-0.08005471725829072,1.124374044833474,-0.08018579415575955,A-priori +0.25 Finance-Sentiment Tilt
2022-05-10,-0.006254285558283255,-0.0062542855582832235,0.0,0.0,1.120529715736162,-0.085808317754553,1.1173418884827635,-0.08593857485967493,A-priori +0.25 Finance-Sentiment Tilt
2022-05-11,0.0013073846479224988,0.0013073846479225715,0.0,0.0,1.1219946790840565,-0.08461311758392676,1.1188026841142467,-0.08474354498518821,A-priori +0.25 Finance-Sentiment Tilt
2022-05-12,0.0035498851016268454,0.003549885101626904,0.0,0.0,1.1259776312794416,-0.08136359932781323,1.122774305094244,-0.0814944897313633,A-priori +0.25 Finance-Sentiment Tilt
2022-05-13,0.004470855795309512,0.004470855795309481,0.0,0.0,1.1310117148976362,-0.07725650845208576,1.1277940671029991,-0.07738798404775515,A-priori +0.25 Finance-Sentiment Tilt
2022-05-16,0.0067677151725563265,0.0067677151725562545,0.0,0.0,1.1386660800408879,-0.07101164332395937,1.135426656122451,-0.07114400870901239,A-priori +0.25 Finance-Sentiment Tilt
2022-05-17,-0.010809326580392844,-0.010809326580392797,0.0,0.0,1.1263578665157101,-0.08105338186065314,1.1231534585883403,-0.0811843164650311,A-priori +0.25 Finance-Sentiment Tilt
2022-05-18,-0.02502804649774016,-0.025028046497740153,0.0,0.0,1.0981673294594596,-0.10405282054838572,1.0950431216026937,-0.1041804781153971,A-priori +0.25 Finance-Sentiment Tilt
2022-05-19,-0.0008937104432514107,-0.0008937104432513721,0.0,0.0,1.0971858858486843,-0.10485353789926322,1.0940644701291067,-0.10498108137737394,A-priori +0.25 Finance-Sentiment Tilt
2022-05-20,0.003253583071788772,0.0032535830717888015,0.0,0.0,1.1007556712734872,-0.10194110452340066,1.0976240997685642,-0.10206906297481266,A-priori +0.25 Finance-Sentiment Tilt
2022-05-23,0.008897642703206728,0.00889764270320681,0.0,0.0,1.1105498019400073,-0.09395049734501326,1.1073903668307339,-0.0940795943250069,A-priori +0.25 Finance-Sentiment Tilt
2022-05-24,0.012640987679561419,0.012640987679561455,0.0,0.0,1.1245882483038703,-0.0824971367448788,1.1213888748143062,-0.08262786563820612,A-priori +0.25 Finance-Sentiment Tilt
2022-05-25,0.0038981757544330063,0.0038981757544329643,0.0,0.0,1.1289720909471286,-0.07892054932871495,1.125760245737398,-0.07905178782624456,A-priori +0.25 Finance-Sentiment Tilt
2022-05-26,0.0004945399921663599,0.0004945399921663096,0.0,0.0,1.1295304127961416,-0.07846503870439536,1.126316979200506,-0.07859634210461064,A-priori +0.25 Finance-Sentiment Tilt
2022-05-27,0.008355004058005511,0.0083550040580056,0.0,0.0,1.1389676439786942,-0.07076561036317652,1.135727362132327,-0.07089801080383351,A-priori +0.25 Finance-Sentiment Tilt
2022-05-31,-0.007139765791782136,-0.0071397657917821045,0.0,0.0,1.1308356817562684,-0.07740012627085313,1.1276185347633836,-0.07753158140337302,A-priori +0.25 Finance-Sentiment Tilt
2022-06-01,-0.008338563611626791,-0.00848558870625471,0.14826138158946955,0.00014826138158946956,1.1214061364896464,-0.08509328400602245,1.118050027659832,-0.08535926899809321,A-priori +0.25 Finance-Sentiment Tilt
2022-06-02,0.005858371560127595,0.005858371560127695,0.0,0.0,1.12797575030701,-0.0797334205208734,1.1245999801446742,-0.08000096375185728,A-priori +0.25 Finance-Sentiment Tilt
2022-06-03,-0.0067589736625927556,-0.006758973662592704,0.0,0.0,1.1203517919186416,-0.08595347809413723,1.1169988384979241,-0.08621921300746904,A-priori +0.25 Finance-Sentiment Tilt
2022-06-06,-0.0069269162316512815,-0.006926916231651314,0.0,0.0,1.1125912089060408,-0.0922850017832113,1.1092614811127972,-0.09254889597305871,A-priori +0.25 Finance-Sentiment Tilt
2022-06-07,0.00777587518195162,0.007775875181951664,0.0,0.0,1.121242579275031,-0.0852267232562921,1.117886959934077,-0.08549266945442113,A-priori +0.25 Finance-Sentiment Tilt
2022-06-08,-0.011963844304820241,-0.011963844304820226,0.0,0.0,1.1078282076286494,-0.09617092831346397,1.104512734395037,-0.09643369277268521,A-priori +0.25 Finance-Sentiment Tilt
2022-06-09,-0.019274876364706622,-0.019274876364706595,0.0,0.0,1.0864749558932727,-0.11359212192504953,1.0832233879963287,-0.11384982163180613,A-priori +0.25 Finance-Sentiment Tilt
2022-06-10,-0.009856926802060791,-0.00985692680206074,0.0,0.0,1.0757656517807606,-0.1223293794960042,1.0725461343505687,-0.1225845390756144,A-priori +0.25 Finance-Sentiment Tilt
2022-06-13,-0.025749862728325527,-0.02574986272832558,0.0,0.0,1.0480648339195582,-0.14492927749466655,1.0449282186212452,-0.1451778667501279,A-priori +0.25 Finance-Sentiment Tilt
2022-06-14,-0.0073716810437237665,-0.007371681043723766,0.0,0.0,1.0403388342507598,-0.15123258613080237,1.037225341079983,-0.15147934286556153,A-priori +0.25 Finance-Sentiment Tilt
2022-06-15,0.0060362329986612395,0.006036232998661184,0.0,0.0,1.0466185618518529,-0.14610922825901684,1.0434862749108575,-0.14635747447492098,A-priori +0.25 Finance-Sentiment Tilt
2022-06-16,-0.0031606134756582247,-0.003160613475658214,0.0,0.0,1.0433106051213898,-0.1488080469389217,1.0401882181287099,-0.14905550854449046,A-priori +0.25 Finance-Sentiment Tilt
2022-06-17,-0.004881078630999261,-0.0048810786309992915,0.0,0.0,1.038218124021237,-0.1529627817918866,1.0351109776449845,-0.15320903551790055,A-priori +0.25 Finance-Sentiment Tilt
2022-06-21,0.024818883171650603,0.024818883171650707,0.0,0.0,1.0639855383480104,-0.13194026403113945,1.0608012760688486,-0.13219262949960986,A-priori +0.25 Finance-Sentiment Tilt
2022-06-22,0.006484941405282717,0.006484941405282774,0.0,0.0,1.0708854222202655,-0.12631094750709604,1.0676805101868043,-0.1265649495508423,A-priori +0.25 Finance-Sentiment Tilt
2022-06-23,0.011880874842065396,0.011880874842065348,0.0,0.0,1.0836084778918569,-0.11593075722354518,1.0803654886996463,-0.11618777703378269,A-priori +0.25 Finance-Sentiment Tilt
2022-06-24,0.015097383577612396,0.015097383577612478,0.0,0.0,1.0999681307305431,-0.10258362475617955,1.0966761808865597,-0.10284452489307927,A-priori +0.25 Finance-Sentiment Tilt
2022-06-27,-0.0031624196038941353,-0.0031624196038941843,0.0,0.0,1.096489569950262,-0.10542163189410636,1.0932080306330003,-0.10568170695529833,A-priori +0.25 Finance-Sentiment Tilt
2022-06-28,-0.013033963872579792,-0.013033963872579823,0.0,0.0,1.0821979645088695,-0.11708153402519006,1.0789591966565157,-0.11733821927743016,A-priori +0.25 Finance-Sentiment Tilt
2022-06-29,0.0010660919463930307,0.0010660919463929552,0.0,0.0,1.0833516870432354,-0.1161402617592926,1.0801094663665578,-0.11639722066161307,A-priori +0.25 Finance-Sentiment Tilt
2022-06-30,-0.007129719354080667,-0.007129719354080688,0.0,0.0,1.0756276935528473,-0.12244193364132006,1.0724085889996784,-0.12269706049878149,A-priori +0.25 Finance-Sentiment Tilt
2022-07-01,0.010683095842488688,0.01053960976544821,0.14196940428763485,0.00014196940428763485,1.0871187272939073,-0.1130668967110613,1.08371135703685,-0.11345062987035792,A-priori +0.25 Finance-Sentiment Tilt
2022-07-05,0.0005836371767512869,0.0005836371767513615,0.0,0.0,1.0877532101986986,-0.11254924957869039,1.0843438512736843,-0.11293320669892482,A-priori +0.25 Finance-Sentiment Tilt
2022-07-06,0.0013012888637875604,0.001301288863787553,0.0,0.0,1.0891686913376795,-0.1113944198000072,1.0857548958518632,-0.11177887655936636,A-priori +0.25 Finance-Sentiment Tilt
2022-07-07,0.0015430827320680992,0.0015430827320681573,0.0,0.0,1.090849368737592,-0.1100232278735811,1.0874303054829106,-0.11040827788152707,A-priori +0.25 Finance-Sentiment Tilt
2022-07-08,-0.0015576355670579665,-0.0015576355670580133,0.0,0.0,1.0891502229625436,-0.11140948734770062,1.0857364853623936,-0.11179393758805922,A-priori +0.25 Finance-Sentiment Tilt
2022-07-11,-0.0020372529014406546,-0.0020372529014406338,0.0,0.0,1.0869313485107084,-0.11321977094779423,1.083524565557389,-0.1136034379657852,A-priori +0.25 Finance-Sentiment Tilt
2022-07-12,-0.007056207908874165,-0.007056207908874179,0.0,0.0,1.0792617349329439,-0.11947707661346563,1.0758789909484436,-0.11985803639720982,A-priori +0.25 Finance-Sentiment Tilt
2022-07-13,-0.001419875030166633,-0.0014198750301666063,0.0,0.0,1.0777293181444982,-0.12072730912587148,1.074351377233715,-0.12110772799433134,A-priori +0.25 Finance-Sentiment Tilt
2022-07-14,-0.0033977598754521797,-0.003397759875452211,0.0,0.0,1.0740674527107084,-0.12371486659450459,1.0707009892320134,-0.1240939928909972,A-priori +0.25 Finance-Sentiment Tilt
2022-07-15,0.01147566545690481,0.011475665456904816,0.0,0.0,1.0863930914761664,-0.1136589115586839,1.082987995588817,-0.114042388581721,A-priori +0.25 Finance-Sentiment Tilt
2022-07-18,-0.012628713057166365,-0.012628713057166396,0.0,0.0,1.072673344856626,-0.12485225883538587,1.0693112509481701,-0.12523089303713497,A-priori +0.25 Finance-Sentiment Tilt
2022-07-19,0.012427242518477025,0.012427242518477044,0.0,0.0,1.086003716656265,-0.11397658561643587,1.082599841191439,-0.11435992519723592,A-priori +0.25 Finance-Sentiment Tilt
2022-07-20,-0.006668605087965469,-0.006668605087965518,0.0,0.0,1.0787615867458216,-0.11988512586565081,1.075380410382239,-0.12026590910617185,A-priori +0.25 Finance-Sentiment Tilt
2022-07-21,0.0052393009138062985,0.005239300913806311,0.0,0.0,1.0844135433130382,-0.1152739392013441,1.0810146519490442,-0.11565671747984518,A-priori +0.25 Finance-Sentiment Tilt
2022-07-22,-0.0016790219663301944,-0.0016790219663301853,0.0,0.0,1.0825927891532297,-0.1167594136916098,1.079199604602497,-0.11714154927697307,A-priori +0.25 Finance-Sentiment Tilt
2022-07-25,-0.009875041774364171,-0.009875041774364157,0.0,0.0,1.071902140135716,-0.1254814513782191,1.06854246342417,-0.12585981335871343,A-priori +0.25 Finance-Sentiment Tilt
2022-07-26,-0.004758574731873719,-0.004758574731873688,0.0,0.0,1.0668014136966248,-0.12964291324624555,1.0634577242577856,-0.13001947476298004,A-priori +0.25 Finance-Sentiment Tilt
2022-07-27,0.0062872894198472105,0.006287289419847131,0.0,0.0,1.0735087029380377,-0.12417072634320969,1.0701439907559662,-0.12454965541118435,A-priori +0.25 Finance-Sentiment Tilt
2022-07-28,0.0059998340326092876,0.005999834032609286,0.0,0.0,1.0799495769882275,-0.11891589606036823,1.0765646770914963,-0.11929709863986071,A-priori +0.25 Finance-Sentiment Tilt
2022-07-29,-0.0021273048399796024,-0.0021273048399795824,0.0,0.0,1.0776521950261666,-0.12079023053910798,1.0742744958433685,-0.12117062218450825,A-priori +0.25 Finance-Sentiment Tilt
2022-08-01,-0.006966212550767669,-0.007028612687764113,0.0628378790179236,6.28378790179236e-05,1.070145040779813,-0.12691499266988404,1.0667238364917424,-0.12734757349980208,A-priori +0.25 Finance-Sentiment Tilt
2022-08-02,-0.005124143639140492,-0.005124143639140488,0.0,0.0,1.0646614638761434,-0.1313888056566236,1.0612577903302638,-0.13181916988023346,A-priori +0.25 Finance-Sentiment Tilt
2022-08-03,0.011346756973175068,0.01134675697317511,0.0,0.0,1.0767419187654508,-0.12153288553023,1.0732996245630302,-0.12196813299209497,A-priori +0.25 Finance-Sentiment Tilt
2022-08-04,-0.007827771948547325,-0.007827771948547335,0.0,0.0,1.0683134285779134,-0.1284093257665978,1.0648980798694894,-0.12884116621059005,A-priori +0.25 Finance-Sentiment Tilt
2022-08-05,-0.002532153546751006,-0.0025321535467509593,0.0,0.0,1.0656082949406982,-0.130616327183673,1.0622015944196195,-0.13104707414135341,A-priori +0.25 Finance-Sentiment Tilt
2022-08-08,0.005422591443343284,0.005422591443343228,0.0,0.0,1.0713866533627991,-0.12590201471847695,1.0679614796966248,-0.1263350974409243,A-priori +0.25 Finance-Sentiment Tilt
2022-08-09,0.0021781229703080715,0.0021781229703081717,0.0,0.0,1.0737202652425704,-0.12399812181843506,1.0702876311269562,-0.12443214784830836,A-priori +0.25 Finance-Sentiment Tilt
2022-08-10,0.009532655084010218,0.009532655084010244,0.0,0.0,1.0839556701878397,-0.11564749806078511,1.0804903139551718,-0.11608566151109867,A-priori +0.25 Finance-Sentiment Tilt
2022-08-11,-0.002058537646416157,-0.0020585376464161698,0.0,0.0,1.0817243066337117,-0.11746797097872941,1.078266083967307,-0.11790523245308515,A-priori +0.25 Finance-Sentiment Tilt
2022-08-12,0.014989198188905994,0.014989198188906094,0.0,0.0,1.0979384866516013,-0.10423952348767218,1.0944284280002687,-0.10468333916092731,A-priori +0.25 Finance-Sentiment Tilt
2022-08-15,0.009577423208146193,0.009577423208146252,0.0,0.0,1.1084539081947753,-0.09566044631098292,1.1049102322262536,-0.09610851259476716,A-priori +0.25 Finance-Sentiment Tilt
2022-08-16,0.015948596728653966,0.015948596728653897,0.0,0.0,1.126132192568874,-0.08123749946342596,1.1225319999413934,-0.08169271177567794,A-priori +0.25 Finance-Sentiment Tilt
2022-08-17,-0.007186352157408691,-0.007186352157408704,0.0,0.0,1.1180394100572795,-0.08784005034130304,1.1144650896818542,-0.08829199133757304,A-priori +0.25 Finance-Sentiment Tilt
2022-08-18,-0.0045856266238560395,-0.004585626623856087,0.0,0.0,1.1129124987720005,-0.09202287529167319,1.1093545688952509,-0.09247274385527837,A-priori +0.25 Finance-Sentiment Tilt
2022-08-19,-0.005712521534711271,-0.005712521534711246,0.0,0.0,1.106554962156516,-0.09720971416959479,1.1030173570308064,-0.09765701284934247,A-priori +0.25 Finance-Sentiment Tilt
2022-08-22,-0.014090306529382379,-0.014090306529382368,0.0,0.0,1.0909632635481217,-0.10993030602869391,1.087475504363013,-0.11037130213293378,A-priori +0.25 Finance-Sentiment Tilt
2022-08-23,-0.0061601451111910985,-0.006160145111191118,0.0,0.0,1.0842427715336866,-0.11541326450263056,1.0807764974512712,-0.11585154400687492,A-priori +0.25 Finance-Sentiment Tilt
2022-08-24,-0.0013095295080901557,-0.001309529508090157,0.0,0.0,1.0828229236304299,-0.11657165693522953,1.0793611887362085,-0.11700936249953031,A-priori +0.25 Finance-Sentiment Tilt
2022-08-25,0.008472876317845232,0.008472876317845213,0.0,0.0,1.091997548336478,-0.10908647784876269,1.0885064825906527,-0.10952789203817348,A-priori +0.25 Finance-Sentiment Tilt
2022-08-26,-0.020655215841717808,-0.02065521584171781,0.0,0.0,1.0694421032769614,-0.12748848894510156,1.0660231462476337,-0.12792078562915454,A-priori +0.25 Finance-Sentiment Tilt
2022-08-29,-0.007519848762934697,-0.0075198487629346555,0.0,0.0,1.0614000603996039,-0.1340496435521541,1.0580068134100638,-0.1344786894305221,A-priori +0.25 Finance-Sentiment Tilt
2022-08-30,-0.007674084455700571,-0.007674084455700614,0.0,0.0,1.0532547866948117,-0.14069501972197884,1.0498875797692482,-0.14112077306604098,A-priori +0.25 Finance-Sentiment Tilt
2022-08-31,-0.0026270503065514337,-0.002627050306551415,0.0,0.0,1.0504878333845482,-0.14295245713383942,1.0471294722809708,-0.14337709200244864,A-priori +0.25 Finance-Sentiment Tilt
2022-09-01,0.01346367344947853,0.013334478355533808,0.12747876152796045,0.00012747876152796044,1.0646312585358881,-0.13141344888601136,1.061092397564543,-0.13195447237690072,A-priori +0.25 Finance-Sentiment Tilt
2022-09-02,-0.012106313910800812,-0.012106313910800859,0.0,0.0,1.0517424983208017,-0.14192883033249726,1.0482464799112623,-0.14246330402317275,A-priori +0.25 Finance-Sentiment Tilt
2022-09-06,-0.0020339985989638845,-0.0020339985989639153,0.0,0.0,1.0496032555527464,-0.14367414588941219,1.046114348039754,-0.14420753246134976,A-priori +0.25 Finance-Sentiment Tilt
2022-09-07,0.0178366305646806,0.017836630564680656,0.0,0.0,1.0683246410615268,-0.12840017798665704,1.0647735031941508,-0.12894307837782648,A-priori +0.25 Finance-Sentiment Tilt
2022-09-08,0.002932047522390116,0.00293204752239018,0.0,0.0,1.0714570196784596,-0.12584460588800717,1.0678954697060978,-0.1263890980889234,A-priori +0.25 Finance-Sentiment Tilt
2022-09-09,0.009625759671957348,0.009625759671957335,0.0,0.0,1.0817706074487161,-0.11743019614833994,1.0781747748522608,-0.11797992950032543,A-priori +0.25 Finance-Sentiment Tilt
2022-09-12,0.012405239373827582,0.012405239373827648,0.0,0.0,1.0951902307816883,-0.10648170646744803,1.0915497910211258,-0.10703825939325662,A-priori +0.25 Finance-Sentiment Tilt
2022-09-13,-0.026603214895858235,-0.026603214895858263,0.0,0.0,1.0660546497203585,-0.13025216564367503,1.0625110573610617,-0.13079391247239736,A-priori +0.25 Finance-Sentiment Tilt
2022-09-14,0.0005668131224873644,0.0005668131224874084,0.0,0.0,1.0666589034851086,-0.12975918115790697,1.0631133025711619,-0.1303012350558408,A-priori +0.25 Finance-Sentiment Tilt
2022-09-15,-0.008624560534786944,-0.008624560534786996,0.0,0.0,1.0574594392020318,-0.1372646257798532,1.0539444175377997,-0.13780200470113113,A-priori +0.25 Finance-Sentiment Tilt
2022-09-16,0.002484446299237073,0.002484446299237053,0.0,0.0,1.0600866403923506,-0.13512120607215106,1.056562885845553,-0.13565992008250138,A-priori +0.25 Finance-Sentiment Tilt
2022-09-19,0.0028498897068366985,0.00284988970683675,0.0,0.0,1.0631077703971599,-0.13265639689967468,1.0595739735385499,-0.13319664618553806,A-priori +0.25 Finance-Sentiment Tilt
2022-09-20,-0.013295007143608102,-0.013295007143608095,0.0,0.0,1.0489737449953043,-0.1441877362988564,1.0454869299911735,-0.14472080296660483,A-priori +0.25 Finance-Sentiment Tilt
2022-09-21,-0.010309493896995352,-0.010309493896995314,0.0,0.0,1.0381593565731668,-0.15301072760845713,1.0347084888670413,-0.15353829862864754,A-priori +0.25 Finance-Sentiment Tilt
2022-09-22,0.001841159317387871,0.0018411593173879304,0.0,0.0,1.040070773345455,-0.15145128541786568,1.0366135520420992,-0.15197982778035568,A-priori +0.25 Finance-Sentiment Tilt
2022-09-23,-0.015639493366658333,-0.015639493366658375,0.0,0.0,1.0238045933848636,-0.16472215741085938,1.0204014412711486,-0.16524243363857727,A-priori +0.25 Finance-Sentiment Tilt
2022-09-26,-0.0067666420087809575,-0.006766642008780965,0.0,0.0,1.0168768742144827,-0.17037418354952705,1.0134967500128227,-0.17089093925426624,A-priori +0.25 Finance-Sentiment Tilt
2022-09-27,-0.003644069502839588,-0.0036440695028395753,0.0,0.0,1.013171304209015,-0.17339739768602258,1.009803497414874,-0.1739122702970577,A-priori +0.25 Finance-Sentiment Tilt
2022-09-28,0.02113655260890795,0.02113655260890801,0.0,0.0,1.0345862527822647,-0.15592586829555288,1.0311472621626427,-0.15645162353861808,A-priori +0.25 Finance-Sentiment Tilt
2022-09-29,-0.012645906061331038,-0.012645906061331091,0.0,0.0,1.0215029722172355,-0.1665999504738871,1.0181074707499351,-0.1671190570655371,A-priori +0.25 Finance-Sentiment Tilt
2022-09-30,-0.0171457624680461,-0.01714576246804611,0.0,0.0,1.0039885248951956,-0.18088922976391975,1.0006512418895135,-0.1813994358772537,A-priori +0.25 Finance-Sentiment Tilt
2022-10-03,0.022642598062131827,0.02249110286578726,0.14814090145629658,0.00014814090145629657,1.0267214335233903,-0.16234243382510083,1.0231569919036283,-0.16298820638357758,A-priori +0.25 Finance-Sentiment Tilt
2022-10-04,0.020456417325421423,0.02045641732542136,0.0,0.0,1.0477244756444997,-0.14520696107563025,1.0440871183194318,-0.14586594382706053,A-priori +0.25 Finance-Sentiment Tilt
2022-10-05,-0.0037810113961110952,-0.003781011396111089,0.0,0.0,1.0437630174621033,-0.1484389432971197,1.0401394130265333,-0.14909543442725692,A-priori +0.25 Finance-Sentiment Tilt
2022-10-06,-0.01037418450457318,-0.01037418450457317,0.0,0.0,1.0329348273399015,-0.15727319481626467,1.0293488148453176,-0.15792287538629224,A-priori +0.25 Finance-Sentiment Tilt
2022-10-07,-0.018121539647659415,-0.01812153964765939,0.0,0.0,1.0142164579128132,-0.1725447020285471,1.010695429485827,-0.17318260938636654,A-priori +0.25 Finance-Sentiment Tilt
2022-10-10,0.0036855420263990435,0.0036855420263990357,0.0,0.0,1.0179543952923165,-0.16949508075290676,1.0144203899670865,-0.17013533914510237,A-priori +0.25 Finance-Sentiment Tilt
2022-10-11,0.011957299020248148,0.011957299020248113,0.0,0.0,1.0301263803858025,-0.15956448509568233,1.0265501179021597,-0.1602123992489235,A-priori +0.25 Finance-Sentiment Tilt
2022-10-12,-0.005624398431364939,-0.005624398431364974,0.0,0.0,1.0243325391878528,-0.1642914292873736,1.0207763910293133,-0.16493569931326757,A-priori +0.25 Finance-Sentiment Tilt
2022-10-13,0.018028571802159218,0.01802857180215911,0.0,0.0,1.042799791919889,-0.14922479731460125,1.039179531488934,-0.14988068260891707,A-priori +0.25 Finance-Sentiment Tilt
2022-10-14,-0.009409920430289369,-0.00940992043028932,0.0,0.0,1.0329871288532007,-0.1572305242759341,1.0294009347848379,-0.15788023774181903,A-priori +0.25 Finance-Sentiment Tilt
2022-10-17,0.010432110868729274,0.010432110868729305,0.0,0.0,1.0437633651073677,-0.14843865966839975,1.040139759464887,-0.14909515101719373,A-priori +0.25 Finance-Sentiment Tilt
2022-10-18,0.012842765097754184,0.012842765097754283,0.0,0.0,1.057168172823083,-0.13750225740819222,1.0534980300645291,-0.13816717992116745,A-priori +0.25 Finance-Sentiment Tilt
2022-10-19,-0.009509275142717353,-0.009509275142717377,0.0,0.0,1.0471152697955846,-0.14570398575247034,1.0434800274343348,-0.14636258533432112,A-priori +0.25 Finance-Sentiment Tilt
2022-10-20,0.0005714173421410407,0.0005714173421409452,0.0,0.0,1.0477136096199664,-0.14521582619460738,1.0440762900181884,-0.1458748021116808,A-priori +0.25 Finance-Sentiment Tilt
2022-10-21,0.022977447903934006,0.022977447903933967,0.0,0.0,1.0717873945032519,-0.12557506737188673,1.0680664985798138,-0.1262491848737648,A-priori +0.25 Finance-Sentiment Tilt
2022-10-24,0.01576668276739563,0.01576668276739568,0.0,0.0,1.0886859263464783,-0.11178828685523778,1.0849063642374048,-0.11247303295391609,A-priori +0.25 Finance-Sentiment Tilt
2022-10-25,0.006691270737675211,0.00669127073767517,0.0,0.0,1.0959706186279592,-0.10584502181021205,1.0921657664455442,-0.10653434973042297,A-priori +0.25 Finance-Sentiment Tilt
2022-10-26,0.01217901305950793,0.01217901305950786,0.0,0.0,1.109318459105066,-0.09495509665361468,1.105467267578232,-0.09565281990756802,A-priori +0.25 Finance-Sentiment Tilt
2022-10-27,-0.0006478236026282593,-0.0006478236026282724,0.0,0.0,1.1085998164244264,-0.09554140610344097,1.104751119790362,-0.09623867735580216,A-priori +0.25 Finance-Sentiment Tilt
2022-10-28,0.01872269612062981,0.01872269612062971,0.0,0.0,1.129355793906727,-0.07860750269622352,1.1254350392951222,-0.0793178287463564,A-priori +0.25 Finance-Sentiment Tilt
2022-10-31,-0.007260218442335217,-0.0072602184423352645,0.0,0.0,1.1211564241438472,-0.08529701349777774,1.1172641350671815,-0.08600218242562141,A-priori +0.25 Finance-Sentiment Tilt
2022-11-01,-0.0035091288749669208,-0.0036600423999166853,0.1514449648488397,0.00015144496484883972,1.1172221417625294,-0.0885068241597311,1.1131749009609293,-0.08934745319137494,A-priori +0.25 Finance-Sentiment Tilt
2022-11-02,-0.01778383176354275,-0.0177838317635427,0.0,0.0,1.0973536511509197,-0.1047166654524917,1.0933783857988417,-0.10554234487886138,A-priori +0.25 Finance-Sentiment Tilt
2022-11-03,-0.004574209552211367,-0.004574209552211328,0.0,0.0,1.092334125597671,-0.10881187903331457,1.0883770439423393,-0.10963378162896498,A-priori +0.25 Finance-Sentiment Tilt
2022-11-04,0.011807623879615078,0.011807623879614981,0.0,0.0,1.1052319961035966,-0.09828906489495914,1.1012281907164176,-0.09912067220732468,A-priori +0.25 Finance-Sentiment Tilt
2022-11-07,0.009064370553976514,0.009064370553976575,0.0,0.0,1.1152502284643908,-0.09011562284659425,1.1112101311015565,-0.0909547681557944,A-priori +0.25 Finance-Sentiment Tilt
2022-11-08,0.0043516084576041775,0.0043516084576040726,0.0,0.0,1.1201033607909214,-0.08615616229553158,1.1160456825062335,-0.08699895923655643,A-priori +0.25 Finance-Sentiment Tilt
2022-11-09,-0.01000336807044097,-0.010003368070440999,0.0,0.0,1.108898554595992,-0.09529767856299365,1.104881466760697,-0.096132044696009,A-priori +0.25 Finance-Sentiment Tilt
2022-11-10,0.027544441156041263,0.027544441156041266,0.0,0.0,1.1394425455810804,-0.07037815870643815,1.1353148093062875,-0.07123550698830694,A-priori +0.25 Finance-Sentiment Tilt
2022-11-11,0.00031345702663876,0.00031345702663876374,0.0,0.0,1.139799711853444,-0.07008676220816779,1.1356706817107116,-0.0709443792318798,A-priori +0.25 Finance-Sentiment Tilt
2022-11-14,-0.0041887222875357745,-0.004188722287535751,0.0,0.0,1.1350254073970767,-0.07398191051278091,1.1309136726149291,-0.07483593521695153,A-priori +0.25 Finance-Sentiment Tilt
2022-11-15,0.010525954045844091,0.010525954045844,0.0,0.0,1.1469726326762038,-0.06423468665721821,1.1428176179626905,-0.06509770078617894,A-priori +0.25 Finance-Sentiment Tilt
2022-11-16,-0.002766848820633312,-0.002766848820633272,0.0,0.0,1.1437991328001849,-0.0668238078108302,1.1396556143842316,-0.067684434110166,A-priori +0.25 Finance-Sentiment Tilt
2022-11-17,0.0014427001044223847,0.0014427001044223786,0.0,0.0,1.145449291928514,-0.06547751442091443,1.1412997956581092,-0.06633938234590209,A-priori +0.25 Finance-Sentiment Tilt
2022-11-18,0.010061849273682925,0.010061849273683032,0.0,0.0,1.1569746300545456,-0.056074490028150015,1.1527833821781064,-0.05694502993829276,A-priori +0.25 Finance-Sentiment Tilt
2022-11-21,0.007039136179783818,0.007039136179783911,0.0,0.0,1.1651187320320546,-0.04943006981988629,1.16089798139105,-0.05030673757900628,A-priori +0.25 Finance-Sentiment Tilt
2022-11-22,0.01122318924645567,0.0112231892464556,0.0,0.0,1.1781950800562409,-0.03876164360148471,1.17392695913203,-0.03964815036877167,A-priori +0.25 Finance-Sentiment Tilt
2022-11-23,0.0016196024418130269,0.0016196024418129173,0.0,0.0,1.1801032876848319,-0.03720481961229749,1.1758282541015503,-0.03809276216810942,A-priori +0.25 Finance-Sentiment Tilt
2022-11-25,0.0028462310663794994,0.00284623106637949,0.0,0.0,1.183462134323777,-0.034464482059317514,1.1791749330071009,-0.03535495190481708,A-priori +0.25 Finance-Sentiment Tilt
2022-11-28,-0.010661209243672042,-0.010661209243672087,0.0,0.0,1.1708449968777885,-0.04475825824828039,1.1666035023114192,-0.04563923460843189,A-priori +0.25 Finance-Sentiment Tilt
2022-11-29,0.00481694853663991,0.004816948536639831,0.0,0.0,1.176484896972131,-0.04015690793821214,1.172222971344717,-0.04104212791615258,A-priori +0.25 Finance-Sentiment Tilt
2022-11-30,0.015467725696808142,0.015467725696808099,0.0,0.0,1.1946824426449336,-0.025310318278224164,1.1903545947209744,-0.026209230595964805,A-priori +0.25 Finance-Sentiment Tilt
2022-12-01,0.0037230423024960674,0.003599746664090908,0.12283830619479094,0.00012283830619479094,1.19913029591695,-0.021681507361367536,1.1946395697024066,-0.02270383052228009,A-priori +0.25 Finance-Sentiment Tilt
2022-12-02,0.0056292582799000405,0.005629258279900018,0.0,0.0,1.2058805100639196,-0.016174299886302146,1.20136450439165,-0.017202377968333016,A-priori +0.25 Finance-Sentiment Tilt
2022-12-05,-0.011041516533636088,-0.011041516533636053,0.0,0.0,1.1925657604744593,-0.02703722762032368,1.1880996183534862,-0.028053954161213812,A-priori +0.25 Finance-Sentiment Tilt
2022-12-06,-0.008614189603997052,-0.008614189603997069,0.0,0.0,1.1822927728984973,-0.035418513419232855,1.1778651029725526,-0.03642648168492446,A-priori +0.25 Finance-Sentiment Tilt
2022-12-07,0.003515701913122481,0.0035157019131224487,0.0,0.0,1.1864493618620475,-0.03202733244149836,1.1820061255684735,-0.03303884442314997,A-priori +0.25 Finance-Sentiment Tilt
2022-12-08,0.005866273040501757,0.0058662730405016905,0.0,0.0,1.1934093977674594,-0.026348940477857297,1.1889400962366037,-0.027366386264977116,A-priori +0.25 Finance-Sentiment Tilt
2022-12-09,-0.015196869944210517,-0.015196869944210545,0.0,0.0,1.1752733103593886,-0.041145389000458055,1.1708719282226387,-0.042147372796275895,A-priori +0.25 Finance-Sentiment Tilt
2022-12-12,0.009474719452872933,0.009474719452873037,0.0,0.0,1.1864086952554933,-0.032060510565143696,1.1819656112577928,-0.03307198787632315,A-priori +0.25 Finance-Sentiment Tilt
2022-12-13,0.004776783919014608,0.004776783919014704,0.0,0.0,1.192075913232369,-0.027436872777431898,1.1876116055824775,-0.02845318169716582,A-priori +0.25 Finance-Sentiment Tilt
2022-12-14,-4.078991348618714e-05,-4.0789913486216633e-05,0.0,0.0,1.1920272885589993,-0.02747654354325113,1.1875631630078305,-0.028492811007832297,A-priori +0.25 Finance-Sentiment Tilt
2022-12-15,-0.017868568221575808,-0.017868568221575787,0.0,0.0,1.1707274676314028,-0.044854145272031354,1.1663431096121948,-0.0458522534920901,A-priori +0.25 Finance-Sentiment Tilt
2022-12-16,-0.007479960773707783,-0.007479960773707828,0.0,0.0,1.1619704720968176,-0.051998598798566165,1.157618908903611,-0.05298924120829107,A-priori +0.25 Finance-Sentiment Tilt
2022-12-19,-0.0020025047098055863,-0.0020025047098055637,0.0,0.0,1.1596436207537888,-0.05389697606937427,1.1553007715863717,-0.054885634713008,A-priori +0.25 Finance-Sentiment Tilt
2022-12-20,0.0008017012950580321,0.0008017012950580771,0.0,0.0,1.160573308546353,-0.05313848404983068,1.156226977711134,-0.05412793530237936,A-priori +0.25 Finance-Sentiment Tilt
2022-12-21,0.009944617728049006,0.00994461772804911,0.0,0.0,1.1721147664452236,-0.04372230823230516,1.167725213011329,-0.04472159919932095,A-priori +0.25 Finance-Sentiment Tilt
2022-12-22,-0.003912823136438107,-0.003912823136438148,0.0,0.0,1.167528488668516,-0.047464053709513454,1.1631561107808561,-0.048459434627713405,A-priori +0.25 Finance-Sentiment Tilt
2022-12-23,0.0013654301504332895,0.0013654301504333333,0.0,0.0,1.1691226672684338,-0.04616343240907683,1.164744319204177,-0.04716017245039372,A-priori +0.25 Finance-Sentiment Tilt
2022-12-27,0.002374136147248081,0.0023741361472480182,0.0,0.0,1.1718983236533629,-0.04389889453539231,1.1675095807947016,-0.04489800097327057,A-priori +0.25 Finance-Sentiment Tilt
2022-12-28,-0.012194901758675342,-0.012194901758675325,0.0,0.0,1.1576071387252538,-0.05555845358789402,1.153271916154598,-0.05654537602091603,A-priori +0.25 Finance-Sentiment Tilt
2022-12-29,0.006950010114143714,0.0069500101141437565,0.0,0.0,1.1656525200475993,-0.04899457528811235,1.1612871676362304,-0.04998835684202563,A-priori +0.25 Finance-Sentiment Tilt
2022-12-30,-0.0005669497965551335,-0.0005669497965551384,0.0,0.0,1.1649916535885043,-0.049533747620175594,1.160628776112797,-0.05052696574983906,A-priori +0.25 Finance-Sentiment Tilt
2023-01-03,0.005672937731658761,0.0055640524656572765,0.10827105107052962,0.00010827105107052962,1.171600578697214,-0.04414181175438192,1.16708657551624,-0.04524404797254433,A-priori +0.25 Finance-Sentiment Tilt
2023-01-04,0.011600204338882907,0.01160020433888298,0.0,0.0,1.185191384813655,-0.03305366145173838,1.1806250182733957,-0.03416868383526106,A-priori +0.25 Finance-Sentiment Tilt
2023-01-05,-0.003292784007976672,-0.0032927840079767234,0.0,0.0,1.1812888055753488,-0.036237606891881824,1.1767374750938078,-0.03734895774753155,A-priori +0.25 Finance-Sentiment Tilt
2023-01-06,0.017980388080402823,0.01798038808040281,0.0,0.0,1.202528836734629,-0.018908785046500176,1.1978956715647477,-0.020040118421827846,A-priori +0.25 Finance-Sentiment Tilt
2023-01-09,-0.015614073984040994,-0.015614073984041021,0.0,0.0,1.1837524625099116,-0.03422761586187684,1.1791916399237732,-0.035341284514181615,A-priori +0.25 Finance-Sentiment Tilt
2023-01-10,0.002914967915468116,0.0029149679154680808,0.0,0.0,1.1872030629579844,-0.03141242034846903,1.1826289457203392,-0.0325293353091638,A-priori +0.25 Finance-Sentiment Tilt
2023-01-11,0.0042207855581069915,0.004220785558106899,0.0,0.0,1.1922139925006576,-0.027324219880514256,1.1876205688950348,-0.02844584909974468,A-priori +0.25 Finance-Sentiment Tilt
2023-01-12,-0.0037125429023938117,-0.003712542902393867,0.0,0.0,1.1877878469046645,-0.03093532044432734,1.1832114765812465,-0.032052785566960784,A-priori +0.25 Finance-Sentiment Tilt
2023-01-13,0.0029812972686404033,0.0029812972686404926,0.0,0.0,1.1913289955683657,-0.028046250562032138,1.1867389817246021,-0.029167047180383432,A-priori +0.25 Finance-Sentiment Tilt
2023-01-17,-0.010727581150611551,-0.010727581150611565,0.0,0.0,1.1785489170913295,-0.038472963283769146,1.1740081429935574,-0.03958173646544372,A-priori +0.25 Finance-Sentiment Tilt
2023-01-18,-0.019741941900662936,-0.019741941900662918,0.0,0.0,1.1552820728430233,-0.05745537417853752,1.1508309424436733,-0.058542258024478544,A-priori +0.25 Finance-Sentiment Tilt
2023-01-19,-0.0018383477557911618,-0.0018383477557911698,0.0,0.0,1.1531582626371066,-0.059188098976149406,1.148715314963337,-0.06027298475161147,A-priori +0.25 Finance-Sentiment Tilt
2023-01-20,0.008876738085871388,0.008876738085871416,0.0,0.0,1.1633945465060949,-0.05083675814268973,1.1589121599494958,-0.051931274165033736,A-priori +0.25 Finance-Sentiment Tilt
2023-01-23,0.00598462194352792,0.005984621943528001,0.0,0.0,1.170357023038096,-0.045156374977480374,1.165847811092551,-0.04625744126442921,A-priori +0.25 Finance-Sentiment Tilt
2023-01-24,-0.0039748255440247545,-0.003974825544024729,0.0,0.0,1.1657050580472954,-0.048951711808769116,1.161213769432575,-0.05004840154931489,A-priori +0.25 Finance-Sentiment Tilt
2023-01-25,0.002217213539840371,0.0022172135398403903,0.0,0.0,1.1682896750854583,-0.04684303466714945,1.16378842832481,-0.04794215600303686,A-priori +0.25 Finance-Sentiment Tilt
2023-01-26,-0.002149881306240523,-0.0021498813062404976,0.0,0.0,1.1657779909527184,-0.0488922090088314,1.1612864213383356,-0.04998896736430558,A-priori +0.25 Finance-Sentiment Tilt
2023-01-27,-0.0013832708273328268,-0.0013832708273328054,0.0,0.0,1.164165404266687,-0.05020784866975836,1.1596800477095206,-0.05130308991139487,A-priori +0.25 Finance-Sentiment Tilt
2023-01-30,-0.0040617165731902495,-0.0040617165731902105,0.0,0.0,1.1594368943502422,-0.05406563519190244,1.1549697560401408,-0.055156427874036074,A-priori +0.25 Finance-Sentiment Tilt
2023-01-31,0.011130190171836012,0.011130190171835919,0.0,0.0,1.1723416474766033,-0.043537205821513436,1.1678247890675866,-0.0446401392336373,A-priori +0.25 Finance-Sentiment Tilt
2023-02-01,-0.009109890985385088,-0.009246986116938638,0.1383555353983076,0.0001383555353983076,1.1616617428704648,-0.052250477608056234,1.1570259294560619,-0.053474338602824245,A-priori +0.25 Finance-Sentiment Tilt
2023-02-02,-0.012877065414130362,-0.012877065414130362,0.0,0.0,1.146702948618429,-0.06445471020410809,1.1421268308766113,-0.06566281146078856,A-priori +0.25 Finance-Sentiment Tilt
2023-02-03,-0.006115690513169323,-0.006115690513169292,0.0,0.0,1.13969006827414,-0.07017621565755305,1.135141936652183,-0.0713769285408391,A-priori +0.25 Finance-Sentiment Tilt
2023-02-06,-0.002762308916147443,-0.0027623089161474823,0.0,0.0,1.1365418922369015,-0.07274467618748837,1.1320063239594758,-0.07394207233087102,A-priori +0.25 Finance-Sentiment Tilt
2023-02-07,0.006216307847678068,0.006216307847678015,0.0,0.0,1.1436069865208285,-0.06698057164127147,1.139043223754726,-0.06818541116769705,A-priori +0.25 Finance-Sentiment Tilt
2023-02-08,-0.005037465631328514,-0.005037465631328564,0.0,0.0,1.1378461056304825,-0.0716806249449905,1.133305332662464,-0.07287939513371033,A-priori +0.25 Finance-Sentiment Tilt
2023-02-09,0.0028159255524485456,0.0028159255524484728,0.0,0.0,1.1410501955540813,-0.06906654669594015,1.1364966361074345,-0.07026869253226575,A-priori +0.25 Finance-Sentiment Tilt
2023-02-10,0.012106939063354737,0.012106939063354805,0.0,0.0,1.1548648207398837,-0.05779579210474928,1.150256131626495,-0.059012492247460635,A-priori +0.25 Finance-Sentiment Tilt
2023-02-13,0.011275130062547004,0.0112751300625471,0.0,0.0,1.167886071798386,-0.04717231711525116,1.163225419115826,-0.04840273571031872,A-priori +0.25 Finance-Sentiment Tilt
2023-02-14,-0.010103034346219663,-0.01010303434621962,0.0,0.0,1.1560868787025356,-0.056798767921464544,1.151473312754103,-0.058016755555206134,A-priori +0.25 Finance-Sentiment Tilt
2023-02-15,-0.0012774675565066904,-0.0012774675565067062,0.0,0.0,1.15461001522249,-0.05800367689470198,1.1500023429548765,-0.05922010858875715,A-priori +0.25 Finance-Sentiment Tilt
2023-02-16,-0.012965047263503745,-0.012965047263503782,0.0,0.0,1.1396404418042156,-0.07021670374580902,1.1350925082253265,-0.07141736434545787,A-priori +0.25 Finance-Sentiment Tilt
2023-02-17,0.01206532280627834,0.012065322806278367,0.0,0.0,1.153390571617673,-0.058998568136616636,1.1487877657520533,-0.06021371509398088,A-priori +0.25 Finance-Sentiment Tilt
2023-02-21,-0.0013944946610761767,-0.0013944946610762177,0.0,0.0,1.1517821746234167,-0.06031078960941516,1.1471857873460025,-0.061524242050834954,A-priori +0.25 Finance-Sentiment Tilt
2023-02-22,-0.009765306430129087,-0.009765306430129073,0.0,0.0,1.1405346687474587,-0.06948714269796519,1.13598316660028,-0.07068874540445613,A-priori +0.25 Finance-Sentiment Tilt
2023-02-23,-0.0018787288791785753,-0.001878728879178615,0.0,0.0,1.1383919133275784,-0.07123532407542554,1.1338489622189272,-0.07243466929621056,A-priori +0.25 Finance-Sentiment Tilt
2023-02-24,-0.00592588717009907,-0.00592588717009912,0.0,0.0,1.1316459312938458,-0.07673907875252828,1.1271299012008837,-0.0779313167888569,A-priori +0.25 Finance-Sentiment Tilt
2023-02-27,0.0016164056679014256,0.0016164056679013328,0.0,0.0,1.1334751301912467,-0.07524671456647214,1.1289518003616459,-0.0764408797431202,A-priori +0.25 Finance-Sentiment Tilt
2023-02-28,-0.0037518431620925546,-0.0037518431620925385,0.0,0.0,1.1292225092746366,-0.07871624385704856,1.124716150269127,-0.0799059287132442,A-priori +0.25 Finance-Sentiment Tilt
2023-03-01,-0.002688927421126545,-0.0027622478931504935,0.0735181570123329,7.35181570123329e-05,1.1261861119048946,-0.08119350901157996,1.1216094054526538,-0.08244745662315622,A-priori +0.25 Finance-Sentiment Tilt
2023-03-02,0.005644585575714847,0.005644585575714789,0.0,0.0,1.1325429657877233,-0.07600722714567354,1.1279404257242578,-0.0772682527718509,A-priori +0.25 Finance-Sentiment Tilt
2023-03-03,0.007668156814392616,0.0076681568143925904,0.0,0.0,1.1412274828484208,-0.06892190566806111,1.1365896497860042,-0.07019260103648695,A-priori +0.25 Finance-Sentiment Tilt
2023-03-06,0.00383970784314218,0.0038397078431422482,0.0,0.0,1.1456094629651234,-0.06534683780667683,1.1409538219787219,-0.06662241227407506,A-priori +0.25 Finance-Sentiment Tilt
2023-03-07,-0.01136046153380667,-0.011360461533806654,0.0,0.0,1.1325948107283432,-0.07596492910322483,1.1279920599722828,-0.07722601245595273,A-priori +0.25 Finance-Sentiment Tilt
2023-03-08,-0.00832405896900122,-0.008324058969001236,0.0,0.0,1.1231670247358556,-0.08365665152279489,1.1186025875485084,-0.08490723754332974,A-priori +0.25 Finance-Sentiment Tilt
2023-03-09,-0.01238980311736399,-0.01238980311736404,0.0,0.0,1.1092512064314628,-0.0950099651983336,1.1047433217222085,-0.09624505670429262,A-priori +0.25 Finance-Sentiment Tilt
2023-03-10,-0.002247373292505234,-0.002247373292505239,0.0,0.0,1.1067583048954495,-0.09704381563253028,1.1022605510858965,-0.09827613142682501,A-priori +0.25 Finance-Sentiment Tilt
2023-03-13,0.009369713120463224,0.009369713120463308,0.0,0.0,1.11712831270601,-0.08858337522465887,1.112588416233575,-0.08982723746442,A-priori +0.25 Finance-Sentiment Tilt
2023-03-14,0.008755998999636215,0.008755998999636194,0.0,0.0,1.126909887094529,-0.08060301216987431,1.1223302392931231,-0.08185776566616232,A-priori +0.25 Finance-Sentiment Tilt
2023-03-15,0.005316254296145614,0.005316254296145573,0.0,0.0,1.1329008266231644,-0.07571526398345907,1.1282968322494593,-0.07697668806841229,A-priori +0.25 Finance-Sentiment Tilt
2023-03-16,0.00491915293696072,0.004919152936960769,0.0,0.0,1.138473739051733,-0.07116856600969523,1.1338470969255827,-0.07243619523264089,A-priori +0.25 Finance-Sentiment Tilt
2023-03-17,-0.00371994375273712,-0.003719943752737098,0.0,0.0,1.1342386807784923,-0.07462376669991333,1.1296292495008153,-0.07588668041345015,A-priori +0.25 Finance-Sentiment Tilt
2023-03-20,0.010417640845021753,0.010417640845021836,0.0,0.0,1.146054771987374,-0.06498352945487396,1.1413973213101465,-0.06625959974989659,A-priori +0.25 Finance-Sentiment Tilt
2023-03-21,-0.002396434952198725,-0.002396434952198767,0.0,0.0,1.1433083262746493,-0.06722423560576973,1.1386620368750129,-0.06849724788133593,A-priori +0.25 Finance-Sentiment Tilt
2023-03-22,-0.013697209253484475,-0.0136972092534845,0.0,0.0,1.1276481928884143,-0.0800006604372564,1.1230655446869369,-0.08125623599730203,A-priori +0.25 Finance-Sentiment Tilt
2023-03-23,0.009239764350432172,0.009239764350432278,0.0,0.0,1.138067396460894,-0.07150008333714342,1.133442405669934,-0.07276726011948798,A-priori +0.25 Finance-Sentiment Tilt
2023-03-24,0.013350830464242189,0.013350830464242236,0.0,0.0,1.153261541327925,-0.05910383836371447,1.1485748030690162,-0.06038793300844847,A-priori +0.25 Finance-Sentiment Tilt
2023-03-27,0.003971212284507793,0.003971212284507697,0.0,0.0,1.1578413877280969,-0.05536733996817833,1.15313603743664,-0.056656534025339766,A-priori +0.25 Finance-Sentiment Tilt
2023-03-28,-0.0005902018614469642,-0.0005902018614469817,0.0,0.0,1.1571580275857993,-0.055924863922512724,1.1524554544008432,-0.05721329709494194,A-priori +0.25 Finance-Sentiment Tilt
2023-03-29,0.004586315963333796,0.004586315963333698,0.0,0.0,1.1624651199198157,-0.05159503705533419,1.1577409792483928,-0.05288937938938976,A-priori +0.25 Finance-Sentiment Tilt
2023-03-30,0.0046990152268221565,0.004699015226822256,0.0,0.0,1.1679275612189688,-0.04713846769326335,1.163181221738597,-0.04843889216165542,A-priori +0.25 Finance-Sentiment Tilt
2023-03-31,0.011664378321106875,0.011664378321106783,0.0,0.0,1.1815507101446745,-0.03602393029280804,1.1767490075649631,-0.037339523404177566,A-priori +0.25 Finance-Sentiment Tilt
2023-04-03,0.008411335149398654,0.00836166778969849,0.04925307557439238,4.9253075574392384e-05,1.1914891291637113,-0.0279156044945007,1.1865885918380787,-0.029290076304610557,A-priori +0.25 Finance-Sentiment Tilt
2023-04-04,0.0026672674520541125,0.002667267452054034,0.0,0.0,1.194667149337406,-0.025322795425719247,1.189753540968067,-0.026700933319751985,A-priori +0.25 Finance-Sentiment Tilt
2023-04-05,0.011951431614283322,0.011951431614283248,0.0,0.0,1.2089451320745426,-0.013674007469249072,1.2039727990507982,-0.01506861608407728,A-priori +0.25 Finance-Sentiment Tilt
2023-04-06,0.0009060069092579328,0.0009060069092579059,0.0,0.0,1.2100404447171158,-0.012780389305235507,1.2050636067252969,-0.014176261445104421,A-priori +0.25 Finance-Sentiment Tilt
2023-04-10,-0.0012575081491433408,-0.0012575081491433826,0.0,0.0,1.2085188089970909,-0.014021826010678473,1.2035482294196038,-0.015415942829956175,A-priori +0.25 Finance-Sentiment Tilt
2023-04-11,-0.0011335521352813648,-0.0011335521352813238,0.0,0.0,1.2071488899206246,-0.015139483675144727,1.202183944754231,-0.01653202019032529,A-priori +0.25 Finance-Sentiment Tilt
2023-04-12,0.0007148876865695528,0.0007148876865694653,0.0,0.0,1.2080118657978849,-0.014435419019035667,1.2030433712533273,-0.015828951041424122,A-priori +0.25 Finance-Sentiment Tilt
2023-04-13,0.01035834245910892,0.010358342459108938,0.0,0.0,1.2205248663984865,-0.004226603573666665,1.2155049064859302,-0.005634570277970652,A-priori +0.25 Finance-Sentiment Tilt
2023-04-14,-0.0074470549564815535,-0.007447054956481569,0.0,0.0,1.2114355506426646,-0.011642182781055888,1.2064529746474566,-0.01303966427993597,A-priori +0.25 Finance-Sentiment Tilt
2023-04-17,0.0016347177267534245,0.0016347177267534985,0.0,0.0,1.2134159058121197,-0.010026496736872614,1.2084251847116072,-0.011426262723531866,A-priori +0.25 Finance-Sentiment Tilt
2023-04-18,-8.45868582123104e-05,-8.458685821233214e-05,0.0,0.0,1.213313266772942,-0.01011023548522716,1.208322967821848,-0.011509883070079163,A-priori +0.25 Finance-Sentiment Tilt
2023-04-19,-0.0008273873986489286,-0.0008273873986489599,0.0,0.0,1.2123093866654004,-0.010929257802438364,1.207323216624774,-0.012327747336515982,A-priori +0.25 Finance-Sentiment Tilt
2023-04-20,-0.0004932820857078014,-0.000493282085707758,0.0,0.0,1.211711376162623,-0.011417148681062028,1.206727665710354,-0.01281494836530539,A-priori +0.25 Finance-Sentiment Tilt
2023-04-21,0.0059643867893149054,0.005964386789314879,0.0,0.0,1.21893849148707,-0.005520858182512134,1.2139250562580177,-0.006926994884726256,A-priori +0.25 Finance-Sentiment Tilt
2023-04-24,0.0043122978935601405,0.004312297893560135,0.0,0.0,1.2241949173762892,-0.0012323678740630006,1.2191598627210591,-0.0026445682566161866,A-priori +0.25 Finance-Sentiment Tilt
2023-04-25,-0.003352443306075202,-0.0033524433060752035,0.0,0.0,1.2200908733201998,-0.00458067973670806,1.2150726984002445,-0.005988145797541922,A-priori +0.25 Finance-Sentiment Tilt
2023-04-26,-0.018438758742337285,-0.018438758742337247,0.0,0.0,1.1975939120633212,-0.022934976430504128,1.1926682660600416,-0.024316490564204374,A-priori +0.25 Finance-Sentiment Tilt
2023-04-27,-0.003039264521801873,-0.003039264521801921,0.0,0.0,1.1939541073748612,-0.025904535492132563,1.1890434317127263,-0.02728185083893986,A-priori +0.25 Finance-Sentiment Tilt
2023-04-28,0.0014578408140538718,0.001457840814053979,0.0,0.0,1.1956947024026996,-0.024484459367188127,1.19077686775716,-0.025863782620521802,A-priori +0.25 Finance-Sentiment Tilt
2023-05-01,0.0016654796718334867,0.0015950328385685442,0.07032970057820213,7.032970057820214e-05,1.19768610762327,-0.022859758064706637,1.1926761959646404,-0.02431000336456257,A-priori +0.25 Finance-Sentiment Tilt
2023-05-02,-0.006266061426577608,-0.006266061426577596,0.0,0.0,1.190181332903144,-0.028982578843054108,1.185202813658709,-0.03042373681677757,A-priori +0.25 Finance-Sentiment Tilt
2023-05-03,-0.007676126410984235,-0.007676126410984252,0.0,0.0,1.1810453505397858,-0.03643623131512275,1.1761050470384105,-0.03786632677806179,A-priori +0.25 Finance-Sentiment Tilt
2023-05-04,-0.000941772543554764,-0.0009417725435547641,0.0,0.0,1.1799330744559544,-0.03734368921643427,1.1749974235967735,-0.03877243785473172,A-priori +0.25 Finance-Sentiment Tilt
2023-05-05,0.008442893951978872,0.008442893951978947,0.0,0.0,1.1898951242740186,-0.029216084072285375,1.1849178022380495,-0.03065689548381989,A-priori +0.25 Finance-Sentiment Tilt
2023-05-08,-0.0009118384522767755,-0.0009118384522768253,0.0,0.0,1.1888101321455289,-0.03010128217568009,1.1838373486231815,-0.03154077979996728,A-priori +0.25 Finance-Sentiment Tilt
2023-05-09,-0.0029417286145993586,-0.0029417286145994037,0.0,0.0,1.1853129753624707,-0.032954460987167145,1.1803548204197052,-0.03438972400010232,A-priori +0.25 Finance-Sentiment Tilt
2023-05-10,-0.0023783714672326456,-0.0023783714672326317,0.0,0.0,1.182493860802128,-0.0352544545046698,1.1775474981936085,-0.03668630392900707,A-priori +0.25 Finance-Sentiment Tilt
2023-05-11,-0.0020400358468969622,-0.002040035846896937,0.0,0.0,1.1800815309373562,-0.03722257000061435,1.1751452590858698,-0.03865149840079862,A-priori +0.25 Finance-Sentiment Tilt
2023-05-12,-7.862963170546647e-05,-7.862963170546244e-05,0.0,0.0,1.1799887415611963,-0.03729827283534948,1.1750528578469475,-0.03872708887941989,A-priori +0.25 Finance-Sentiment Tilt
2023-05-15,-0.0017864567598940158,-0.001786456759893973,0.0,0.0,1.1778807426972355,-0.03901809784360433,1.172953676725814,-0.040444361369594284,A-priori +0.25 Finance-Sentiment Tilt
2023-05-16,-0.01233092956733982,-0.012330929567339832,0.0,0.0,1.16335637822031,-0.05086789799458302,1.1584900675523557,-0.0522765743654896,A-priori +0.25 Finance-Sentiment Tilt
2023-05-17,-0.0003890469652958396,-0.00038904696529584726,0.0,0.0,1.1629037779518059,-0.05123715495853309,1.1580393605072492,-0.05264528328817242,A-priori +0.25 Finance-Sentiment Tilt
2023-05-18,0.0021166552054570006,0.0021166552054570076,0.0,0.0,1.1653652442868532,-0.049228951143831856,1.160490530547791,-0.05064005999563004,A-priori +0.25 Finance-Sentiment Tilt
2023-05-19,0.0014818629101263753,0.001481862910126308,0.0,0.0,1.167092155819112,-0.04782003879051011,1.1622102184225627,-0.049233238712177774,A-priori +0.25 Finance-Sentiment Tilt
2023-05-22,-0.004731113199644171,-0.0047311131996441436,0.0,0.0,1.1615705107155152,-0.05232490997342498,1.1567116703174223,-0.0537314238862896,A-priori +0.25 Finance-Sentiment Tilt
2023-05-23,-0.005547478438803424,-0.005547478438803433,0.0,0.0,1.155126723352171,-0.057582117102338515,1.1502948372664241,-0.05898082840959751,A-priori +0.25 Finance-Sentiment Tilt
2023-05-24,-0.005542092110510669,-0.00554209211051071,0.0,0.0,1.1487249046520407,-0.06280508381594996,1.1439197973240487,-0.06419604333630802,A-priori +0.25 Finance-Sentiment Tilt
2023-05-25,-0.009936536268543628,-0.009936536268543628,0.0,0.0,1.1373105579743863,-0.07211755509130746,1.1325531967696332,-0.07349469329194347,A-priori +0.25 Finance-Sentiment Tilt
2023-05-26,0.0005590363443300089,0.0005590363443299662,0.0,0.0,1.137946355911084,-0.07159883508133791,1.1331863351685145,-0.07297674315227909,A-priori +0.25 Finance-Sentiment Tilt
2023-05-30,-0.005878020029273804,-0.005878020029273845,0.0,0.0,1.1312574844387995,-0.07705599572393096,1.1265254431934946,-0.07842580442363267,A-priori +0.25 Finance-Sentiment Tilt
2023-05-31,0.004069917408759908,0.004069917408759949,0.0,0.0,1.135861608968507,-0.07329968985361712,1.1311103087061587,-0.07467507356159253,A-priori +0.25 Finance-Sentiment Tilt
2023-06-01,0.0007177827137419703,0.0006348378539262622,0.0828853661325522,8.288536613255219e-05,1.1366769107966277,-0.07263452039017482,1.1318283803470917,-0.07408764227110776,A-priori +0.25 Finance-Sentiment Tilt
2023-06-02,0.01558035816986275,0.015580358169862807,0.0,0.0,1.1543867441902524,-0.058185834063486985,1.149462671899715,-0.05966159610378963,A-priori +0.25 Finance-Sentiment Tilt
2023-06-05,-0.004043558165598801,-0.00404355816559876,0.0,0.0,1.149718914244523,-0.061994114424636204,1.1448147527267039,-0.06346390913529021,A-priori +0.25 Finance-Sentiment Tilt
2023-06-06,-0.007686969686346004,-0.007686969686345968,0.0,0.0,1.1408810598029067,-0.06920453723266817,1.136014596426012,-0.0706630336759363,A-priori +0.25 Finance-Sentiment Tilt
2023-06-07,0.0035591613508441826,0.003559161350844109,0.0,0.0,1.1449416395768672,-0.06589168599604567,1.1400578556716061,-0.06735537346348508,A-priori +0.25 Finance-Sentiment Tilt
2023-06-08,0.009438999733035372,0.009438999733035303,0.0,0.0,1.1557487434071743,-0.05707463786953626,1.1508188614669352,-0.05855214108258999,A-priori +0.25 Finance-Sentiment Tilt
2023-06-09,-0.001621185012088562,-0.0016211850120885218,0.0,0.0,1.1538750608666224,-0.058603294334140354,1.1489531711770962,-0.060078402241129814,A-priori +0.25 Finance-Sentiment Tilt
2023-06-12,0.001652397466155095,0.0016523974661550866,0.0,0.0,1.155781721093458,-0.05704773280305131,1.15085169848588,-0.05852527817460862,A-priori +0.25 Finance-Sentiment Tilt
2023-06-13,0.006341548093332531,0.0063415480933324275,0.0,0.0,1.1631111664631666,-0.05106795565090505,1.1581498798801215,-0.052554870947496224,A-priori +0.25 Finance-Sentiment Tilt
2023-06-14,-0.00012765286308988005,-0.00012765286308991097,0.0,0.0,1.1629626919926757,-0.05118908954324408,1.1580020387320675,-0.0526758150308404,A-priori +0.25 Finance-Sentiment Tilt
2023-06-15,0.008968171781552308,0.008968171781552403,0.0,0.0,1.1733923411900027,-0.04267999031005665,1.1683871999388047,-0.044180049007217725,A-priori +0.25 Finance-Sentiment Tilt
2023-06-16,0.002700625609602708,0.0027006256096027137,0.0,0.0,1.176561234596732,-0.040094627375302894,1.1715425763328915,-0.04159873716939744,A-priori +0.25 Finance-Sentiment Tilt
2023-06-20,-0.008858442765191635,-0.008858442765191654,0.0,0.0,1.1661387342403136,-0.048597894178698864,1.1611645334734615,-0.05008867990226962,A-priori +0.25 Finance-Sentiment Tilt
2023-06-21,-0.0018530183424867082,-0.0018530183424867452,0.0,0.0,1.163977857775882,-0.050360859731866214,1.15901287429429,-0.05184888300214663,A-priori +0.25 Finance-Sentiment Tilt
2023-06-22,0.003861024719801061,0.0038610247198009873,0.0,0.0,1.1684720050580557,-0.046694279536400374,1.1634878516525078,-0.048188048101311054,A-priori +0.25 Finance-Sentiment Tilt
2023-06-23,-0.004086294267796137,-0.0040862942677961644,0.0,0.0,1.1636972846017066,-0.05058976723738806,1.1587334979136497,-0.05207743182437452,A-priori +0.25 Finance-Sentiment Tilt
2023-06-26,0.0014153058659274412,0.0014153058659274187,0.0,0.0,1.1653442721947673,-0.049246061365787575,1.1603734602302935,-0.050735831453190494,A-priori +0.25 Finance-Sentiment Tilt
2023-06-27,-0.000569617975198254,-0.0005696179751982777,0.0,0.0,1.164680471150031,-0.049787627899224085,1.1597124906494034,-0.05127654938680637,A-priori +0.25 Finance-Sentiment Tilt
2023-06-28,-0.0035571797535122523,-0.0035571797535122185,0.0,0.0,1.160537493358745,-0.05316770411079785,1.1555871848577701,-0.05465132923700988,A-priori +0.25 Finance-Sentiment Tilt
2023-06-29,0.0010270358569916696,0.0010270358569917093,0.0,0.0,1.1617294069778077,-0.05219527339236174,1.1567740143324992,-0.05368042225477687,A-priori +0.25 Finance-Sentiment Tilt
2023-06-30,0.011393149859963285,0.011393149859963314,0.0,0.0,1.1749651642082322,-0.04139679210413938,1.1699533140319007,-0.04289886149010824,A-priori +0.25 Finance-Sentiment Tilt
2023-07-03,0.003917116837877617,0.0038208590388202346,0.09588221720995004,9.588221720995003e-05,1.1795676400368718,-0.03764183133764709,1.174423540726817,-0.03924191295396773,A-priori +0.25 Finance-Sentiment Tilt
2023-07-05,-0.0013604073195953377,-0.0013604073195953026,0.0,0.0,1.1779629475854079,-0.03895103043436765,1.1728258463457073,-0.04054893528794545,A-priori +0.25 Finance-Sentiment Tilt
2023-07-06,-0.007458474886278029,-0.007458474886278044,0.0,0.0,1.169177140523876,-0.0461189900383564,1.1640783542247601,-0.04770497695871301,A-priori +0.25 Finance-Sentiment Tilt
2023-07-07,-0.012977544602271532,-0.012977544602271518,0.0,0.0,1.1540040920347712,-0.05849802339039345,1.1489714754622695,-0.0600634280947524,A-priori +0.25 Finance-Sentiment Tilt
2023-07-10,0.005630670059787687,0.005630670059787679,0.0,0.0,1.1605019083246637,-0.05319673639946687,1.155440954748705,-0.054770955381226116,A-priori +0.25 Finance-Sentiment Tilt
2023-07-11,0.013775123744344205,0.013775123744344198,0.0,0.0,1.1764879657173835,-0.0401544042818206,1.1713572968796517,-0.04175030832485416,A-priori +0.25 Finance-Sentiment Tilt
2023-07-12,0.001187494941849517,0.001187494941849554,0.0,0.0,1.1778850392258198,-0.03901459249194872,1.1727482777447948,-0.040612391662961045,A-priori +0.25 Finance-Sentiment Tilt
2023-07-13,0.0019722568779396176,0.001972256877939671,0.0,0.0,1.1802081310958552,-0.037119282412391263,1.175061238601669,-0.03872023285380821,A-priori +0.25 Finance-Sentiment Tilt
2023-07-14,0.0046035171105132024,0.004603517110513211,0.0,0.0,1.1856412394213218,-0.03268664455359338,1.1804706531194726,-0.034294964997760524,A-priori +0.25 Finance-Sentiment Tilt
2023-07-17,-0.003210322609677067,-0.0032103226096770188,0.0,0.0,1.181834948543442,-0.03579203248922558,1.176680961491703,-0.03739518970590705,A-priori +0.25 Finance-Sentiment Tilt
2023-07-18,0.003689511858917989,0.003689511858917971,0.0,0.0,1.1861953426013767,-0.03223457575863142,1.1810223398532897,-0.033843647842875524,A-priori +0.25 Finance-Sentiment Tilt
2023-07-19,0.0035358749626430404,0.0035358749626430708,0.0,0.0,1.1903895810140848,-0.028812678225344723,1.1851982871750992,-0.03042743978728446,A-priori +0.25 Finance-Sentiment Tilt
2023-07-20,0.007616240431768142,0.007616240431768118,0.0,0.0,1.1994558742705597,-0.021415882078424042,1.1942250422895446,-0.023042942052659443,A-priori +0.25 Finance-Sentiment Tilt
2023-07-21,0.00685082083159984,0.006850820831599824,0.0,0.0,1.2076731315605973,-0.014711777617894106,1.2024064640868801,-0.016349984288495212,A-priori +0.25 Finance-Sentiment Tilt
2023-07-24,-0.003950218461234531,-0.003950218461234556,0.0,0.0,1.2029025588611697,-0.018603881343584816,1.1976566958745363,-0.020235616739952555,A-priori +0.25 Finance-Sentiment Tilt
2023-07-25,0.0004243810753876185,0.0004243810753876698,0.0,0.0,1.2034130479426859,-0.018187395403368112,1.1981649587110768,-0.019819823277358095,A-priori +0.25 Finance-Sentiment Tilt
2023-07-26,0.0018867789176687843,0.0018867789176688632,0.0,0.0,1.2056836223107918,-0.016334932079913544,1.2004256310950625,-0.017970439984400732,A-priori +0.25 Finance-Sentiment Tilt
2023-07-27,-0.0034484355340932433,-0.0034484355340932416,0.0,0.0,1.2015259000647411,-0.01972703765377537,1.196286040692758,-0.021356905614688504,A-priori +0.25 Finance-Sentiment Tilt
2023-07-28,0.004686830816146178,0.00468683081614607,0.0,0.0,1.2071572486795623,-0.015132664125616202,1.2018928309732022,-0.016770171001914913,A-priori +0.25 Finance-Sentiment Tilt
2023-07-31,-0.0036352749439812248,-0.0036352749439811927,0.0,0.0,1.2027689001799922,-0.018712927674865876,1.1975236200794146,-0.02034448176344661,A-priori +0.25 Finance-Sentiment Tilt
2023-08-01,-0.006963623213369279,-0.007032396432209653,0.06925548796401579,6.925548796401579e-05,1.19439327074638,-0.025546241110688483,1.1891021592460813,-0.027233807734687865,A-priori +0.25 Finance-Sentiment Tilt
2023-08-02,-0.013615585804266596,-0.013615585804266583,0.0,0.0,1.178130906684494,-0.03881399987713596,1.1729118367668276,-0.04047858929296588,A-priori +0.25 Finance-Sentiment Tilt
2023-08-03,-0.004221484641981071,-0.0042214846419810215,0.0,0.0,1.1731574451556823,-0.04287163181474174,1.1679604074615186,-0.0445291941919177,A-priori +0.25 Finance-Sentiment Tilt
2023-08-04,-0.0029948382651327618,-0.0029948382651328043,0.0,0.0,1.1696440283479046,-0.045738076476427136,1.1644625549410927,-0.04739067472236902,A-priori +0.25 Finance-Sentiment Tilt
2023-08-07,0.012782877253908103,0.012782877253908032,0.0,0.0,1.1845954443930424,-0.03353986343994708,1.1793477368476768,-0.03521358664641694,A-priori +0.25 Finance-Sentiment Tilt
2023-08-08,-0.00474265852104842,-0.004742658521048382,0.0,0.0,1.1789773127146967,-0.038123453841857224,1.173754493254237,-0.039789239150700095,A-priori +0.25 Finance-Sentiment Tilt
2023-08-09,0.001119228755045048,0.0011192287550449986,0.0,0.0,1.1802968580246327,-0.03704689395259364,1.1750681930344504,-0.03871454365625393,A-priori +0.25 Finance-Sentiment Tilt
2023-08-10,-0.0006112537909634128,-0.0006112537909633842,0.0,0.0,1.179575397095703,-0.03763550268918503,1.1743499281468177,-0.039302133035641895,A-priori +0.25 Finance-Sentiment Tilt
2023-08-11,0.0052170023473543025,0.005217002347354338,0.0,0.0,1.1857292447112326,-0.03261484484770405,1.1804765144785752,-0.03429017000859047,A-priori +0.25 Finance-Sentiment Tilt
2023-08-14,-0.0016281427884152675,-0.0016281427884152766,0.0,0.0,1.183798708192443,-0.03418988601168527,1.1785545301546332,-0.03586248350399279,A-priori +0.25 Finance-Sentiment Tilt
2023-08-15,-0.007494931024983324,-0.007494931024983331,0.0,0.0,1.1749262185270763,-0.04142856619925894,1.1697213452419426,-0.04308862768872912,A-priori +0.25 Finance-Sentiment Tilt
2023-08-16,-0.004784303797344206,-0.00478430379734418,0.0,0.0,1.169305014558178,-0.046014663150017454,1.164125042968067,-0.04766678240099975,A-priori +0.25 Finance-Sentiment Tilt
2023-08-17,-0.0119865076145887,-0.011986507614588748,0.0,0.0,1.1552891310973996,-0.057449615654375785,1.1501712492761968,-0.059081931765375906,A-priori +0.25 Finance-Sentiment Tilt
2023-08-18,0.001636480569699463,0.001636480569699561,0.0,0.0,1.1571797393128256,-0.05590715026443127,1.1520534821774644,-0.05754213762903071,A-priori +0.25 Finance-Sentiment Tilt
2023-08-21,-0.0002760253285320729,-0.0002760253285321035,0.0,0.0,1.156860328395111,-0.05616774380344436,1.1517354862365599,-0.05780227987011932,A-priori +0.25 Finance-Sentiment Tilt
2023-08-22,-0.0024116455975990497,-0.002411645597599099,0.0,0.0,1.1540703912771,-0.05844393270897286,1.1489579084215789,-0.06007452685393844,A-priori +0.25 Finance-Sentiment Tilt
2023-08-23,0.010190558985497722,0.01019055898549781,0.0,0.0,1.1658310136728258,-0.048848950067090224,1.1606664317592033,-0.050496160877871454,A-priori +0.25 Finance-Sentiment Tilt
2023-08-24,-0.009075251404935468,-0.00907525140493548,0.0,0.0,1.1552508041280742,-0.057480884969299706,1.1501330920937192,-0.059113146927856075,A-priori +0.25 Finance-Sentiment Tilt
2023-08-25,0.00333454978049075,0.0033345497804908586,0.0,0.0,1.1591030454433915,-0.05433800806116551,1.1539682681434955,-0.05597571287847769,A-priori +0.25 Finance-Sentiment Tilt
2023-08-28,0.005138463382900058,0.005138463382900138,0.0,0.0,1.1650590539994103,-0.049478758542987444,1.1598978918343796,-0.051124878646535254,A-priori +0.25 Finance-Sentiment Tilt
2023-08-29,0.00814563699055527,0.00814563699055526,0.0,0.0,1.1745492021258492,-0.04173615755826676,1.169345999007373,-0.04339568635862079,A-priori +0.25 Finance-Sentiment Tilt
2023-08-30,0.0010778664078901503,0.0010778664078900935,0.0,0.0,1.1758152092552348,-0.040703277152603135,1.1706063977789036,-0.042364594703304004,A-priori +0.25 Finance-Sentiment Tilt
2023-08-31,-0.004450312717315106,-0.004450312717315108,0.0,0.0,1.1705824638762736,-0.0449724475579697,1.1653968332398978,-0.046626371726047,A-priori +0.25 Finance-Sentiment Tilt
2023-09-01,-3.491301941046167e-05,-0.00014211794539742417,0.10720866896525848,0.00010720866896525848,1.1705415953079907,-0.04500579045344566,1.165231209436385,-0.046761863227293476,A-priori +0.25 Finance-Sentiment Tilt
2023-09-05,-0.010461774163745007,-0.010461774163745052,0.0,0.0,1.1582956534886086,-0.05499672420140589,1.153040823674714,-0.05673442533847861,A-priori +0.25 Finance-Sentiment Tilt
2023-09-06,-0.00232521514670077,-0.0023252151467008098,0.0,0.0,1.1556023668907591,-0.05719406013197481,1.1503597556867413,-0.058927720740043044,A-priori +0.25 Finance-Sentiment Tilt
2023-09-07,0.006783055965719449,0.006783055965719376,0.0,0.0,1.1634408824194968,-0.05079895467703732,1.1581627102902758,-0.052544374802035554,A-priori +0.25 Finance-Sentiment Tilt
2023-09-08,0.005810097085791624,0.005810097085791721,0.0,0.0,1.1702005868999332,-0.04528400444977598,1.164891748078206,-0.04703956563515599,A-priori +0.25 Finance-Sentiment Tilt
2023-09-11,0.0055041294148085885,0.005504129414808601,0.0,0.0,1.1766415223715154,-0.04002912405587977,1.171303463013871,-0.0417943480772196,A-priori +0.25 Finance-Sentiment Tilt
2023-09-12,-0.002716076074015155,-0.002716076074015139,0.0,0.0,1.1734456744849093,-0.042636477983783005,1.168122113702568,-0.044396907522393225,A-priori +0.25 Finance-Sentiment Tilt
2023-09-13,7.923748699506605e-05,7.923748699512068e-05,0.0,0.0,1.1735386553712808,-0.04256061890415763,1.168214672763361,-0.04432118793478057,A-priori +0.25 Finance-Sentiment Tilt
2023-09-14,0.010175585690884259,0.010175585690884281,0.0,0.0,1.1854800985205765,-0.0328181124379896,1.180101941271413,-0.034596596289648285,A-priori +0.25 Finance-Sentiment Tilt
2023-09-15,-0.00749292032421017,-0.007492920324210117,0.0,0.0,1.176597390596425,-0.04006512926051087,1.1712595314510208,-0.0418302870743712,A-priori +0.25 Finance-Sentiment Tilt
2023-09-18,-0.0004854857834648044,-0.00048548578346485627,0.0,0.0,1.1760261692904286,-0.04053116399330714,1.1706909015997535,-0.04229546484814328,A-priori +0.25 Finance-Sentiment Tilt
2023-09-19,-0.0005529234155823452,-0.0005529234155823293,0.0,0.0,1.1753759168840903,-0.04106167677925676,1.17004359918785,-0.04282500211083806,A-priori +0.25 Finance-Sentiment Tilt
2023-09-20,0.0016429826719454197,0.0016429826719455143,0.0,0.0,1.177307039148553,-0.0394861577307406,1.1719659605467363,-0.04125238017528665,A-priori +0.25 Finance-Sentiment Tilt
2023-09-21,-0.011521022433027947,-0.011521022433027994,0.0,0.0,1.1637432583399607,-0.05055225925475859,1.1584637144245322,-0.05229813301089936,A-priori +0.25 Finance-Sentiment Tilt
2023-09-22,-0.00010676914238374047,-0.00010676914238372248,0.0,0.0,1.163619006470313,-0.05065363097577613,1.1583400262472605,-0.052399318326473154,A-priori +0.25 Finance-Sentiment Tilt
2023-09-25,-4.556791160802165e-05,-4.5567911608035416e-05,0.0,0.0,1.1635659827822806,-0.05069689070720529,1.1582872431113325,-0.052442498510575364,A-priori +0.25 Finance-Sentiment Tilt
2023-09-26,-0.005842806378568743,-0.00584280637856871,0.0,0.0,1.1567674920361948,-0.05624348496937637,1.1515195950190669,-0.05797889352433838,A-priori +0.25 Finance-Sentiment Tilt
2023-09-27,-0.00892618660926101,-0.008926186609261033,0.0,0.0,1.1464419695387529,-0.06466763173624546,1.141240916229706,-0.06638754971060268,A-priori +0.25 Finance-Sentiment Tilt
2023-09-28,0.0015644108003050423,0.001564410800305005,0.0,0.0,1.1482354757378221,-0.06320438767745895,1.1430262858448057,-0.0649269963100707,A-priori +0.25 Finance-Sentiment Tilt
2023-09-29,-0.007074424227092475,-0.0070744242270924795,0.0,0.0,1.1401123708698555,-0.06983167725310735,1.1349400329960218,-0.07154209942147483,A-priori +0.25 Finance-Sentiment Tilt
2023-10-02,-0.008235639007196897,-0.00831172640814537,0.07671923285509626,7.671923285509626e-05,1.130722816955732,-0.07749220777518062,1.1255067219521073,-0.07925918747256455,A-priori +0.25 Finance-Sentiment Tilt
2023-10-03,-0.008737314886976462,-0.008737314886976488,0.0,0.0,1.1208433356541005,-0.08555244884153845,1.115672815315003,-0.08730398988090737,A-priori +0.25 Finance-Sentiment Tilt
2023-10-04,0.0082637851831652,0.008263785183165284,0.0,0.0,1.1301057442039284,-0.07799565071749337,1.1248924957954636,-0.07976166611575108,A-priori +0.25 Finance-Sentiment Tilt
2023-10-05,-0.005125849903148806,-0.005125849903148794,0.0,0.0,1.1243129917844528,-0.08272170662196587,1.1191264657048376,-0.08447866969036544,A-priori +0.25 Finance-Sentiment Tilt
2023-10-06,0.004689558783152354,0.004689558783152359,0.0,0.0,1.1295855236500878,-0.07842007614465996,1.124374675051542,-0.08018527859464852,A-priori +0.25 Finance-Sentiment Tilt
2023-10-09,0.005070458068355567,0.005070458068355599,0.0,0.0,1.1353130396823772,-0.07374724378411301,1.1300757696945118,-0.0755213966191065,A-priori +0.25 Finance-Sentiment Tilt
2023-10-10,0.011282458541812755,0.011282458541812757,0.0,0.0,1.148122161984573,-0.06329683546286757,1.1428258027151974,-0.0650910051036685,A-priori +0.25 Finance-Sentiment Tilt
2023-10-11,0.005107925073932947,0.005107925073932984,0.0,0.0,1.153986683963712,-0.058512225881895974,1.148663271288024,-0.060315560006791946,A-priori +0.25 Finance-Sentiment Tilt
2023-10-12,-0.0019616138535006357,-0.0019616138535006877,0.0,0.0,1.1517230076976934,-0.06035906134250768,1.146410037502058,-0.06215885802220167,A-priori +0.25 Finance-Sentiment Tilt
2023-10-13,0.003113329301516638,0.003113329301516643,0.0,0.0,1.1553087006847895,-0.05743364967528075,1.149979189463366,-0.05923904971471439,A-priori +0.25 Finance-Sentiment Tilt
2023-10-16,0.00756172156817507,0.007561721568175139,0.0,0.0,1.164044823404658,-0.05030622537459417,1.1586750119032836,-0.05212527734644523,A-priori +0.25 Finance-Sentiment Tilt
2023-10-17,0.005031993089568203,0.005031993089568143,0.0,0.0,1.169902288911978,-0.0455273728634733,1.1645054565562363,-0.04735557829227621,A-priori +0.25 Finance-Sentiment Tilt
2023-10-18,-0.008674981765482113,-0.008674981765482093,0.0,0.0,1.1597534078882707,-0.053807405499534444,1.1544033929548065,-0.055619751279578966,A-priori +0.25 Finance-Sentiment Tilt
2023-10-19,-0.011257870791516201,-0.011257870791516189,0.0,0.0,1.146697053872244,-0.0644595194723101,1.1414072687156334,-0.06625146209773347,A-priori +0.25 Finance-Sentiment Tilt
2023-10-20,-0.004587996257890699,-0.004587996257890747,0.0,0.0,1.141436012080144,-0.06875177569607638,1.1361704964380368,-0.07053549689543992,A-priori +0.25 Finance-Sentiment Tilt
2023-10-23,-0.002195932715240286,-0.002195932715240323,0.0,0.0,1.1389294953988636,-0.07079673413783494,1.1336755424748177,-0.07257653840546174,A-priori +0.25 Finance-Sentiment Tilt
2023-10-24,0.010163389408688536,0.01016338940868855,0.0,0.0,1.1505048793696433,-0.06135287950705259,1.1451975284760956,-0.06315077261852253,A-priori +0.25 Finance-Sentiment Tilt
2023-10-25,-0.007453611145537232,-0.00745361114553722,0.0,0.0,1.1419294633777788,-0.06834919014608531,1.1366616714140045,-0.07013368246142104,A-priori +0.25 Finance-Sentiment Tilt
2023-10-26,-0.0030155608464781537,-0.003015560846478138,0.0,0.0,1.138485905598577,-0.07115863985087034,1.1332339989819962,-0.07293775092104904,A-priori +0.25 Finance-Sentiment Tilt
2023-10-27,-0.011559479996207022,-0.01155947999620699,0.0,0.0,1.1253256005468466,-0.08189556297316392,1.1201344032397422,-0.08365410844451582,A-priori +0.25 Finance-Sentiment Tilt
2023-10-30,0.0081298862023319,0.008129886202331793,0.0,0.0,1.1344743696198631,-0.0744314783782799,1.1292409684693983,-0.07620432062419535,A-priori +0.25 Finance-Sentiment Tilt
2023-10-31,0.0036389411008052653,0.003638941100805315,0.0,0.0,1.138602655031283,-0.07106338904333898,1.1333502098422747,-0.07284268255776838,A-priori +0.25 Finance-Sentiment Tilt
2023-11-01,0.005609282094022923,0.0055310809586288645,0.07776492996503148,7.776492996503148e-05,1.144989398516357,-0.06585272154501742,1.1396188616073915,-0.06771450037361015,A-priori +0.25 Finance-Sentiment Tilt
2023-11-02,0.013051953396487402,0.013051953396487459,0.0,0.0,1.1599337467852648,-0.05366027480116731,1.1544931138788492,-0.05554635348026549,A-priori +0.25 Finance-Sentiment Tilt
2023-11-03,0.004132583683834323,0.004132583683834401,0.0,0.0,1.1647272700615585,-0.049749446693446275,1.1592641532843642,-0.051643319750520056,A-priori +0.25 Finance-Sentiment Tilt
2023-11-06,-0.004435046080599839,-0.004435046080599858,0.0,0.0,1.1595616509475042,-0.05396385168547646,1.1541227633449604,-0.05584932532827125,A-priori +0.25 Finance-Sentiment Tilt
2023-11-07,-0.0005480257288866665,-0.0005480257288866808,0.0,0.0,1.1589261813285547,-0.05448230383520958,1.1534902743763535,-0.056366744189937146,A-priori +0.25 Finance-Sentiment Tilt
2023-11-08,-0.005251662437562455,-0.0052516624375624765,0.0,0.0,1.1528398922341638,-0.05944784360420885,1.1474325328303177,-0.06132238751430963,A-priori +0.25 Finance-Sentiment Tilt
2023-11-09,-0.012255676421692271,-0.01225567642169223,0.0,0.0,1.1387110595489234,-0.07097494649072045,1.1333699709922265,-0.07282651659722084,A-priori +0.25 Finance-Sentiment Tilt
2023-11-10,0.005298393183950541,0.005298393183950534,0.0,0.0,1.1447443984653265,-0.06605260647948763,1.139375010721426,-0.06791398693241979,A-priori +0.25 Finance-Sentiment Tilt
2023-11-13,0.003329561708702595,0.0033295617087025775,0.0,0.0,1.1485558955807085,-0.06294297100007906,1.1431686301289767,-0.06481054903409267,A-priori +0.25 Finance-Sentiment Tilt
2023-11-14,0.011865750981714591,0.011865750981714607,0.0,0.0,1.1621843738262494,-0.051824085638300654,1.156733184424195,-0.05371382388820478,A-priori +0.25 Finance-Sentiment Tilt
2023-11-15,0.004369705801717257,0.004369705801717361,0.0,0.0,1.1672627776272233,-0.047680835844265634,1.1617877681312125,-0.049578831694364056,A-priori +0.25 Finance-Sentiment Tilt
2023-11-16,-0.017419758960889556,-0.017419758960889542,0.0,0.0,1.1469293413969386,-0.0642700061376944,1.141549705246657,-0.0661349393575753,A-priori +0.25 Finance-Sentiment Tilt
2023-11-17,-0.0009280940461612871,-0.0009280940461612319,0.0,0.0,1.1458648831038205,-0.06513845157381248,1.1404902397618204,-0.06700165396027558,A-priori +0.25 Finance-Sentiment Tilt
2023-11-20,0.004522327849782765,0.004522327849782792,0.0,0.0,1.1510468597767691,-0.0609107011576735,1.1456479105355006,-0.0627823295561789,A-priori +0.25 Finance-Sentiment Tilt
2023-11-21,0.0017343452814114375,0.0017343452814113647,0.0,0.0,1.1530431724667063,-0.05928199606340245,1.1476348595832966,-0.06115687051178942,A-priori +0.25 Finance-Sentiment Tilt
2023-11-22,-0.0002748522096838147,-0.00027485220968381796,0.0,0.0,1.152726256002893,-0.059540554485473796,1.14731942960623,-0.061414913620475686,A-priori +0.25 Finance-Sentiment Tilt
2023-11-24,0.0030449045127012558,0.0030449045127012297,0.0,0.0,1.1562361973817055,-0.05667694527581402,1.1508129077149478,-0.0585570116554045,A-priori +0.25 Finance-Sentiment Tilt
2023-11-27,0.0024650451241140753,0.0024650451241141624,0.0,0.0,1.1590863717823856,-0.05435161137930167,1.1536497134618782,-0.056236312207354255,A-priori +0.25 Finance-Sentiment Tilt
2023-11-28,0.004938315424139441,0.004938315424139361,0.0,0.0,1.1648103058900683,-0.0496817013559635,1.159346799635921,-0.05157570943118506,A-priori +0.25 Finance-Sentiment Tilt
2023-11-29,0.00040128987330801226,0.0004012898733081194,0.0,0.0,1.1652777324701469,-0.049300348246298364,1.1598120337662672,-0.05119511636778029,A-priori +0.25 Finance-Sentiment Tilt
2023-11-30,0.007851706705133217,0.007851706705133132,0.0,0.0,1.1744271514555251,-0.041835733416055954,1.1689185376884839,-0.04374537870110218,A-priori +0.25 Finance-Sentiment Tilt
2023-12-01,0.004981359121701057,0.004890202908469643,0.09070438213028784,9.070438213028784e-05,1.1802773948592016,-0.037062773106619984,1.174634786521252,-0.03906909957078886,A-priori +0.25 Finance-Sentiment Tilt
2023-12-04,0.004172192443154471,0.0041721924431543655,0.0,0.0,1.185201739286859,-0.03304521368534341,1.1795355889010424,-0.03505991092962446,A-priori +0.25 Finance-Sentiment Tilt
2023-12-05,0.003700735238644319,0.003700735238644226,0.0,0.0,1.1895878571283403,-0.029466770033453216,1.1839007378201234,-0.031488923138821234,A-priori +0.25 Finance-Sentiment Tilt
2023-12-06,-0.0019830951943238294,-0.001983095194323825,0.0,0.0,1.1872287911656432,-0.03139142981773135,1.181552949956396,-0.03340957280099399,A-priori +0.25 Finance-Sentiment Tilt
2023-12-07,-0.0043284099179282595,-0.0043284099179282665,0.0,0.0,1.1820899782911118,-0.03558396475949854,1.1764387044492473,-0.0375933723926567,A-priori +0.25 Finance-Sentiment Tilt
2023-12-08,-0.0003093550331425744,-0.0003093550331425554,0.0,0.0,1.1817242928067002,-0.03588231171404355,1.1760747672148422,-0.03789109772683685,A-priori +0.25 Finance-Sentiment Tilt
2023-12-11,0.004595584292203918,0.004595584292203858,0.0,0.0,1.1871550064044385,-0.031451627609920596,1.181479517941512,-0.033469645168160755,A-priori +0.25 Finance-Sentiment Tilt
2023-12-12,0.0031352355394085466,0.003135235539408532,0.0,0.0,1.1908770169713045,-0.02841500033116684,1.1851837345152456,-0.03043934484977473,A-priori +0.25 Finance-Sentiment Tilt
2023-12-13,0.020302351548845007,0.020302351548844966,0.0,0.0,1.2150546208212958,-0.008689540108305804,1.209245751343347,-0.010754983580986477,A-priori +0.25 Finance-Sentiment Tilt
2023-12-14,-0.0006775730929323108,-0.0006775730929322599,0.0,0.0,1.2142313325037843,-0.009361225402670592,1.208426398959494,-0.011425269386429404,A-priori +0.25 Finance-Sentiment Tilt
2023-12-15,-0.0062693022198263455,-0.006269302219826356,0.0,0.0,1.2066189493155357,-0.015571839271299681,1.2008504086540006,-0.01762294313952928,A-priori +0.25 Finance-Sentiment Tilt
2023-12-18,0.002080420980941766,0.002080420980941744,0.0,0.0,1.2091292246936935,-0.013523814271489853,1.203348683039137,-0.01557918529924085,A-priori +0.25 Finance-Sentiment Tilt
2023-12-19,0.004303222688426574,0.0043032226884265334,0.0,0.0,1.214332377006635,-0.00927878756747047,1.2085269603940791,-0.011343003314461253,A-priori +0.25 Finance-Sentiment Tilt
2023-12-20,-0.013367338115616698,-0.013367338115616745,0.0,0.0,1.1980999855384467,-0.022522092992369958,1.192372171892653,-0.024558715669526943,A-priori +0.25 Finance-Sentiment Tilt
2023-12-21,0.008364450187054702,0.008364450187054784,0.0,0.0,1.2081214331865942,-0.014346027730257949,1.2023457095288794,-0.01639968563634797,A-priori +0.25 Finance-Sentiment Tilt
2023-12-22,0.008989237728982382,0.008989237728982413,0.0,0.0,1.2189815239549875,-0.005485749855009381,1.2131538809442566,-0.0075578685802312195,A-priori +0.25 Finance-Sentiment Tilt
2023-12-26,0.001015801038748529,0.0010158010387484318,0.0,0.0,1.2202197666532362,-0.00447552124666184,1.2143862039166815,-0.006549744832237248,A-priori +0.25 Finance-Sentiment Tilt
2023-12-27,0.004303275584756891,0.00430327558475696,0.0,0.0,1.225470708583113,-0.00019150506321474747,1.2196120424184618,-0.002274654604503268,A-priori +0.25 Finance-Sentiment Tilt
2023-12-28,0.0018343664825361072,0.0018343664825362094,0.0,0.0,1.2277186709762677,0.0,1.2218492578707718,-0.00044446067213288476,A-priori +0.25 Finance-Sentiment Tilt
2023-12-29,-0.00040089159798302313,-0.0004008915979830663,0.0,0.0,1.2272264888763864,-0.0004008915979830663,1.2213594287692895,-0.000845174089566969,A-priori +0.25 Finance-Sentiment Tilt
